Code,PageURL,CandidateURL,DiscoveredVia,SourceFilename,IsWPThumbnail,ParentOriginalURL,HTTPStatus,MIMEType,Bytes,Width,Height,LongSide,SHA256,DuplicateOfURL,DuplicateHashGroupSize,Classification,ClassificationReason,VisualInspection,LocalPath,DownloadError,SelectedRole,SelectedPath,SelectedSHA256,ExactBytesPreserved,CodeProposedMainURL,CodeProposedGalleryURLs,CodeMaxCleanResolution,CodeSelectedCount,CodeRejectedCount,CodeRecommendation
GL304,https://theone.vn/san-pham/ghe-gl304,https://theone.vn/wp-content/uploads/2024/03/theonevn-GL304L11.jpg,html.regex,theonevn-GL304L11.jpg,false,,200,image/jpeg,46271,580,580,580,3bd4067c4de2e6e1291b4647bb5bc7265bfb30a3f31a4c0e2e3e83e36a01c43f,,1,LOW_RES_EXACT,"Visually clean exact-code original, but maximum edge is only 580px (below the 1000px package target).",VISUAL_INSPECTED,C:/Users/Admin/.codex/visualizations/2026/07/16/019f6a5a-f60f-72d3-8f66-398492e30693/v10-04-image-harvest/raw/GL304/001_theonevn-GL304L11.jpg,,MAIN,C:/Users/Admin/.codex/visualizations/2026/07/16/019f6a5a-f60f-72d3-8f66-398492e30693/v10-04-image-harvest/selected/GL304/main__theonevn-GL304L11.jpg,3bd4067c4de2e6e1291b4647bb5bc7265bfb30a3f31a4c0e2e3e83e36a01c43f,true,https://theone.vn/wp-content/uploads/2024/03/theonevn-GL304L11.jpg,https://theone.vn/wp-content/uploads/2024/03/theonevn-GL304L11_1.jpg | https://theone.vn/wp-content/uploads/2024/03/theonevn-GL304L11_2.jpg,580x580,3,16,USE_PROVISIONALLY_WITH_LOW_RES_DISCLOSURE; exact clean original only 580x580; never upscale.
GL304,https://theone.vn/san-pham/ghe-gl304,https://theone.vn/wp-content/uploads/2024/03/theonevn-GL304L11-300x300.jpg,html.regex,theonevn-GL304L11-300x300.jpg,true,https://theone.vn/wp-content/uploads/2024/03/theonevn-GL304L11.jpg,200,image/jpeg,8894,300,300,300,b2b3d4d3525079b1e70e63ed062056996a887c65e8c65a151a56ef18d977af98,,1,DUPLICATE,"WordPress resized derivative of an original attachment; inferior duplicate, not a separate gallery asset.",INFERRED_DERIVATIVE,C:/Users/Admin/.codex/visualizations/2026/07/16/019f6a5a-f60f-72d3-8f66-398492e30693/v10-04-image-harvest/raw/GL304/002_theonevn-GL304L11-300x300.jpg,,,,,false,https://theone.vn/wp-content/uploads/2024/03/theonevn-GL304L11.jpg,https://theone.vn/wp-content/uploads/2024/03/theonevn-GL304L11_1.jpg | https://theone.vn/wp-content/uploads/2024/03/theonevn-GL304L11_2.jpg,580x580,3,16,USE_PROVISIONALLY_WITH_LOW_RES_DISCLOSURE; exact clean original only 580x580; never upscale.
GL304,https://theone.vn/san-pham/ghe-gl304,https://theone.vn/wp-content/uploads/2024/03/theonevn-GL304L11-150x150.jpg,html.regex,theonevn-GL304L11-150x150.jpg,true,https://theone.vn/wp-content/uploads/2024/03/theonevn-GL304L11.jpg,200,image/jpeg,3454,150,150,150,41a03abd915963d9c067b0c2b6e9fdd7bff1330bba1dc9fb45b556e9340a0ecc,,1,DUPLICATE,"WordPress resized derivative of an original attachment; inferior duplicate, not a separate gallery asset.",INFERRED_DERIVATIVE,C:/Users/Admin/.codex/visualizations/2026/07/16/019f6a5a-f60f-72d3-8f66-398492e30693/v10-04-image-harvest/raw/GL304/003_theonevn-GL304L11-150x150.jpg,,,,,false,https://theone.vn/wp-content/uploads/2024/03/theonevn-GL304L11.jpg,https://theone.vn/wp-content/uploads/2024/03/theonevn-GL304L11_1.jpg | https://theone.vn/wp-content/uploads/2024/03/theonevn-GL304L11_2.jpg,580x580,3,16,USE_PROVISIONALLY_WITH_LOW_RES_DISCLOSURE; exact clean original only 580x580; never upscale.
GL304,https://theone.vn/san-pham/ghe-gl304,https://theone.vn/wp-content/uploads/2024/03/theonevn-GL304L11-500x500.jpg,html.regex,theonevn-GL304L11-500x500.jpg,true,https://theone.vn/wp-content/uploads/2024/03/theonevn-GL304L11.jpg,200,image/jpeg,19953,500,500,500,03a4a6fb78a2e1a127bccecce51d3b13a0ce068d8daf188aeefe6fe1b64af6d8,,1,DUPLICATE,"WordPress resized derivative of an original attachment; inferior duplicate, not a separate gallery asset.",INFERRED_DERIVATIVE,C:/Users/Admin/.codex/visualizations/2026/07/16/019f6a5a-f60f-72d3-8f66-398492e30693/v10-04-image-harvest/raw/GL304/004_theonevn-GL304L11-500x500.jpg,,,,,false,https://theone.vn/wp-content/uploads/2024/03/theonevn-GL304L11.jpg,https://theone.vn/wp-content/uploads/2024/03/theonevn-GL304L11_1.jpg | https://theone.vn/wp-content/uploads/2024/03/theonevn-GL304L11_2.jpg,580x580,3,16,USE_PROVISIONALLY_WITH_LOW_RES_DISCLOSURE; exact clean original only 580x580; never upscale.
GL304,https://theone.vn/san-pham/ghe-gl304,https://theone.vn/wp-content/uploads/2024/03/theonevn-GL304L11-100x100.jpg,html.regex,theonevn-GL304L11-100x100.jpg,true,https://theone.vn/wp-content/uploads/2024/03/theonevn-GL304L11.jpg,200,image/jpeg,2301,100,100,100,321a9d9bfeef86ac3c071eb1cd712e12fdb90e264c44e76d57ba7045709f1865,,1,DUPLICATE,"WordPress resized derivative of an original attachment; inferior duplicate, not a separate gallery asset.",INFERRED_DERIVATIVE,C:/Users/Admin/.codex/visualizations/2026/07/16/019f6a5a-f60f-72d3-8f66-398492e30693/v10-04-image-harvest/raw/GL304/005_theonevn-GL304L11-100x100.jpg,,,,,false,https://theone.vn/wp-content/uploads/2024/03/theonevn-GL304L11.jpg,https://theone.vn/wp-content/uploads/2024/03/theonevn-GL304L11_1.jpg | https://theone.vn/wp-content/uploads/2024/03/theonevn-GL304L11_2.jpg,580x580,3,16,USE_PROVISIONALLY_WITH_LOW_RES_DISCLOSURE; exact clean original only 580x580; never upscale.
GL304,https://theone.vn/san-pham/ghe-gl304,https://theone.vn/wp-content/uploads/2024/03/theonevn-GL304L11_1.jpg,html.regex,theonevn-GL304L11_1.jpg,false,,200,image/jpeg,46409,580,580,580,9d50d1b02e3c70dd44dff113bbdb7f6c8f6b16e389156eecc9f8d43bcef00447,,1,LOW_RES_EXACT,"Visually clean exact-code original, but maximum edge is only 580px (below the 1000px package target).",VISUAL_INSPECTED,C:/Users/Admin/.codex/visualizations/2026/07/16/019f6a5a-f60f-72d3-8f66-398492e30693/v10-04-image-harvest/raw/GL304/006_theonevn-GL304L11_1.jpg,,GALLERY_01,C:/Users/Admin/.codex/visualizations/2026/07/16/019f6a5a-f60f-72d3-8f66-398492e30693/v10-04-image-harvest/selected/GL304/gallery_01__theonevn-GL304L11_1.jpg,9d50d1b02e3c70dd44dff113bbdb7f6c8f6b16e389156eecc9f8d43bcef00447,true,https://theone.vn/wp-content/uploads/2024/03/theonevn-GL304L11.jpg,https://theone.vn/wp-content/uploads/2024/03/theonevn-GL304L11_1.jpg | https://theone.vn/wp-content/uploads/2024/03/theonevn-GL304L11_2.jpg,580x580,3,16,USE_PROVISIONALLY_WITH_LOW_RES_DISCLOSURE; exact clean original only 580x580; never upscale.
GL304,https://theone.vn/san-pham/ghe-gl304,https://theone.vn/wp-content/uploads/2024/03/theonevn-GL304L11_1-300x300.jpg,html.regex,theonevn-GL304L11_1-300x300.jpg,true,https://theone.vn/wp-content/uploads/2024/03/theonevn-GL304L11_1.jpg,200,image/jpeg,9190,300,300,300,e84d3525c78fa0de38b6320928316ca4939b31445e5c3441f484cebd304458b9,,1,DUPLICATE,"WordPress resized derivative of an original attachment; inferior duplicate, not a separate gallery asset.",INFERRED_DERIVATIVE,C:/Users/Admin/.codex/visualizations/2026/07/16/019f6a5a-f60f-72d3-8f66-398492e30693/v10-04-image-harvest/raw/GL304/007_theonevn-GL304L11_1-300x300.jpg,,,,,false,https://theone.vn/wp-content/uploads/2024/03/theonevn-GL304L11.jpg,https://theone.vn/wp-content/uploads/2024/03/theonevn-GL304L11_1.jpg | https://theone.vn/wp-content/uploads/2024/03/theonevn-GL304L11_2.jpg,580x580,3,16,USE_PROVISIONALLY_WITH_LOW_RES_DISCLOSURE; exact clean original only 580x580; never upscale.
GL304,https://theone.vn/san-pham/ghe-gl304,https://theone.vn/wp-content/uploads/2024/03/theonevn-GL304L11_1-150x150.jpg,html.regex,theonevn-GL304L11_1-150x150.jpg,true,https://theone.vn/wp-content/uploads/2024/03/theonevn-GL304L11_1.jpg,200,image/jpeg,3581,150,150,150,9e1bc673b19f57ce653bd2d3c04654a1119cc5900c9c31be4c821dcb736f9b37,,1,DUPLICATE,"WordPress resized derivative of an original attachment; inferior duplicate, not a separate gallery asset.",INFERRED_DERIVATIVE,C:/Users/Admin/.codex/visualizations/2026/07/16/019f6a5a-f60f-72d3-8f66-398492e30693/v10-04-image-harvest/raw/GL304/008_theonevn-GL304L11_1-150x150.jpg,,,,,false,https://theone.vn/wp-content/uploads/2024/03/theonevn-GL304L11.jpg,https://theone.vn/wp-content/uploads/2024/03/theonevn-GL304L11_1.jpg | https://theone.vn/wp-content/uploads/2024/03/theonevn-GL304L11_2.jpg,580x580,3,16,USE_PROVISIONALLY_WITH_LOW_RES_DISCLOSURE; exact clean original only 580x580; never upscale.
GL304,https://theone.vn/san-pham/ghe-gl304,https://theone.vn/wp-content/uploads/2024/03/theonevn-GL304L11_1-500x500.jpg,html.regex,theonevn-GL304L11_1-500x500.jpg,true,https://theone.vn/wp-content/uploads/2024/03/theonevn-GL304L11_1.jpg,200,image/jpeg,19891,500,500,500,64770412df7351e029ecdcbd75fd09c611342237545d214a99bbc48c4342336e,,1,DUPLICATE,"WordPress resized derivative of an original attachment; inferior duplicate, not a separate gallery asset.",INFERRED_DERIVATIVE,C:/Users/Admin/.codex/visualizations/2026/07/16/019f6a5a-f60f-72d3-8f66-398492e30693/v10-04-image-harvest/raw/GL304/009_theonevn-GL304L11_1-500x500.jpg,,,,,false,https://theone.vn/wp-content/uploads/2024/03/theonevn-GL304L11.jpg,https://theone.vn/wp-content/uploads/2024/03/theonevn-GL304L11_1.jpg | https://theone.vn/wp-content/uploads/2024/03/theonevn-GL304L11_2.jpg,580x580,3,16,USE_PROVISIONALLY_WITH_LOW_RES_DISCLOSURE; exact clean original only 580x580; never upscale.
GL304,https://theone.vn/san-pham/ghe-gl304,https://theone.vn/wp-content/uploads/2024/03/theonevn-GL304L11_1-100x100.jpg,html.regex,theonevn-GL304L11_1-100x100.jpg,true,https://theone.vn/wp-content/uploads/2024/03/theonevn-GL304L11_1.jpg,200,image/jpeg,2261,100,100,100,e138f48603109b49362fe6fa1ef658ad8b6673c4cadc07e081f1d282d6a82856,,1,DUPLICATE,"WordPress resized derivative of an original attachment; inferior duplicate, not a separate gallery asset.",INFERRED_DERIVATIVE,C:/Users/Admin/.codex/visualizations/2026/07/16/019f6a5a-f60f-72d3-8f66-398492e30693/v10-04-image-harvest/raw/GL304/010_theonevn-GL304L11_1-100x100.jpg,,,,,false,https://theone.vn/wp-content/uploads/2024/03/theonevn-GL304L11.jpg,https://theone.vn/wp-content/uploads/2024/03/theonevn-GL304L11_1.jpg | https://theone.vn/wp-content/uploads/2024/03/theonevn-GL304L11_2.jpg,580x580,3,16,USE_PROVISIONALLY_WITH_LOW_RES_DISCLOSURE; exact clean original only 580x580; never upscale.
GL304,https://theone.vn/san-pham/ghe-gl304,https://theone.vn/wp-content/uploads/2024/03/theonevn-GL304L11_2.jpg,html.regex,theonevn-GL304L11_2.jpg,false,,200,image/jpeg,34053,580,580,580,773ea7bc4b0114b64adc4f5b1547a6d1f78e2aaf4e8da340b8cd7cdc00ded590,,1,LOW_RES_EXACT,"Visually clean exact-code original, but maximum edge is only 580px (below the 1000px package target).",VISUAL_INSPECTED,C:/Users/Admin/.codex/visualizations/2026/07/16/019f6a5a-f60f-72d3-8f66-398492e30693/v10-04-image-harvest/raw/GL304/011_theonevn-GL304L11_2.jpg,,GALLERY_02,C:/Users/Admin/.codex/visualizations/2026/07/16/019f6a5a-f60f-72d3-8f66-398492e30693/v10-04-image-harvest/selected/GL304/gallery_02__theonevn-GL304L11_2.jpg,773ea7bc4b0114b64adc4f5b1547a6d1f78e2aaf4e8da340b8cd7cdc00ded590,true,https://theone.vn/wp-content/uploads/2024/03/theonevn-GL304L11.jpg,https://theone.vn/wp-content/uploads/2024/03/theonevn-GL304L11_1.jpg | https://theone.vn/wp-content/uploads/2024/03/theonevn-GL304L11_2.jpg,580x580,3,16,USE_PROVISIONALLY_WITH_LOW_RES_DISCLOSURE; exact clean original only 580x580; never upscale.
GL304,https://theone.vn/san-pham/ghe-gl304,https://theone.vn/wp-content/uploads/2024/03/theonevn-GL304L11_2-300x300.jpg,html.regex,theonevn-GL304L11_2-300x300.jpg,true,https://theone.vn/wp-content/uploads/2024/03/theonevn-GL304L11_2.jpg,200,image/jpeg,7791,300,300,300,204e991a2a0f6129ee82b78a05da312fc4c4fbf9e8b7217a73967ef92a145595,,1,DUPLICATE,"WordPress resized derivative of an original attachment; inferior duplicate, not a separate gallery asset.",INFERRED_DERIVATIVE,C:/Users/Admin/.codex/visualizations/2026/07/16/019f6a5a-f60f-72d3-8f66-398492e30693/v10-04-image-harvest/raw/GL304/012_theonevn-GL304L11_2-300x300.jpg,,,,,false,https://theone.vn/wp-content/uploads/2024/03/theonevn-GL304L11.jpg,https://theone.vn/wp-content/uploads/2024/03/theonevn-GL304L11_1.jpg | https://theone.vn/wp-content/uploads/2024/03/theonevn-GL304L11_2.jpg,580x580,3,16,USE_PROVISIONALLY_WITH_LOW_RES_DISCLOSURE; exact clean original only 580x580; never upscale.
GL304,https://theone.vn/san-pham/ghe-gl304,https://theone.vn/wp-content/uploads/2024/03/theonevn-GL304L11_2-150x150.jpg,html.regex,theonevn-GL304L11_2-150x150.jpg,true,https://theone.vn/wp-content/uploads/2024/03/theonevn-GL304L11_2.jpg,200,image/jpeg,3182,150,150,150,82fa843f4dc1a90c26f483dd500e04dddd5a5d96c0acc74c639f2010c98f5e13,,1,DUPLICATE,"WordPress resized derivative of an original attachment; inferior duplicate, not a separate gallery asset.",INFERRED_DERIVATIVE,C:/Users/Admin/.codex/visualizations/2026/07/16/019f6a5a-f60f-72d3-8f66-398492e30693/v10-04-image-harvest/raw/GL304/013_theonevn-GL304L11_2-150x150.jpg,,,,,false,https://theone.vn/wp-content/uploads/2024/03/theonevn-GL304L11.jpg,https://theone.vn/wp-content/uploads/2024/03/theonevn-GL304L11_1.jpg | https://theone.vn/wp-content/uploads/2024/03/theonevn-GL304L11_2.jpg,580x580,3,16,USE_PROVISIONALLY_WITH_LOW_RES_DISCLOSURE; exact clean original only 580x580; never upscale.
GL304,https://theone.vn/san-pham/ghe-gl304,https://theone.vn/wp-content/uploads/2024/03/theonevn-GL304L11_2-500x500.jpg,html.regex,theonevn-GL304L11_2-500x500.jpg,true,https://theone.vn/wp-content/uploads/2024/03/theonevn-GL304L11_2.jpg,200,image/jpeg,16099,500,500,500,8767625bec8f0c8880ff0b9b3f260adf27b888b585800b0dfa998a2ce52c9904,,1,DUPLICATE,"WordPress resized derivative of an original attachment; inferior duplicate, not a separate gallery asset.",INFERRED_DERIVATIVE,C:/Users/Admin/.codex/visualizations/2026/07/16/019f6a5a-f60f-72d3-8f66-398492e30693/v10-04-image-harvest/raw/GL304/014_theonevn-GL304L11_2-500x500.jpg,,,,,false,https://theone.vn/wp-content/uploads/2024/03/theonevn-GL304L11.jpg,https://theone.vn/wp-content/uploads/2024/03/theonevn-GL304L11_1.jpg | https://theone.vn/wp-content/uploads/2024/03/theonevn-GL304L11_2.jpg,580x580,3,16,USE_PROVISIONALLY_WITH_LOW_RES_DISCLOSURE; exact clean original only 580x580; never upscale.
GL304,https://theone.vn/san-pham/ghe-gl304,https://theone.vn/wp-content/uploads/2024/03/theonevn-GL304L11_2-100x100.jpg,html.regex,theonevn-GL304L11_2-100x100.jpg,true,https://theone.vn/wp-content/uploads/2024/03/theonevn-GL304L11_2.jpg,200,image/jpeg,2031,100,100,100,4bd74040df33d2dec2390da99b09c291f946d7cecf3a8c6f3cae94390d31363b,,1,DUPLICATE,"WordPress resized derivative of an original attachment; inferior duplicate, not a separate gallery asset.",INFERRED_DERIVATIVE,C:/Users/Admin/.codex/visualizations/2026/07/16/019f6a5a-f60f-72d3-8f66-398492e30693/v10-04-image-harvest/raw/GL304/015_theonevn-GL304L11_2-100x100.jpg,,,,,false,https://theone.vn/wp-content/uploads/2024/03/theonevn-GL304L11.jpg,https://theone.vn/wp-content/uploads/2024/03/theonevn-GL304L11_1.jpg | https://theone.vn/wp-content/uploads/2024/03/theonevn-GL304L11_2.jpg,580x580,3,16,USE_PROVISIONALLY_WITH_LOW_RES_DISCLOSURE; exact clean original only 580x580; never upscale.
GL304,https://theone.vn/san-pham/ghe-gl304,https://theone.vn/wp-content/uploads/2024/03/theone-800-GL304L11.jpg,html.regex,theone-800-GL304L11.jpg,false,,200,image/jpeg,103004,800,500,800,8d234b6498ef31204b94d34a4ace956e531cce34b7793d5b49a767717c8ae636,,1,SUPPLIER_LOGO,Branded marketing collage visibly contains THEONE.VN identity and/or phone number; diagonal watermark also present.,VISUAL_INSPECTED,C:/Users/Admin/.codex/visualizations/2026/07/16/019f6a5a-f60f-72d3-8f66-398492e30693/v10-04-image-harvest/raw/GL304/016_theone-800-GL304L11.jpg,,,,,false,https://theone.vn/wp-content/uploads/2024/03/theonevn-GL304L11.jpg,https://theone.vn/wp-content/uploads/2024/03/theonevn-GL304L11_1.jpg | https://theone.vn/wp-content/uploads/2024/03/theonevn-GL304L11_2.jpg,580x580,3,16,USE_PROVISIONALLY_WITH_LOW_RES_DISCLOSURE; exact clean original only 580x580; never upscale.
GL304,https://theone.vn/san-pham/ghe-gl304,https://theone.vn/wp-content/uploads/2024/03/theone-800-GL304L11-300x188.jpg,html.regex,theone-800-GL304L11-300x188.jpg,true,https://theone.vn/wp-content/uploads/2024/03/theone-800-GL304L11.jpg,200,image/jpeg,12605,300,188,300,d1a3b0f5d61dd4d51871b11756129acb8b11376c8cca973edbe4c0961184d81d,,1,DUPLICATE,"WordPress resized derivative of an original attachment; inferior duplicate, not a separate gallery asset.",INFERRED_DERIVATIVE,C:/Users/Admin/.codex/visualizations/2026/07/16/019f6a5a-f60f-72d3-8f66-398492e30693/v10-04-image-harvest/raw/GL304/017_theone-800-GL304L11-300x188.jpg,,,,,false,https://theone.vn/wp-content/uploads/2024/03/theonevn-GL304L11.jpg,https://theone.vn/wp-content/uploads/2024/03/theonevn-GL304L11_1.jpg | https://theone.vn/wp-content/uploads/2024/03/theonevn-GL304L11_2.jpg,580x580,3,16,USE_PROVISIONALLY_WITH_LOW_RES_DISCLOSURE; exact clean original only 580x580; never upscale.
GL304,https://theone.vn/san-pham/ghe-gl304,https://theone.vn/wp-content/uploads/2024/03/theone-800-GL304L11-768x480.jpg,html.regex,theone-800-GL304L11-768x480.jpg,true,https://theone.vn/wp-content/uploads/2024/03/theone-800-GL304L11.jpg,200,image/jpeg,47987,768,480,768,47a0ff8d0df5d809243d18bebc32c0aca768155c92e992b19a301661d76a97dd,,1,DUPLICATE,"WordPress resized derivative of an original attachment; inferior duplicate, not a separate gallery asset.",INFERRED_DERIVATIVE,C:/Users/Admin/.codex/visualizations/2026/07/16/019f6a5a-f60f-72d3-8f66-398492e30693/v10-04-image-harvest/raw/GL304/018_theone-800-GL304L11-768x480.jpg,,,,,false,https://theone.vn/wp-content/uploads/2024/03/theonevn-GL304L11.jpg,https://theone.vn/wp-content/uploads/2024/03/theonevn-GL304L11_1.jpg | https://theone.vn/wp-content/uploads/2024/03/theonevn-GL304L11_2.jpg,580x580,3,16,USE_PROVISIONALLY_WITH_LOW_RES_DISCLOSURE; exact clean original only 580x580; never upscale.
GL304,https://theone.vn/san-pham/ghe-gl304,https://theone.vn/wp-content/uploads/2024/03/theone-800-GL304L11-500x313.jpg,html.regex,theone-800-GL304L11-500x313.jpg,true,https://theone.vn/wp-content/uploads/2024/03/theone-800-GL304L11.jpg,200,image/jpeg,26114,500,313,500,e3b1734439a2b9140b2a1f43369ca7f8a4df5c3001db5fddb48256d76f27a622,,1,DUPLICATE,"WordPress resized derivative of an original attachment; inferior duplicate, not a separate gallery asset.",INFERRED_DERIVATIVE,C:/Users/Admin/.codex/visualizations/2026/07/16/019f6a5a-f60f-72d3-8f66-398492e30693/v10-04-image-harvest/raw/GL304/019_theone-800-GL304L11-500x313.jpg,,,,,false,https://theone.vn/wp-content/uploads/2024/03/theonevn-GL304L11.jpg,https://theone.vn/wp-content/uploads/2024/03/theonevn-GL304L11_1.jpg | https://theone.vn/wp-content/uploads/2024/03/theonevn-GL304L11_2.jpg,580x580,3,16,USE_PROVISIONALLY_WITH_LOW_RES_DISCLOSURE; exact clean original only 580x580; never upscale.
GL307,https://theone.vn/san-pham/ghe-gl307,https://theone.vn/wp-content/uploads/2024/03/theonevn-GL307L11LX13.jpg,html.regex,theonevn-GL307L11LX13.jpg,false,,200,image/jpeg,41978,580,580,580,07a1f193a1ed3f732323d0f35e9c735448614dba3ae94da68c21477f2706e908,,1,LOW_RES_EXACT,"Visually clean exact-code original, but maximum edge is only 580px (below the 1000px package target).",VISUAL_INSPECTED,C:/Users/Admin/.codex/visualizations/2026/07/16/019f6a5a-f60f-72d3-8f66-398492e30693/v10-04-image-harvest/raw/GL307/020_theonevn-GL307L11LX13.jpg,,MAIN,C:/Users/Admin/.codex/visualizations/2026/07/16/019f6a5a-f60f-72d3-8f66-398492e30693/v10-04-image-harvest/selected/GL307/main__theonevn-GL307L11LX13.jpg,07a1f193a1ed3f732323d0f35e9c735448614dba3ae94da68c21477f2706e908,true,https://theone.vn/wp-content/uploads/2024/03/theonevn-GL307L11LX13.jpg,,580x580,1,9,USE_PROVISIONALLY_WITH_LOW_RES_DISCLOSURE; exact clean original only 580x580; never upscale.
GL307,https://theone.vn/san-pham/ghe-gl307,https://theone.vn/wp-content/uploads/2024/03/theonevn-GL307L11LX13-300x300.jpg,html.regex,theonevn-GL307L11LX13-300x300.jpg,true,https://theone.vn/wp-content/uploads/2024/03/theonevn-GL307L11LX13.jpg,200,image/jpeg,9098,300,300,300,d0f5895b796bdfc10a7c24454abfb241f0865f8dcbe160fd749e2bb0ceaf1992,,1,DUPLICATE,"WordPress resized derivative of an original attachment; inferior duplicate, not a separate gallery asset.",INFERRED_DERIVATIVE,C:/Users/Admin/.codex/visualizations/2026/07/16/019f6a5a-f60f-72d3-8f66-398492e30693/v10-04-image-harvest/raw/GL307/021_theonevn-GL307L11LX13-300x300.jpg,,,,,false,https://theone.vn/wp-content/uploads/2024/03/theonevn-GL307L11LX13.jpg,,580x580,1,9,USE_PROVISIONALLY_WITH_LOW_RES_DISCLOSURE; exact clean original only 580x580; never upscale.
GL307,https://theone.vn/san-pham/ghe-gl307,https://theone.vn/wp-content/uploads/2024/03/theonevn-GL307L11LX13-150x150.jpg,html.regex,theonevn-GL307L11LX13-150x150.jpg,true,https://theone.vn/wp-content/uploads/2024/03/theonevn-GL307L11LX13.jpg,200,image/jpeg,3665,150,150,150,7760bf43448d14f086732406a76b7a21814bd6347534fc61bdc80703c2948aa8,,1,DUPLICATE,"WordPress resized derivative of an original attachment; inferior duplicate, not a separate gallery asset.",INFERRED_DERIVATIVE,C:/Users/Admin/.codex/visualizations/2026/07/16/019f6a5a-f60f-72d3-8f66-398492e30693/v10-04-image-harvest/raw/GL307/022_theonevn-GL307L11LX13-150x150.jpg,,,,,false,https://theone.vn/wp-content/uploads/2024/03/theonevn-GL307L11LX13.jpg,,580x580,1,9,USE_PROVISIONALLY_WITH_LOW_RES_DISCLOSURE; exact clean original only 580x580; never upscale.
GL307,https://theone.vn/san-pham/ghe-gl307,https://theone.vn/wp-content/uploads/2024/03/theonevn-GL307L11LX13-500x500.jpg,html.regex,theonevn-GL307L11LX13-500x500.jpg,true,https://theone.vn/wp-content/uploads/2024/03/theonevn-GL307L11LX13.jpg,200,image/jpeg,19383,500,500,500,919c69958be11007aa553907d1fb0e04f02964eb625ff01c721e4732df679487,,1,DUPLICATE,"WordPress resized derivative of an original attachment; inferior duplicate, not a separate gallery asset.",INFERRED_DERIVATIVE,C:/Users/Admin/.codex/visualizations/2026/07/16/019f6a5a-f60f-72d3-8f66-398492e30693/v10-04-image-harvest/raw/GL307/023_theonevn-GL307L11LX13-500x500.jpg,,,,,false,https://theone.vn/wp-content/uploads/2024/03/theonevn-GL307L11LX13.jpg,,580x580,1,9,USE_PROVISIONALLY_WITH_LOW_RES_DISCLOSURE; exact clean original only 580x580; never upscale.
GL307,https://theone.vn/san-pham/ghe-gl307,https://theone.vn/wp-content/uploads/2024/03/theonevn-GL307L11LX13-100x100.jpg,html.regex,theonevn-GL307L11LX13-100x100.jpg,true,https://theone.vn/wp-content/uploads/2024/03/theonevn-GL307L11LX13.jpg,200,image/jpeg,2404,100,100,100,53bdb2e36c4c7e3c2268d8f9f2421fd9510af48060d72cd3ca65a0d11e734af8,,1,DUPLICATE,"WordPress resized derivative of an original attachment; inferior duplicate, not a separate gallery asset.",INFERRED_DERIVATIVE,C:/Users/Admin/.codex/visualizations/2026/07/16/019f6a5a-f60f-72d3-8f66-398492e30693/v10-04-image-harvest/raw/GL307/024_theonevn-GL307L11LX13-100x100.jpg,,,,,false,https://theone.vn/wp-content/uploads/2024/03/theonevn-GL307L11LX13.jpg,,580x580,1,9,USE_PROVISIONALLY_WITH_LOW_RES_DISCLOSURE; exact clean original only 580x580; never upscale.
GL307,https://theone.vn/san-pham/ghe-gl307,https://theone.vn/wp-content/uploads/2024/03/theone-800-GL307L11LX13.jpg,html.regex,theone-800-GL307L11LX13.jpg,false,,200,image/jpeg,77410,800,500,800,7891ca78af16c42162ea6ca8427f5026e68cfee90cfb85eab59bd7dd04fd564f,,1,SUPPLIER_LOGO,Branded marketing collage visibly contains THEONE.VN identity and/or phone number; diagonal watermark also present.,VISUAL_INSPECTED,C:/Users/Admin/.codex/visualizations/2026/07/16/019f6a5a-f60f-72d3-8f66-398492e30693/v10-04-image-harvest/raw/GL307/025_theone-800-GL307L11LX13.jpg,,,,,false,https://theone.vn/wp-content/uploads/2024/03/theonevn-GL307L11LX13.jpg,,580x580,1,9,USE_PROVISIONALLY_WITH_LOW_RES_DISCLOSURE; exact clean original only 580x580; never upscale.
GL307,https://theone.vn/san-pham/ghe-gl307,https://theone.vn/wp-content/uploads/2024/03/theone-800-GL307L11LX13-300x188.jpg,html.regex,theone-800-GL307L11LX13-300x188.jpg,true,https://theone.vn/wp-content/uploads/2024/03/theone-800-GL307L11LX13.jpg,200,image/jpeg,9713,300,188,300,a7a381b75395d1a162b430035f901ffbddd444e4a6bae463738fe39812fd69f8,,1,DUPLICATE,"WordPress resized derivative of an original attachment; inferior duplicate, not a separate gallery asset.",INFERRED_DERIVATIVE,C:/Users/Admin/.codex/visualizations/2026/07/16/019f6a5a-f60f-72d3-8f66-398492e30693/v10-04-image-harvest/raw/GL307/026_theone-800-GL307L11LX13-300x188.jpg,,,,,false,https://theone.vn/wp-content/uploads/2024/03/theonevn-GL307L11LX13.jpg,,580x580,1,9,USE_PROVISIONALLY_WITH_LOW_RES_DISCLOSURE; exact clean original only 580x580; never upscale.
GL307,https://theone.vn/san-pham/ghe-gl307,https://theone.vn/wp-content/uploads/2024/03/theone-800-GL307L11LX13-768x480.jpg,html.regex,theone-800-GL307L11LX13-768x480.jpg,true,https://theone.vn/wp-content/uploads/2024/03/theone-800-GL307L11LX13.jpg,200,image/jpeg,35794,768,480,768,98d002dd8f33d1852a360111a2a00b900047c1393e4758d897cb4e3349b1e827,,1,DUPLICATE,"WordPress resized derivative of an original attachment; inferior duplicate, not a separate gallery asset.",INFERRED_DERIVATIVE,C:/Users/Admin/.codex/visualizations/2026/07/16/019f6a5a-f60f-72d3-8f66-398492e30693/v10-04-image-harvest/raw/GL307/027_theone-800-GL307L11LX13-768x480.jpg,,,,,false,https://theone.vn/wp-content/uploads/2024/03/theonevn-GL307L11LX13.jpg,,580x580,1,9,USE_PROVISIONALLY_WITH_LOW_RES_DISCLOSURE; exact clean original only 580x580; never upscale.
GL307,https://theone.vn/san-pham/ghe-gl307,https://theone.vn/wp-content/uploads/2024/03/theone-800-GL307L11LX13-500x313.jpg,html.regex,theone-800-GL307L11LX13-500x313.jpg,true,https://theone.vn/wp-content/uploads/2024/03/theone-800-GL307L11LX13.jpg,200,image/jpeg,19342,500,313,500,06a224da2939bcae56379f6accebe54806f5f2b74b43bc1b2e9a504259ede673,,1,DUPLICATE,"WordPress resized derivative of an original attachment; inferior duplicate, not a separate gallery asset.",INFERRED_DERIVATIVE,C:/Users/Admin/.codex/visualizations/2026/07/16/019f6a5a-f60f-72d3-8f66-398492e30693/v10-04-image-harvest/raw/GL307/028_theone-800-GL307L11LX13-500x313.jpg,,,,,false,https://theone.vn/wp-content/uploads/2024/03/theonevn-GL307L11LX13.jpg,,580x580,1,9,USE_PROVISIONALLY_WITH_LOW_RES_DISCLOSURE; exact clean original only 580x580; never upscale.
GL307,https://theone.vn/san-pham/ghe-gl307,"https://theone.vn/wp-content/uploads/2024/03/theonevn-GL307L11LX13.jpg&quot;,&quot;alt&quot;:&quot;&quot;,&quot;src&quot;:&quot;https://theone.vn/wp-content/uploads/2024/03/theonevn-GL307L11LX13.jpg&quot;,&quot;srcset&quot;:&quot;https://theone.vn/wp-content/uploads/2024/03/theonevn-GL307L11LX13.jpg",html.regex,theonevn-GL307L11LX13.jpg,false,,,,0,0,0,0,,,,REJECT,Malformed HTML-regex URL containing encoded quote payload; not a real attachment URL.,NOT_APPLICABLE,,MALFORMED_HTML_REGEX_URL,,,,false,https://theone.vn/wp-content/uploads/2024/03/theonevn-GL307L11LX13.jpg,,580x580,1,9,USE_PROVISIONALLY_WITH_LOW_RES_DISCLOSURE; exact clean original only 580x580; never upscale.
GL309,https://theone.vn/san-pham/ghe-gl309,https://theone.vn/wp-content/uploads/2024/03/theonevn-GL309.jpg,html.regex,theonevn-GL309.jpg,false,,200,image/jpeg,48410,580,580,580,40029d1fe9ee1d9c32cc1dc89a01657bb2c63a22c1aabed578457d3d37890877,,1,WATERMARK,"Exact product image, but repeated diagonal theone.vn watermark is visibly embedded in the pixels.",VISUAL_INSPECTED,C:/Users/Admin/.codex/visualizations/2026/07/16/019f6a5a-f60f-72d3-8f66-398492e30693/v10-04-image-harvest/raw/GL309/030_theonevn-GL309.jpg,,,,,false,,,NONE,0,20,"NO_CLEAN_EXACT; do not substitute, crop, blur, redraw, or upscale a rejected candidate."
GL309,https://theone.vn/san-pham/ghe-gl309,https://theone.vn/wp-content/uploads/2024/03/theonevn-GL309-300x300.jpg,html.regex,theonevn-GL309-300x300.jpg,true,https://theone.vn/wp-content/uploads/2024/03/theonevn-GL309.jpg,200,image/jpeg,9374,300,300,300,21f9ee43c78a4517e016e0248a502c6dd8e49fe678b182e7bd86335eb05287f0,,1,DUPLICATE,"WordPress resized derivative of an original attachment; inferior duplicate, not a separate gallery asset.",INFERRED_DERIVATIVE,C:/Users/Admin/.codex/visualizations/2026/07/16/019f6a5a-f60f-72d3-8f66-398492e30693/v10-04-image-harvest/raw/GL309/031_theonevn-GL309-300x300.jpg,,,,,false,,,NONE,0,20,"NO_CLEAN_EXACT; do not substitute, crop, blur, redraw, or upscale a rejected candidate."
GL309,https://theone.vn/san-pham/ghe-gl309,https://theone.vn/wp-content/uploads/2024/03/theonevn-GL309-150x150.jpg,html.regex,theonevn-GL309-150x150.jpg,true,https://theone.vn/wp-content/uploads/2024/03/theonevn-GL309.jpg,200,image/jpeg,3819,150,150,150,4a9e7518e0a886d1c3df43181ac34249a76d1e0b736b0a37b3b7ff060a8bdc33,,1,DUPLICATE,"WordPress resized derivative of an original attachment; inferior duplicate, not a separate gallery asset.",INFERRED_DERIVATIVE,C:/Users/Admin/.codex/visualizations/2026/07/16/019f6a5a-f60f-72d3-8f66-398492e30693/v10-04-image-harvest/raw/GL309/032_theonevn-GL309-150x150.jpg,,,,,false,,,NONE,0,20,"NO_CLEAN_EXACT; do not substitute, crop, blur, redraw, or upscale a rejected candidate."
GL309,https://theone.vn/san-pham/ghe-gl309,https://theone.vn/wp-content/uploads/2024/03/theonevn-GL309-500x500.jpg,html.regex,theonevn-GL309-500x500.jpg,true,https://theone.vn/wp-content/uploads/2024/03/theonevn-GL309.jpg,200,image/jpeg,20166,500,500,500,b12379a3d4a6afd9230a7569e1150a5cef2458e6e386b6cd590b1b751b36536b,,1,DUPLICATE,"WordPress resized derivative of an original attachment; inferior duplicate, not a separate gallery asset.",INFERRED_DERIVATIVE,C:/Users/Admin/.codex/visualizations/2026/07/16/019f6a5a-f60f-72d3-8f66-398492e30693/v10-04-image-harvest/raw/GL309/033_theonevn-GL309-500x500.jpg,,,,,false,,,NONE,0,20,"NO_CLEAN_EXACT; do not substitute, crop, blur, redraw, or upscale a rejected candidate."
GL309,https://theone.vn/san-pham/ghe-gl309,https://theone.vn/wp-content/uploads/2024/03/theonevn-GL309-100x100.jpg,html.regex,theonevn-GL309-100x100.jpg,true,https://theone.vn/wp-content/uploads/2024/03/theonevn-GL309.jpg,200,image/jpeg,2465,100,100,100,3963b4f5b1fb53e8f486ae7e323637131a753a7c6b497b230848435e3aa87939,,1,DUPLICATE,"WordPress resized derivative of an original attachment; inferior duplicate, not a separate gallery asset.",INFERRED_DERIVATIVE,C:/Users/Admin/.codex/visualizations/2026/07/16/019f6a5a-f60f-72d3-8f66-398492e30693/v10-04-image-harvest/raw/GL309/034_theonevn-GL309-100x100.jpg,,,,,false,,,NONE,0,20,"NO_CLEAN_EXACT; do not substitute, crop, blur, redraw, or upscale a rejected candidate."
GL309,https://theone.vn/san-pham/ghe-gl309,https://theone.vn/wp-content/uploads/2024/03/theonevn-GL309_1.jpg,html.regex,theonevn-GL309_1.jpg,false,,200,image/jpeg,50906,580,580,580,f62e9a20cf9fede95600f53c2508360287ca54470623ae0493929b31b1b512d3,,1,WATERMARK,"Exact product image, but repeated diagonal theone.vn watermark is visibly embedded in the pixels.",VISUAL_INSPECTED,C:/Users/Admin/.codex/visualizations/2026/07/16/019f6a5a-f60f-72d3-8f66-398492e30693/v10-04-image-harvest/raw/GL309/035_theonevn-GL309_1.jpg,,,,,false,,,NONE,0,20,"NO_CLEAN_EXACT; do not substitute, crop, blur, redraw, or upscale a rejected candidate."
GL309,https://theone.vn/san-pham/ghe-gl309,https://theone.vn/wp-content/uploads/2024/03/theonevn-GL309_1-300x300.jpg,html.regex,theonevn-GL309_1-300x300.jpg,true,https://theone.vn/wp-content/uploads/2024/03/theonevn-GL309_1.jpg,200,image/jpeg,9403,300,300,300,9651230053a2d0543951f400edd4a2f440e606f4f17ab78d0a637ed23f6b3239,,1,DUPLICATE,"WordPress resized derivative of an original attachment; inferior duplicate, not a separate gallery asset.",INFERRED_DERIVATIVE,C:/Users/Admin/.codex/visualizations/2026/07/16/019f6a5a-f60f-72d3-8f66-398492e30693/v10-04-image-harvest/raw/GL309/036_theonevn-GL309_1-300x300.jpg,,,,,false,,,NONE,0,20,"NO_CLEAN_EXACT; do not substitute, crop, blur, redraw, or upscale a rejected candidate."
GL309,https://theone.vn/san-pham/ghe-gl309,https://theone.vn/wp-content/uploads/2024/03/theonevn-GL309_1-150x150.jpg,html.regex,theonevn-GL309_1-150x150.jpg,true,https://theone.vn/wp-content/uploads/2024/03/theonevn-GL309_1.jpg,200,image/jpeg,3775,150,150,150,2c58f6b91089b07cd41beb76c0060e48fc55147dc0f09daace46ab4b6d2cf83f,,1,DUPLICATE,"WordPress resized derivative of an original attachment; inferior duplicate, not a separate gallery asset.",INFERRED_DERIVATIVE,C:/Users/Admin/.codex/visualizations/2026/07/16/019f6a5a-f60f-72d3-8f66-398492e30693/v10-04-image-harvest/raw/GL309/037_theonevn-GL309_1-150x150.jpg,,,,,false,,,NONE,0,20,"NO_CLEAN_EXACT; do not substitute, crop, blur, redraw, or upscale a rejected candidate."
GL309,https://theone.vn/san-pham/ghe-gl309,https://theone.vn/wp-content/uploads/2024/03/theonevn-GL309_1-500x500.jpg,html.regex,theonevn-GL309_1-500x500.jpg,true,https://theone.vn/wp-content/uploads/2024/03/theonevn-GL309_1.jpg,200,image/jpeg,20624,500,500,500,aacddff62c46346b51daf23e7ff7ab65ef12669c756b09f900796d86d6621d83,,1,DUPLICATE,"WordPress resized derivative of an original attachment; inferior duplicate, not a separate gallery asset.",INFERRED_DERIVATIVE,C:/Users/Admin/.codex/visualizations/2026/07/16/019f6a5a-f60f-72d3-8f66-398492e30693/v10-04-image-harvest/raw/GL309/038_theonevn-GL309_1-500x500.jpg,,,,,false,,,NONE,0,20,"NO_CLEAN_EXACT; do not substitute, crop, blur, redraw, or upscale a rejected candidate."
GL309,https://theone.vn/san-pham/ghe-gl309,https://theone.vn/wp-content/uploads/2024/03/theonevn-GL309_1-100x100.jpg,html.regex,theonevn-GL309_1-100x100.jpg,true,https://theone.vn/wp-content/uploads/2024/03/theonevn-GL309_1.jpg,200,image/jpeg,2373,100,100,100,5b7a2df37e9a0be20d8fea932d7e667586dc4b8a992be87749b82d15dd964731,,1,DUPLICATE,"WordPress resized derivative of an original attachment; inferior duplicate, not a separate gallery asset.",INFERRED_DERIVATIVE,C:/Users/Admin/.codex/visualizations/2026/07/16/019f6a5a-f60f-72d3-8f66-398492e30693/v10-04-image-harvest/raw/GL309/039_theonevn-GL309_1-100x100.jpg,,,,,false,,,NONE,0,20,"NO_CLEAN_EXACT; do not substitute, crop, blur, redraw, or upscale a rejected candidate."
GL309,https://theone.vn/san-pham/ghe-gl309,https://theone.vn/wp-content/uploads/2024/03/theonevn-GL309_2.jpg,html.regex,theonevn-GL309_2.jpg,false,,200,image/jpeg,39178,580,580,580,b0f204ad1ffb91e8b9c18cc2a692685f90458ae3b7f83ff205e906a843e178e7,,1,WATERMARK,"Exact product image, but repeated diagonal theone.vn watermark is visibly embedded in the pixels.",VISUAL_INSPECTED,C:/Users/Admin/.codex/visualizations/2026/07/16/019f6a5a-f60f-72d3-8f66-398492e30693/v10-04-image-harvest/raw/GL309/040_theonevn-GL309_2.jpg,,,,,false,,,NONE,0,20,"NO_CLEAN_EXACT; do not substitute, crop, blur, redraw, or upscale a rejected candidate."
GL309,https://theone.vn/san-pham/ghe-gl309,https://theone.vn/wp-content/uploads/2024/03/theonevn-GL309_2-300x300.jpg,html.regex,theonevn-GL309_2-300x300.jpg,true,https://theone.vn/wp-content/uploads/2024/03/theonevn-GL309_2.jpg,200,image/jpeg,8531,300,300,300,d575b2c7dcf8ebcaa57de7b7e0a9376d1ef4178e287863e85fa5fe0a123f48aa,,1,DUPLICATE,"WordPress resized derivative of an original attachment; inferior duplicate, not a separate gallery asset.",INFERRED_DERIVATIVE,C:/Users/Admin/.codex/visualizations/2026/07/16/019f6a5a-f60f-72d3-8f66-398492e30693/v10-04-image-harvest/raw/GL309/041_theonevn-GL309_2-300x300.jpg,,,,,false,,,NONE,0,20,"NO_CLEAN_EXACT; do not substitute, crop, blur, redraw, or upscale a rejected candidate."
GL309,https://theone.vn/san-pham/ghe-gl309,https://theone.vn/wp-content/uploads/2024/03/theonevn-GL309_2-150x150.jpg,html.regex,theonevn-GL309_2-150x150.jpg,true,https://theone.vn/wp-content/uploads/2024/03/theonevn-GL309_2.jpg,200,image/jpeg,3290,150,150,150,e6098494971fb3200eaeee88d8f9e7cea65fa0f5d51185bf54605e88e3c49e18,,1,DUPLICATE,"WordPress resized derivative of an original attachment; inferior duplicate, not a separate gallery asset.",INFERRED_DERIVATIVE,C:/Users/Admin/.codex/visualizations/2026/07/16/019f6a5a-f60f-72d3-8f66-398492e30693/v10-04-image-harvest/raw/GL309/042_theonevn-GL309_2-150x150.jpg,,,,,false,,,NONE,0,20,"NO_CLEAN_EXACT; do not substitute, crop, blur, redraw, or upscale a rejected candidate."
GL309,https://theone.vn/san-pham/ghe-gl309,https://theone.vn/wp-content/uploads/2024/03/theonevn-GL309_2-500x500.jpg,html.regex,theonevn-GL309_2-500x500.jpg,true,https://theone.vn/wp-content/uploads/2024/03/theonevn-GL309_2.jpg,200,image/jpeg,17896,500,500,500,b479aa49e86d9f0b7d162c020b9ef2c1bb052e7d7e01926f1f33bddebbf3825e,,1,DUPLICATE,"WordPress resized derivative of an original attachment; inferior duplicate, not a separate gallery asset.",INFERRED_DERIVATIVE,C:/Users/Admin/.codex/visualizations/2026/07/16/019f6a5a-f60f-72d3-8f66-398492e30693/v10-04-image-harvest/raw/GL309/043_theonevn-GL309_2-500x500.jpg,,,,,false,,,NONE,0,20,"NO_CLEAN_EXACT; do not substitute, crop, blur, redraw, or upscale a rejected candidate."
GL309,https://theone.vn/san-pham/ghe-gl309,https://theone.vn/wp-content/uploads/2024/03/theonevn-GL309_2-100x100.jpg,html.regex,theonevn-GL309_2-100x100.jpg,true,https://theone.vn/wp-content/uploads/2024/03/theonevn-GL309_2.jpg,200,image/jpeg,2145,100,100,100,05082c16a4bffbd9889ea480a74b5ee1b45e21d2675134b72f9c925ea011f26b,,1,DUPLICATE,"WordPress resized derivative of an original attachment; inferior duplicate, not a separate gallery asset.",INFERRED_DERIVATIVE,C:/Users/Admin/.codex/visualizations/2026/07/16/019f6a5a-f60f-72d3-8f66-398492e30693/v10-04-image-harvest/raw/GL309/044_theonevn-GL309_2-100x100.jpg,,,,,false,,,NONE,0,20,"NO_CLEAN_EXACT; do not substitute, crop, blur, redraw, or upscale a rejected candidate."
GL309,https://theone.vn/san-pham/ghe-gl309,https://theone.vn/wp-content/uploads/2024/03/theone-800-GL309.jpg,html.regex,theone-800-GL309.jpg,false,,200,image/jpeg,108846,800,500,800,ef2d054d3a4ce1e72b18b29b5e650f12bfededce7d8806ae89ae2f51c90647da,,1,SUPPLIER_LOGO,Branded marketing collage visibly contains THEONE.VN identity and/or phone number; diagonal watermark also present.,VISUAL_INSPECTED,C:/Users/Admin/.codex/visualizations/2026/07/16/019f6a5a-f60f-72d3-8f66-398492e30693/v10-04-image-harvest/raw/GL309/045_theone-800-GL309.jpg,,,,,false,,,NONE,0,20,"NO_CLEAN_EXACT; do not substitute, crop, blur, redraw, or upscale a rejected candidate."
GL309,https://theone.vn/san-pham/ghe-gl309,https://theone.vn/wp-content/uploads/2024/03/theone-800-GL309-300x188.jpg,html.regex,theone-800-GL309-300x188.jpg,true,https://theone.vn/wp-content/uploads/2024/03/theone-800-GL309.jpg,200,image/jpeg,14086,300,188,300,cdbcfb88c2935f4af0aec0d8e201b37a22cc8c6711a7494029149ab80dd4e095,,1,DUPLICATE,"WordPress resized derivative of an original attachment; inferior duplicate, not a separate gallery asset.",INFERRED_DERIVATIVE,C:/Users/Admin/.codex/visualizations/2026/07/16/019f6a5a-f60f-72d3-8f66-398492e30693/v10-04-image-harvest/raw/GL309/046_theone-800-GL309-300x188.jpg,,,,,false,,,NONE,0,20,"NO_CLEAN_EXACT; do not substitute, crop, blur, redraw, or upscale a rejected candidate."
GL309,https://theone.vn/san-pham/ghe-gl309,https://theone.vn/wp-content/uploads/2024/03/theone-800-GL309-768x480.jpg,html.regex,theone-800-GL309-768x480.jpg,true,https://theone.vn/wp-content/uploads/2024/03/theone-800-GL309.jpg,200,image/jpeg,51168,768,480,768,4017c01838ace7043c8a3c86d0fcec8eb62ee33f0a888cc19b5a0417910bf801,,1,DUPLICATE,"WordPress resized derivative of an original attachment; inferior duplicate, not a separate gallery asset.",INFERRED_DERIVATIVE,C:/Users/Admin/.codex/visualizations/2026/07/16/019f6a5a-f60f-72d3-8f66-398492e30693/v10-04-image-harvest/raw/GL309/047_theone-800-GL309-768x480.jpg,,,,,false,,,NONE,0,20,"NO_CLEAN_EXACT; do not substitute, crop, blur, redraw, or upscale a rejected candidate."
GL309,https://theone.vn/san-pham/ghe-gl309,https://theone.vn/wp-content/uploads/2024/03/theone-800-GL309-500x313.jpg,html.regex,theone-800-GL309-500x313.jpg,true,https://theone.vn/wp-content/uploads/2024/03/theone-800-GL309.jpg,200,image/jpeg,28157,500,313,500,c2035740d0f2d9d9ee6ebe1aa7d902c3e196b6530ab177d725ff12530470715d,,1,DUPLICATE,"WordPress resized derivative of an original attachment; inferior duplicate, not a separate gallery asset.",INFERRED_DERIVATIVE,C:/Users/Admin/.codex/visualizations/2026/07/16/019f6a5a-f60f-72d3-8f66-398492e30693/v10-04-image-harvest/raw/GL309/048_theone-800-GL309-500x313.jpg,,,,,false,,,NONE,0,20,"NO_CLEAN_EXACT; do not substitute, crop, blur, redraw, or upscale a rejected candidate."
GL309,https://theone.vn/san-pham/ghe-gl309,"https://theone.vn/wp-content/uploads/2024/03/theonevn-GL309.jpg&quot;,&quot;alt&quot;:&quot;&quot;,&quot;src&quot;:&quot;https://theone.vn/wp-content/uploads/2024/03/theonevn-GL309.jpg&quot;,&quot;srcset&quot;:&quot;https://theone.vn/wp-content/uploads/2024/03/theonevn-GL309.jpg",html.regex,theonevn-GL309.jpg,false,,,,0,0,0,0,,,,REJECT,Malformed HTML-regex URL containing encoded quote payload; not a real attachment URL.,NOT_APPLICABLE,,MALFORMED_HTML_REGEX_URL,,,,false,,,NONE,0,20,"NO_CLEAN_EXACT; do not substitute, crop, blur, redraw, or upscale a rejected candidate."
GL316,https://theone.vn/san-pham/ghe-gl316,https://theone.vn/wp-content/uploads/2022/12/theonevn-GL316.jpg,html.regex,theonevn-GL316.jpg,false,,200,image/jpeg,38584,580,580,580,98a57221ac6e58202a2186d2a9ee5c83c63e6bea350fa658ad619afc55c51d4f,,1,WATERMARK,"Exact product image, but repeated diagonal theone.vn watermark is visibly embedded in the pixels.",VISUAL_INSPECTED,C:/Users/Admin/.codex/visualizations/2026/07/16/019f6a5a-f60f-72d3-8f66-398492e30693/v10-04-image-harvest/raw/GL316/050_theonevn-GL316.jpg,,,,,false,,,NONE,0,19,"NO_CLEAN_EXACT; do not substitute, crop, blur, redraw, or upscale a rejected candidate."
GL316,https://theone.vn/san-pham/ghe-gl316,https://theone.vn/wp-content/uploads/2022/12/theonevn-GL316-300x300.jpg,html.regex,theonevn-GL316-300x300.jpg,true,https://theone.vn/wp-content/uploads/2022/12/theonevn-GL316.jpg,200,image/jpeg,8309,300,300,300,6241c75b61c826c56b6ea9c59fb004b64b2f4ac82c8171d608679c9202cd7210,,1,DUPLICATE,"WordPress resized derivative of an original attachment; inferior duplicate, not a separate gallery asset.",INFERRED_DERIVATIVE,C:/Users/Admin/.codex/visualizations/2026/07/16/019f6a5a-f60f-72d3-8f66-398492e30693/v10-04-image-harvest/raw/GL316/051_theonevn-GL316-300x300.jpg,,,,,false,,,NONE,0,19,"NO_CLEAN_EXACT; do not substitute, crop, blur, redraw, or upscale a rejected candidate."
GL316,https://theone.vn/san-pham/ghe-gl316,https://theone.vn/wp-content/uploads/2022/12/theonevn-GL316-150x150.jpg,html.regex,theonevn-GL316-150x150.jpg,true,https://theone.vn/wp-content/uploads/2022/12/theonevn-GL316.jpg,200,image/jpeg,3560,150,150,150,f1fcdec00dc6fa49c2cec1d11058b392cdd27878f7e54c8323693dca63a44c16,,1,DUPLICATE,"WordPress resized derivative of an original attachment; inferior duplicate, not a separate gallery asset.",INFERRED_DERIVATIVE,C:/Users/Admin/.codex/visualizations/2026/07/16/019f6a5a-f60f-72d3-8f66-398492e30693/v10-04-image-harvest/raw/GL316/052_theonevn-GL316-150x150.jpg,,,,,false,,,NONE,0,19,"NO_CLEAN_EXACT; do not substitute, crop, blur, redraw, or upscale a rejected candidate."
GL316,https://theone.vn/san-pham/ghe-gl316,https://theone.vn/wp-content/uploads/2022/12/theonevn-GL316-500x500.jpg,html.regex,theonevn-GL316-500x500.jpg,true,https://theone.vn/wp-content/uploads/2022/12/theonevn-GL316.jpg,200,image/jpeg,17322,500,500,500,a45d6b5e84d5d4dbb75de5320d1fe3175c4d5e65a0ccf0244a5704dbe31e2bc6,,1,DUPLICATE,"WordPress resized derivative of an original attachment; inferior duplicate, not a separate gallery asset.",INFERRED_DERIVATIVE,C:/Users/Admin/.codex/visualizations/2026/07/16/019f6a5a-f60f-72d3-8f66-398492e30693/v10-04-image-harvest/raw/GL316/053_theonevn-GL316-500x500.jpg,,,,,false,,,NONE,0,19,"NO_CLEAN_EXACT; do not substitute, crop, blur, redraw, or upscale a rejected candidate."
GL316,https://theone.vn/san-pham/ghe-gl316,https://theone.vn/wp-content/uploads/2022/12/theonevn-GL316-100x100.jpg,html.regex,theonevn-GL316-100x100.jpg,true,https://theone.vn/wp-content/uploads/2022/12/theonevn-GL316.jpg,200,image/jpeg,2329,100,100,100,8ce4edab43f4b20cd010f8d95961a443a46504b12b04e5786eef0a9f27da1642,,1,DUPLICATE,"WordPress resized derivative of an original attachment; inferior duplicate, not a separate gallery asset.",INFERRED_DERIVATIVE,C:/Users/Admin/.codex/visualizations/2026/07/16/019f6a5a-f60f-72d3-8f66-398492e30693/v10-04-image-harvest/raw/GL316/054_theonevn-GL316-100x100.jpg,,,,,false,,,NONE,0,19,"NO_CLEAN_EXACT; do not substitute, crop, blur, redraw, or upscale a rejected candidate."
GL316,https://theone.vn/san-pham/ghe-gl316,https://theone.vn/wp-content/uploads/2022/12/theonevn-GL316_1.jpg,html.regex,theonevn-GL316_1.jpg,false,,200,image/jpeg,36713,580,580,580,a80a79cd856a5c962cb7498203207f72e70cf1dd0e78353f73591892acd0ec4b,,1,WATERMARK,"Exact product image, but repeated diagonal theone.vn watermark is visibly embedded in the pixels.",VISUAL_INSPECTED,C:/Users/Admin/.codex/visualizations/2026/07/16/019f6a5a-f60f-72d3-8f66-398492e30693/v10-04-image-harvest/raw/GL316/055_theonevn-GL316_1.jpg,,,,,false,,,NONE,0,19,"NO_CLEAN_EXACT; do not substitute, crop, blur, redraw, or upscale a rejected candidate."
GL316,https://theone.vn/san-pham/ghe-gl316,https://theone.vn/wp-content/uploads/2022/12/theonevn-GL316_1-300x300.jpg,html.regex,theonevn-GL316_1-300x300.jpg,true,https://theone.vn/wp-content/uploads/2022/12/theonevn-GL316_1.jpg,200,image/jpeg,7460,300,300,300,ddfa81550898958b1101f6048e27d0244a07d7e4af94436571baa4c8b685ee71,,1,DUPLICATE,"WordPress resized derivative of an original attachment; inferior duplicate, not a separate gallery asset.",INFERRED_DERIVATIVE,C:/Users/Admin/.codex/visualizations/2026/07/16/019f6a5a-f60f-72d3-8f66-398492e30693/v10-04-image-harvest/raw/GL316/056_theonevn-GL316_1-300x300.jpg,,,,,false,,,NONE,0,19,"NO_CLEAN_EXACT; do not substitute, crop, blur, redraw, or upscale a rejected candidate."
GL316,https://theone.vn/san-pham/ghe-gl316,https://theone.vn/wp-content/uploads/2022/12/theonevn-GL316_1-150x150.jpg,html.regex,theonevn-GL316_1-150x150.jpg,true,https://theone.vn/wp-content/uploads/2022/12/theonevn-GL316_1.jpg,200,image/jpeg,3186,150,150,150,ab9d710cfccd1ba48c8c8999ec171d21318e4413dc0e34ca324a58906dfca386,,1,DUPLICATE,"WordPress resized derivative of an original attachment; inferior duplicate, not a separate gallery asset.",INFERRED_DERIVATIVE,C:/Users/Admin/.codex/visualizations/2026/07/16/019f6a5a-f60f-72d3-8f66-398492e30693/v10-04-image-harvest/raw/GL316/057_theonevn-GL316_1-150x150.jpg,,,,,false,,,NONE,0,19,"NO_CLEAN_EXACT; do not substitute, crop, blur, redraw, or upscale a rejected candidate."
GL316,https://theone.vn/san-pham/ghe-gl316,https://theone.vn/wp-content/uploads/2022/12/theonevn-GL316_1-500x500.jpg,html.regex,theonevn-GL316_1-500x500.jpg,true,https://theone.vn/wp-content/uploads/2022/12/theonevn-GL316_1.jpg,200,image/jpeg,15795,500,500,500,f43a83860651c84e7ac25cd986724d073aeaf0bf136f7bbdff5e495429375443,,1,DUPLICATE,"WordPress resized derivative of an original attachment; inferior duplicate, not a separate gallery asset.",INFERRED_DERIVATIVE,C:/Users/Admin/.codex/visualizations/2026/07/16/019f6a5a-f60f-72d3-8f66-398492e30693/v10-04-image-harvest/raw/GL316/058_theonevn-GL316_1-500x500.jpg,,,,,false,,,NONE,0,19,"NO_CLEAN_EXACT; do not substitute, crop, blur, redraw, or upscale a rejected candidate."
GL316,https://theone.vn/san-pham/ghe-gl316,https://theone.vn/wp-content/uploads/2022/12/theonevn-GL316_1-100x100.jpg,html.regex,theonevn-GL316_1-100x100.jpg,true,https://theone.vn/wp-content/uploads/2022/12/theonevn-GL316_1.jpg,200,image/jpeg,2170,100,100,100,0f397829b625b360fa9e9a3af6ab9e13e59d98f3362d3fd4014c0bc685faae63,,1,DUPLICATE,"WordPress resized derivative of an original attachment; inferior duplicate, not a separate gallery asset.",INFERRED_DERIVATIVE,C:/Users/Admin/.codex/visualizations/2026/07/16/019f6a5a-f60f-72d3-8f66-398492e30693/v10-04-image-harvest/raw/GL316/059_theonevn-GL316_1-100x100.jpg,,,,,false,,,NONE,0,19,"NO_CLEAN_EXACT; do not substitute, crop, blur, redraw, or upscale a rejected candidate."
GL316,https://theone.vn/san-pham/ghe-gl316,https://theone.vn/wp-content/uploads/2022/12/theonevn-GL316_2.jpg,html.regex,theonevn-GL316_2.jpg,false,,200,image/jpeg,42413,580,580,580,7f9515e9900d912e276783a61fcba1765a828b62d726ec947d8fa22f41e05f82,,1,WATERMARK,"Exact product image, but repeated diagonal theone.vn watermark is visibly embedded in the pixels.",VISUAL_INSPECTED,C:/Users/Admin/.codex/visualizations/2026/07/16/019f6a5a-f60f-72d3-8f66-398492e30693/v10-04-image-harvest/raw/GL316/060_theonevn-GL316_2.jpg,,,,,false,,,NONE,0,19,"NO_CLEAN_EXACT; do not substitute, crop, blur, redraw, or upscale a rejected candidate."
GL316,https://theone.vn/san-pham/ghe-gl316,https://theone.vn/wp-content/uploads/2022/12/theonevn-GL316_2-300x300.jpg,html.regex,theonevn-GL316_2-300x300.jpg,true,https://theone.vn/wp-content/uploads/2022/12/theonevn-GL316_2.jpg,200,image/jpeg,9052,300,300,300,925bb6d121af866ad15b83e51880e494669ae5f82310fa2b063fc9b49cfb4905,,1,DUPLICATE,"WordPress resized derivative of an original attachment; inferior duplicate, not a separate gallery asset.",INFERRED_DERIVATIVE,C:/Users/Admin/.codex/visualizations/2026/07/16/019f6a5a-f60f-72d3-8f66-398492e30693/v10-04-image-harvest/raw/GL316/061_theonevn-GL316_2-300x300.jpg,,,,,false,,,NONE,0,19,"NO_CLEAN_EXACT; do not substitute, crop, blur, redraw, or upscale a rejected candidate."
GL316,https://theone.vn/san-pham/ghe-gl316,https://theone.vn/wp-content/uploads/2022/12/theonevn-GL316_2-150x150.jpg,html.regex,theonevn-GL316_2-150x150.jpg,true,https://theone.vn/wp-content/uploads/2022/12/theonevn-GL316_2.jpg,200,image/jpeg,3747,150,150,150,5387cec3386cf47ff90af0d523660b6b268908379ca05a67673ee19f5a4d8eef,,1,DUPLICATE,"WordPress resized derivative of an original attachment; inferior duplicate, not a separate gallery asset.",INFERRED_DERIVATIVE,C:/Users/Admin/.codex/visualizations/2026/07/16/019f6a5a-f60f-72d3-8f66-398492e30693/v10-04-image-harvest/raw/GL316/062_theonevn-GL316_2-150x150.jpg,,,,,false,,,NONE,0,19,"NO_CLEAN_EXACT; do not substitute, crop, blur, redraw, or upscale a rejected candidate."
GL316,https://theone.vn/san-pham/ghe-gl316,https://theone.vn/wp-content/uploads/2022/12/theonevn-GL316_2-500x500.jpg,html.regex,theonevn-GL316_2-500x500.jpg,true,https://theone.vn/wp-content/uploads/2022/12/theonevn-GL316_2.jpg,200,image/jpeg,18264,500,500,500,fc0c1a9b2bf2cd71e3055903f67a1d941b10dbca6fc26c087f3d7ee5860128e5,,1,DUPLICATE,"WordPress resized derivative of an original attachment; inferior duplicate, not a separate gallery asset.",INFERRED_DERIVATIVE,C:/Users/Admin/.codex/visualizations/2026/07/16/019f6a5a-f60f-72d3-8f66-398492e30693/v10-04-image-harvest/raw/GL316/063_theonevn-GL316_2-500x500.jpg,,,,,false,,,NONE,0,19,"NO_CLEAN_EXACT; do not substitute, crop, blur, redraw, or upscale a rejected candidate."
GL316,https://theone.vn/san-pham/ghe-gl316,https://theone.vn/wp-content/uploads/2022/12/theonevn-GL316_2-100x100.jpg,html.regex,theonevn-GL316_2-100x100.jpg,true,https://theone.vn/wp-content/uploads/2022/12/theonevn-GL316_2.jpg,200,image/jpeg,2420,100,100,100,e9b3dc6ebe570623e47a158950dc28d55e4db61b9669f62d8bb3b76469b36047,,1,DUPLICATE,"WordPress resized derivative of an original attachment; inferior duplicate, not a separate gallery asset.",INFERRED_DERIVATIVE,C:/Users/Admin/.codex/visualizations/2026/07/16/019f6a5a-f60f-72d3-8f66-398492e30693/v10-04-image-harvest/raw/GL316/064_theonevn-GL316_2-100x100.jpg,,,,,false,,,NONE,0,19,"NO_CLEAN_EXACT; do not substitute, crop, blur, redraw, or upscale a rejected candidate."
GL316,https://theone.vn/san-pham/ghe-gl316,https://theone.vn/wp-content/uploads/2022/12/theone-800-GL316.jpg,html.regex,theone-800-GL316.jpg,false,,200,image/jpeg,101960,800,500,800,1d62074bda94e07ceba6e2ed69b66aebf46836d044aad5f62852e805c3e72fd1,,1,SUPPLIER_LOGO,Branded marketing collage visibly contains THEONE.VN identity and/or phone number; diagonal watermark also present.,VISUAL_INSPECTED,C:/Users/Admin/.codex/visualizations/2026/07/16/019f6a5a-f60f-72d3-8f66-398492e30693/v10-04-image-harvest/raw/GL316/065_theone-800-GL316.jpg,,,,,false,,,NONE,0,19,"NO_CLEAN_EXACT; do not substitute, crop, blur, redraw, or upscale a rejected candidate."
GL316,https://theone.vn/san-pham/ghe-gl316,https://theone.vn/wp-content/uploads/2022/12/theone-800-GL316-300x188.jpg,html.regex,theone-800-GL316-300x188.jpg,true,https://theone.vn/wp-content/uploads/2022/12/theone-800-GL316.jpg,200,image/jpeg,13409,300,188,300,3de75a587bbd51c5954a654bae2f2b685a44c93c9912c502f939f5ad1f5688f6,,1,DUPLICATE,"WordPress resized derivative of an original attachment; inferior duplicate, not a separate gallery asset.",INFERRED_DERIVATIVE,C:/Users/Admin/.codex/visualizations/2026/07/16/019f6a5a-f60f-72d3-8f66-398492e30693/v10-04-image-harvest/raw/GL316/066_theone-800-GL316-300x188.jpg,,,,,false,,,NONE,0,19,"NO_CLEAN_EXACT; do not substitute, crop, blur, redraw, or upscale a rejected candidate."
GL316,https://theone.vn/san-pham/ghe-gl316,https://theone.vn/wp-content/uploads/2022/12/theone-800-GL316-768x480.jpg,html.regex,theone-800-GL316-768x480.jpg,true,https://theone.vn/wp-content/uploads/2022/12/theone-800-GL316.jpg,200,image/jpeg,47849,768,480,768,2d5192e3b15374dc61bac393d968d163eb1a98c95c3e9a7be2f2515163e29499,,1,DUPLICATE,"WordPress resized derivative of an original attachment; inferior duplicate, not a separate gallery asset.",INFERRED_DERIVATIVE,C:/Users/Admin/.codex/visualizations/2026/07/16/019f6a5a-f60f-72d3-8f66-398492e30693/v10-04-image-harvest/raw/GL316/067_theone-800-GL316-768x480.jpg,,,,,false,,,NONE,0,19,"NO_CLEAN_EXACT; do not substitute, crop, blur, redraw, or upscale a rejected candidate."
GL316,https://theone.vn/san-pham/ghe-gl316,https://theone.vn/wp-content/uploads/2022/12/theone-800-GL316-500x313.jpg,html.regex,theone-800-GL316-500x313.jpg,true,https://theone.vn/wp-content/uploads/2022/12/theone-800-GL316.jpg,200,image/jpeg,26661,500,313,500,e49acf366b9e01d6254420fbabee1f301c1c934b5ad12a4096c24c679f1efcdc,,1,DUPLICATE,"WordPress resized derivative of an original attachment; inferior duplicate, not a separate gallery asset.",INFERRED_DERIVATIVE,C:/Users/Admin/.codex/visualizations/2026/07/16/019f6a5a-f60f-72d3-8f66-398492e30693/v10-04-image-harvest/raw/GL316/068_theone-800-GL316-500x313.jpg,,,,,false,,,NONE,0,19,"NO_CLEAN_EXACT; do not substitute, crop, blur, redraw, or upscale a rejected candidate."
GL317,https://theone.vn/san-pham/ghe-gl317,https://theone.vn/wp-content/uploads/2024/03/theonevn-GL317-1DP01.jpg,html.regex,theonevn-GL317-1DP01.jpg,false,,200,image/jpeg,39287,580,580,580,e1f1615f6b7807456dba3593ccbf4d107396b1f1f0f8c8b092ebfacbf010c244,,1,WATERMARK,"Exact product image, but repeated diagonal theone.vn watermark is visibly embedded in the pixels.",VISUAL_INSPECTED,C:/Users/Admin/.codex/visualizations/2026/07/16/019f6a5a-f60f-72d3-8f66-398492e30693/v10-04-image-harvest/raw/GL317/069_theonevn-GL317-1DP01.jpg,,,,,false,,,NONE,0,9,"NO_CLEAN_EXACT; do not substitute, crop, blur, redraw, or upscale a rejected candidate."
GL317,https://theone.vn/san-pham/ghe-gl317,https://theone.vn/wp-content/uploads/2024/03/theonevn-GL317-1DP01-300x300.jpg,html.regex,theonevn-GL317-1DP01-300x300.jpg,true,https://theone.vn/wp-content/uploads/2024/03/theonevn-GL317-1DP01.jpg,200,image/jpeg,8474,300,300,300,ec7f19c72fbef0ac3a94da7bec069f95d7e65e71bf2512711405c73fbd5f9224,,1,DUPLICATE,"WordPress resized derivative of an original attachment; inferior duplicate, not a separate gallery asset.",INFERRED_DERIVATIVE,C:/Users/Admin/.codex/visualizations/2026/07/16/019f6a5a-f60f-72d3-8f66-398492e30693/v10-04-image-harvest/raw/GL317/070_theonevn-GL317-1DP01-300x300.jpg,,,,,false,,,NONE,0,9,"NO_CLEAN_EXACT; do not substitute, crop, blur, redraw, or upscale a rejected candidate."
GL317,https://theone.vn/san-pham/ghe-gl317,https://theone.vn/wp-content/uploads/2024/03/theonevn-GL317-1DP01-150x150.jpg,html.regex,theonevn-GL317-1DP01-150x150.jpg,true,https://theone.vn/wp-content/uploads/2024/03/theonevn-GL317-1DP01.jpg,200,image/jpeg,3570,150,150,150,5f0225212bde684029ad459435efd1e3cb6fc976291f62e69932419f37bf1c8d,,1,DUPLICATE,"WordPress resized derivative of an original attachment; inferior duplicate, not a separate gallery asset.",INFERRED_DERIVATIVE,C:/Users/Admin/.codex/visualizations/2026/07/16/019f6a5a-f60f-72d3-8f66-398492e30693/v10-04-image-harvest/raw/GL317/071_theonevn-GL317-1DP01-150x150.jpg,,,,,false,,,NONE,0,9,"NO_CLEAN_EXACT; do not substitute, crop, blur, redraw, or upscale a rejected candidate."
GL317,https://theone.vn/san-pham/ghe-gl317,https://theone.vn/wp-content/uploads/2024/03/theonevn-GL317-1DP01-500x500.jpg,html.regex,theonevn-GL317-1DP01-500x500.jpg,true,https://theone.vn/wp-content/uploads/2024/03/theonevn-GL317-1DP01.jpg,200,image/jpeg,17516,500,500,500,d045d1f841a04bb56259df371aa9a7bd3619f0c5144cb20a4d7f2b29a4434297,,1,DUPLICATE,"WordPress resized derivative of an original attachment; inferior duplicate, not a separate gallery asset.",INFERRED_DERIVATIVE,C:/Users/Admin/.codex/visualizations/2026/07/16/019f6a5a-f60f-72d3-8f66-398492e30693/v10-04-image-harvest/raw/GL317/072_theonevn-GL317-1DP01-500x500.jpg,,,,,false,,,NONE,0,9,"NO_CLEAN_EXACT; do not substitute, crop, blur, redraw, or upscale a rejected candidate."
GL317,https://theone.vn/san-pham/ghe-gl317,https://theone.vn/wp-content/uploads/2024/03/theonevn-GL317-1DP01-100x100.jpg,html.regex,theonevn-GL317-1DP01-100x100.jpg,true,https://theone.vn/wp-content/uploads/2024/03/theonevn-GL317-1DP01.jpg,200,image/jpeg,2292,100,100,100,d07c73cf481dc09f1d068315121d8ba99bde4f379ba1bc1c3b365d83d5a56a58,,1,DUPLICATE,"WordPress resized derivative of an original attachment; inferior duplicate, not a separate gallery asset.",INFERRED_DERIVATIVE,C:/Users/Admin/.codex/visualizations/2026/07/16/019f6a5a-f60f-72d3-8f66-398492e30693/v10-04-image-harvest/raw/GL317/073_theonevn-GL317-1DP01-100x100.jpg,,,,,false,,,NONE,0,9,"NO_CLEAN_EXACT; do not substitute, crop, blur, redraw, or upscale a rejected candidate."
GL317,https://theone.vn/san-pham/ghe-gl317,https://theone.vn/wp-content/uploads/2024/03/theone-800-GL317-1DP01.jpg,html.regex,theone-800-GL317-1DP01.jpg,false,,200,image/jpeg,75315,800,500,800,28297d09d14926f81e16ddd0ac2b2f655d1d13aafcd11e6696e6a2760d856467,,1,SUPPLIER_LOGO,Branded marketing collage visibly contains THEONE.VN identity and/or phone number; diagonal watermark also present.,VISUAL_INSPECTED,C:/Users/Admin/.codex/visualizations/2026/07/16/019f6a5a-f60f-72d3-8f66-398492e30693/v10-04-image-harvest/raw/GL317/074_theone-800-GL317-1DP01.jpg,,,,,false,,,NONE,0,9,"NO_CLEAN_EXACT; do not substitute, crop, blur, redraw, or upscale a rejected candidate."
GL317,https://theone.vn/san-pham/ghe-gl317,https://theone.vn/wp-content/uploads/2024/03/theone-800-GL317-1DP01-300x188.jpg,html.regex,theone-800-GL317-1DP01-300x188.jpg,true,https://theone.vn/wp-content/uploads/2024/03/theone-800-GL317-1DP01.jpg,200,image/jpeg,9425,300,188,300,96901f4bbb3988d79369aaf6a39d79ce38a39827df4b73aeaec2d855122cc2ae,,1,DUPLICATE,"WordPress resized derivative of an original attachment; inferior duplicate, not a separate gallery asset.",INFERRED_DERIVATIVE,C:/Users/Admin/.codex/visualizations/2026/07/16/019f6a5a-f60f-72d3-8f66-398492e30693/v10-04-image-harvest/raw/GL317/075_theone-800-GL317-1DP01-300x188.jpg,,,,,false,,,NONE,0,9,"NO_CLEAN_EXACT; do not substitute, crop, blur, redraw, or upscale a rejected candidate."
GL317,https://theone.vn/san-pham/ghe-gl317,https://theone.vn/wp-content/uploads/2024/03/theone-800-GL317-1DP01-768x480.jpg,html.regex,theone-800-GL317-1DP01-768x480.jpg,true,https://theone.vn/wp-content/uploads/2024/03/theone-800-GL317-1DP01.jpg,200,image/jpeg,34395,768,480,768,f2b2cb97320eca66d9293d97536be405df3ca19f474777c7131e75a4bebaa7a5,,1,DUPLICATE,"WordPress resized derivative of an original attachment; inferior duplicate, not a separate gallery asset.",INFERRED_DERIVATIVE,C:/Users/Admin/.codex/visualizations/2026/07/16/019f6a5a-f60f-72d3-8f66-398492e30693/v10-04-image-harvest/raw/GL317/076_theone-800-GL317-1DP01-768x480.jpg,,,,,false,,,NONE,0,9,"NO_CLEAN_EXACT; do not substitute, crop, blur, redraw, or upscale a rejected candidate."
GL317,https://theone.vn/san-pham/ghe-gl317,https://theone.vn/wp-content/uploads/2024/03/theone-800-GL317-1DP01-500x313.jpg,html.regex,theone-800-GL317-1DP01-500x313.jpg,true,https://theone.vn/wp-content/uploads/2024/03/theone-800-GL317-1DP01.jpg,200,image/jpeg,18917,500,313,500,354959e58fa6c53cfeb5d816c8f42c62b68d486b73b514a16dbf8d13d4e5ead2,,1,DUPLICATE,"WordPress resized derivative of an original attachment; inferior duplicate, not a separate gallery asset.",INFERRED_DERIVATIVE,C:/Users/Admin/.codex/visualizations/2026/07/16/019f6a5a-f60f-72d3-8f66-398492e30693/v10-04-image-harvest/raw/GL317/077_theone-800-GL317-1DP01-500x313.jpg,,,,,false,,,NONE,0,9,"NO_CLEAN_EXACT; do not substitute, crop, blur, redraw, or upscale a rejected candidate."
GL320,https://theone.vn/san-pham/ghe-gl320,https://theone.vn/wp-content/uploads/2020/08/GL320-1.jpg,html.regex,GL320-1.jpg,false,,200,image/jpeg,53281,580,580,580,e52435247865baad6ec73dc941a8624b75b35728f2c6e34a86556d7330da55ee,,1,LOW_RES_EXACT,"Visually clean exact-code original, but maximum edge is only 580px (below the 1000px package target).",VISUAL_INSPECTED,C:/Users/Admin/.codex/visualizations/2026/07/16/019f6a5a-f60f-72d3-8f66-398492e30693/v10-04-image-harvest/raw/GL320/078_GL320-1.jpg,,MAIN,C:/Users/Admin/.codex/visualizations/2026/07/16/019f6a5a-f60f-72d3-8f66-398492e30693/v10-04-image-harvest/selected/GL320/main__GL320-1.jpg,e52435247865baad6ec73dc941a8624b75b35728f2c6e34a86556d7330da55ee,true,https://theone.vn/wp-content/uploads/2020/08/GL320-1.jpg,,580x580,1,4,USE_PROVISIONALLY_WITH_LOW_RES_DISCLOSURE; exact clean original only 580x580; never upscale.
GL320,https://theone.vn/san-pham/ghe-gl320,https://theone.vn/wp-content/uploads/2020/08/GL320-1-300x300.jpg,html.regex,GL320-1-300x300.jpg,true,https://theone.vn/wp-content/uploads/2020/08/GL320-1.jpg,200,image/jpeg,9833,300,300,300,1e8e99e4f816ee49d569817f66c0166736d14abb0adffcf3f74ae57f893d92dc,,1,DUPLICATE,"WordPress resized derivative of an original attachment; inferior duplicate, not a separate gallery asset.",INFERRED_DERIVATIVE,C:/Users/Admin/.codex/visualizations/2026/07/16/019f6a5a-f60f-72d3-8f66-398492e30693/v10-04-image-harvest/raw/GL320/079_GL320-1-300x300.jpg,,,,,false,https://theone.vn/wp-content/uploads/2020/08/GL320-1.jpg,,580x580,1,4,USE_PROVISIONALLY_WITH_LOW_RES_DISCLOSURE; exact clean original only 580x580; never upscale.
GL320,https://theone.vn/san-pham/ghe-gl320,https://theone.vn/wp-content/uploads/2020/08/GL320-1-150x150.jpg,html.regex,GL320-1-150x150.jpg,true,https://theone.vn/wp-content/uploads/2020/08/GL320-1.jpg,200,image/jpeg,4045,150,150,150,0add7e8d8fadf0d1b5af2a04ad0a0a2fc17f6ee8f57245c059dc6e633396bc2e,,1,DUPLICATE,"WordPress resized derivative of an original attachment; inferior duplicate, not a separate gallery asset.",INFERRED_DERIVATIVE,C:/Users/Admin/.codex/visualizations/2026/07/16/019f6a5a-f60f-72d3-8f66-398492e30693/v10-04-image-harvest/raw/GL320/080_GL320-1-150x150.jpg,,,,,false,https://theone.vn/wp-content/uploads/2020/08/GL320-1.jpg,,580x580,1,4,USE_PROVISIONALLY_WITH_LOW_RES_DISCLOSURE; exact clean original only 580x580; never upscale.
GL320,https://theone.vn/san-pham/ghe-gl320,https://theone.vn/wp-content/uploads/2020/08/GL320-1-500x500.jpg,html.regex,GL320-1-500x500.jpg,true,https://theone.vn/wp-content/uploads/2020/08/GL320-1.jpg,200,image/jpeg,20759,500,500,500,b4e46cdebeacf5dbb872e8ee1a849b0eca5c620be617ec3057a7addafaaad7e9,,1,DUPLICATE,"WordPress resized derivative of an original attachment; inferior duplicate, not a separate gallery asset.",INFERRED_DERIVATIVE,C:/Users/Admin/.codex/visualizations/2026/07/16/019f6a5a-f60f-72d3-8f66-398492e30693/v10-04-image-harvest/raw/GL320/081_GL320-1-500x500.jpg,,,,,false,https://theone.vn/wp-content/uploads/2020/08/GL320-1.jpg,,580x580,1,4,USE_PROVISIONALLY_WITH_LOW_RES_DISCLOSURE; exact clean original only 580x580; never upscale.
GL320,https://theone.vn/san-pham/ghe-gl320,https://theone.vn/wp-content/uploads/2020/08/GL320-1-100x100.jpg,html.regex,GL320-1-100x100.jpg,true,https://theone.vn/wp-content/uploads/2020/08/GL320-1.jpg,200,image/jpeg,2538,100,100,100,d14594d5195420c1ee4a262db55c7dc6b3b78d501f1af1e90fe270daddf3eba0,,1,DUPLICATE,"WordPress resized derivative of an original attachment; inferior duplicate, not a separate gallery asset.",INFERRED_DERIVATIVE,C:/Users/Admin/.codex/visualizations/2026/07/16/019f6a5a-f60f-72d3-8f66-398492e30693/v10-04-image-harvest/raw/GL320/082_GL320-1-100x100.jpg,,,,,false,https://theone.vn/wp-content/uploads/2020/08/GL320-1.jpg,,580x580,1,4,USE_PROVISIONALLY_WITH_LOW_RES_DISCLOSURE; exact clean original only 580x580; never upscale.
GL321,https://theone.vn/san-pham/ghe-gl321,https://theone.vn/wp-content/uploads/2020/08/GL321-1.jpg,html.regex,GL321-1.jpg,false,,200,image/jpeg,29407,580,580,580,775ed6d072b738cb2d9bac106e18b9e1244e10b0e540824825d1946a7bc49b7a,,1,LOW_RES_EXACT,"Visually clean exact-code original, but maximum edge is only 580px (below the 1000px package target).",VISUAL_INSPECTED,C:/Users/Admin/.codex/visualizations/2026/07/16/019f6a5a-f60f-72d3-8f66-398492e30693/v10-04-image-harvest/raw/GL321/083_GL321-1.jpg,,MAIN,C:/Users/Admin/.codex/visualizations/2026/07/16/019f6a5a-f60f-72d3-8f66-398492e30693/v10-04-image-harvest/selected/GL321/main__GL321-1.jpg,775ed6d072b738cb2d9bac106e18b9e1244e10b0e540824825d1946a7bc49b7a,true,https://theone.vn/wp-content/uploads/2020/08/GL321-1.jpg,,580x580,1,4,USE_PROVISIONALLY_WITH_LOW_RES_DISCLOSURE; exact clean original only 580x580; never upscale.
GL321,https://theone.vn/san-pham/ghe-gl321,https://theone.vn/wp-content/uploads/2020/08/GL321-1-300x300.jpg,html.regex,GL321-1-300x300.jpg,true,https://theone.vn/wp-content/uploads/2020/08/GL321-1.jpg,200,image/jpeg,9197,300,300,300,1af86401a9e7b86fac1d670b82757db105b832a4fe536db4ee8bd0b1e92b196c,,1,DUPLICATE,"WordPress resized derivative of an original attachment; inferior duplicate, not a separate gallery asset.",INFERRED_DERIVATIVE,C:/Users/Admin/.codex/visualizations/2026/07/16/019f6a5a-f60f-72d3-8f66-398492e30693/v10-04-image-harvest/raw/GL321/084_GL321-1-300x300.jpg,,,,,false,https://theone.vn/wp-content/uploads/2020/08/GL321-1.jpg,,580x580,1,4,USE_PROVISIONALLY_WITH_LOW_RES_DISCLOSURE; exact clean original only 580x580; never upscale.
GL321,https://theone.vn/san-pham/ghe-gl321,https://theone.vn/wp-content/uploads/2020/08/GL321-1-150x150.jpg,html.regex,GL321-1-150x150.jpg,true,https://theone.vn/wp-content/uploads/2020/08/GL321-1.jpg,200,image/jpeg,3817,150,150,150,d06fddce5396b7101771dc18cdefea42419c7e6075946022100d75042eaba977,,1,DUPLICATE,"WordPress resized derivative of an original attachment; inferior duplicate, not a separate gallery asset.",INFERRED_DERIVATIVE,C:/Users/Admin/.codex/visualizations/2026/07/16/019f6a5a-f60f-72d3-8f66-398492e30693/v10-04-image-harvest/raw/GL321/085_GL321-1-150x150.jpg,,,,,false,https://theone.vn/wp-content/uploads/2020/08/GL321-1.jpg,,580x580,1,4,USE_PROVISIONALLY_WITH_LOW_RES_DISCLOSURE; exact clean original only 580x580; never upscale.
GL321,https://theone.vn/san-pham/ghe-gl321,https://theone.vn/wp-content/uploads/2020/08/GL321-1-500x500.jpg,html.regex,GL321-1-500x500.jpg,true,https://theone.vn/wp-content/uploads/2020/08/GL321-1.jpg,200,image/jpeg,20109,500,500,500,e9042341698bdf672b61b3187a37df9bccda19b17bdb577b652f0dc17da1041c,,1,DUPLICATE,"WordPress resized derivative of an original attachment; inferior duplicate, not a separate gallery asset.",INFERRED_DERIVATIVE,C:/Users/Admin/.codex/visualizations/2026/07/16/019f6a5a-f60f-72d3-8f66-398492e30693/v10-04-image-harvest/raw/GL321/086_GL321-1-500x500.jpg,,,,,false,https://theone.vn/wp-content/uploads/2020/08/GL321-1.jpg,,580x580,1,4,USE_PROVISIONALLY_WITH_LOW_RES_DISCLOSURE; exact clean original only 580x580; never upscale.
GL321,https://theone.vn/san-pham/ghe-gl321,https://theone.vn/wp-content/uploads/2020/08/GL321-1-100x100.jpg,html.regex,GL321-1-100x100.jpg,true,https://theone.vn/wp-content/uploads/2020/08/GL321-1.jpg,200,image/jpeg,2548,100,100,100,95fd4111f95d241c35b1efee151d56a61a719c0e7a1bf0b8a801763d38069bc9,,1,DUPLICATE,"WordPress resized derivative of an original attachment; inferior duplicate, not a separate gallery asset.",INFERRED_DERIVATIVE,C:/Users/Admin/.codex/visualizations/2026/07/16/019f6a5a-f60f-72d3-8f66-398492e30693/v10-04-image-harvest/raw/GL321/087_GL321-1-100x100.jpg,,,,,false,https://theone.vn/wp-content/uploads/2020/08/GL321-1.jpg,,580x580,1,4,USE_PROVISIONALLY_WITH_LOW_RES_DISCLOSURE; exact clean original only 580x580; never upscale.
GL322,https://theone.vn/san-pham/ghe-gl322,https://theone.vn/wp-content/uploads/2020/08/GL322.jpg,html.regex,GL322.jpg,false,,200,image/jpeg,35423,580,580,580,eb2e591ebf38b6a9db08185b91b3108b30cf53ae8b91ec4a0dd9d496877ccfe9,,1,LOW_RES_EXACT,"Visually clean exact-code original, but maximum edge is only 580px (below the 1000px package target).",VISUAL_INSPECTED,C:/Users/Admin/.codex/visualizations/2026/07/16/019f6a5a-f60f-72d3-8f66-398492e30693/v10-04-image-harvest/raw/GL322/088_GL322.jpg,,MAIN,C:/Users/Admin/.codex/visualizations/2026/07/16/019f6a5a-f60f-72d3-8f66-398492e30693/v10-04-image-harvest/selected/GL322/main__GL322.jpg,eb2e591ebf38b6a9db08185b91b3108b30cf53ae8b91ec4a0dd9d496877ccfe9,true,https://theone.vn/wp-content/uploads/2020/08/GL322.jpg,,580x580,1,5,USE_PROVISIONALLY_WITH_LOW_RES_DISCLOSURE; exact clean original only 580x580; never upscale.
GL322,https://theone.vn/san-pham/ghe-gl322,https://theone.vn/wp-content/uploads/2020/08/GL322-300x300.jpg,html.regex,GL322-300x300.jpg,true,https://theone.vn/wp-content/uploads/2020/08/GL322.jpg,200,image/jpeg,10384,300,300,300,406e08f9134f1212c13b3b2e0b14e38deb4f22d09c692dd938affecd31ce6a1d,,1,DUPLICATE,"WordPress resized derivative of an original attachment; inferior duplicate, not a separate gallery asset.",INFERRED_DERIVATIVE,C:/Users/Admin/.codex/visualizations/2026/07/16/019f6a5a-f60f-72d3-8f66-398492e30693/v10-04-image-harvest/raw/GL322/089_GL322-300x300.jpg,,,,,false,https://theone.vn/wp-content/uploads/2020/08/GL322.jpg,,580x580,1,5,USE_PROVISIONALLY_WITH_LOW_RES_DISCLOSURE; exact clean original only 580x580; never upscale.
GL322,https://theone.vn/san-pham/ghe-gl322,https://theone.vn/wp-content/uploads/2020/08/GL322-150x150.jpg,html.regex,GL322-150x150.jpg,true,https://theone.vn/wp-content/uploads/2020/08/GL322.jpg,200,image/jpeg,4175,150,150,150,be21b3c5f099c809a5a5f4d13258b4f394bd98c062b2e8fecbd85ec56e11ca20,,1,DUPLICATE,"WordPress resized derivative of an original attachment; inferior duplicate, not a separate gallery asset.",INFERRED_DERIVATIVE,C:/Users/Admin/.codex/visualizations/2026/07/16/019f6a5a-f60f-72d3-8f66-398492e30693/v10-04-image-harvest/raw/GL322/090_GL322-150x150.jpg,,,,,false,https://theone.vn/wp-content/uploads/2020/08/GL322.jpg,,580x580,1,5,USE_PROVISIONALLY_WITH_LOW_RES_DISCLOSURE; exact clean original only 580x580; never upscale.
GL322,https://theone.vn/san-pham/ghe-gl322,https://theone.vn/wp-content/uploads/2020/08/GL322-500x500.jpg,html.regex,GL322-500x500.jpg,true,https://theone.vn/wp-content/uploads/2020/08/GL322.jpg,200,image/jpeg,22761,500,500,500,d6a721dfc677ef77fe02559516cda92a27cfb978abab2aa643cf354f87c71f37,,1,DUPLICATE,"WordPress resized derivative of an original attachment; inferior duplicate, not a separate gallery asset.",INFERRED_DERIVATIVE,C:/Users/Admin/.codex/visualizations/2026/07/16/019f6a5a-f60f-72d3-8f66-398492e30693/v10-04-image-harvest/raw/GL322/091_GL322-500x500.jpg,,,,,false,https://theone.vn/wp-content/uploads/2020/08/GL322.jpg,,580x580,1,5,USE_PROVISIONALLY_WITH_LOW_RES_DISCLOSURE; exact clean original only 580x580; never upscale.
GL322,https://theone.vn/san-pham/ghe-gl322,https://theone.vn/wp-content/uploads/2020/08/GL322-100x100.jpg,html.regex,GL322-100x100.jpg,true,https://theone.vn/wp-content/uploads/2020/08/GL322.jpg,200,image/jpeg,2679,100,100,100,1e0d5f6393ee38bea4dd6cd607e33a0fbf08f38e8f887d3f9a176cf2600a68dc,,1,DUPLICATE,"WordPress resized derivative of an original attachment; inferior duplicate, not a separate gallery asset.",INFERRED_DERIVATIVE,C:/Users/Admin/.codex/visualizations/2026/07/16/019f6a5a-f60f-72d3-8f66-398492e30693/v10-04-image-harvest/raw/GL322/092_GL322-100x100.jpg,,,,,false,https://theone.vn/wp-content/uploads/2020/08/GL322.jpg,,580x580,1,5,USE_PROVISIONALLY_WITH_LOW_RES_DISCLOSURE; exact clean original only 580x580; never upscale.
GL322,https://theone.vn/san-pham/ghe-gl322,"https://theone.vn/wp-content/uploads/2020/08/GL322.jpg&quot;,&quot;srcset&quot;:&quot;https://theone.vn/wp-content/uploads/2020/08/GL322.jpg",html.regex,GL322.jpg,false,,,,0,0,0,0,,,,REJECT,Malformed HTML-regex URL containing encoded quote payload; not a real attachment URL.,NOT_APPLICABLE,,MALFORMED_HTML_REGEX_URL,,,,false,https://theone.vn/wp-content/uploads/2020/08/GL322.jpg,,580x580,1,5,USE_PROVISIONALLY_WITH_LOW_RES_DISCLOSURE; exact clean original only 580x580; never upscale.
GL323,https://theone.vn/san-pham/ghe-gl323,https://theone.vn/wp-content/uploads/2020/08/GL323.jpg,html.regex,GL323.jpg,false,,200,image/jpeg,37352,580,580,580,1ccda0439fb2ea24035b9824836a4d1c10fb4e7ee9d99c27636398aae736bad0,,1,LOW_RES_EXACT,"Visually clean exact-code original, but maximum edge is only 580px (below the 1000px package target).",VISUAL_INSPECTED,C:/Users/Admin/.codex/visualizations/2026/07/16/019f6a5a-f60f-72d3-8f66-398492e30693/v10-04-image-harvest/raw/GL323/094_GL323.jpg,,MAIN,C:/Users/Admin/.codex/visualizations/2026/07/16/019f6a5a-f60f-72d3-8f66-398492e30693/v10-04-image-harvest/selected/GL323/main__GL323.jpg,1ccda0439fb2ea24035b9824836a4d1c10fb4e7ee9d99c27636398aae736bad0,true,https://theone.vn/wp-content/uploads/2020/08/GL323.jpg,,580x580,1,4,USE_PROVISIONALLY_WITH_LOW_RES_DISCLOSURE; exact clean original only 580x580; never upscale.
GL323,https://theone.vn/san-pham/ghe-gl323,https://theone.vn/wp-content/uploads/2020/08/GL323-300x300.jpg,html.regex,GL323-300x300.jpg,true,https://theone.vn/wp-content/uploads/2020/08/GL323.jpg,200,image/jpeg,11157,300,300,300,45fbbc73fe873f445a4757acfe4060dde6c64f764feddff5099e337a7ce79d49,,1,DUPLICATE,"WordPress resized derivative of an original attachment; inferior duplicate, not a separate gallery asset.",INFERRED_DERIVATIVE,C:/Users/Admin/.codex/visualizations/2026/07/16/019f6a5a-f60f-72d3-8f66-398492e30693/v10-04-image-harvest/raw/GL323/095_GL323-300x300.jpg,,,,,false,https://theone.vn/wp-content/uploads/2020/08/GL323.jpg,,580x580,1,4,USE_PROVISIONALLY_WITH_LOW_RES_DISCLOSURE; exact clean original only 580x580; never upscale.
GL323,https://theone.vn/san-pham/ghe-gl323,https://theone.vn/wp-content/uploads/2020/08/GL323-150x150.jpg,html.regex,GL323-150x150.jpg,true,https://theone.vn/wp-content/uploads/2020/08/GL323.jpg,200,image/jpeg,4448,150,150,150,712dcb29d44a813fda0c5e97709bc2c1de3484bd3399031fadd8c1445a4df8be,,1,DUPLICATE,"WordPress resized derivative of an original attachment; inferior duplicate, not a separate gallery asset.",INFERRED_DERIVATIVE,C:/Users/Admin/.codex/visualizations/2026/07/16/019f6a5a-f60f-72d3-8f66-398492e30693/v10-04-image-harvest/raw/GL323/096_GL323-150x150.jpg,,,,,false,https://theone.vn/wp-content/uploads/2020/08/GL323.jpg,,580x580,1,4,USE_PROVISIONALLY_WITH_LOW_RES_DISCLOSURE; exact clean original only 580x580; never upscale.
GL323,https://theone.vn/san-pham/ghe-gl323,https://theone.vn/wp-content/uploads/2020/08/GL323-500x500.jpg,html.regex,GL323-500x500.jpg,true,https://theone.vn/wp-content/uploads/2020/08/GL323.jpg,200,image/jpeg,23813,500,500,500,5aa07bdc0e5832f45a27c9a8b6e5cab0df90f8bcfe225fd8c1f429a8903b2847,,1,DUPLICATE,"WordPress resized derivative of an original attachment; inferior duplicate, not a separate gallery asset.",INFERRED_DERIVATIVE,C:/Users/Admin/.codex/visualizations/2026/07/16/019f6a5a-f60f-72d3-8f66-398492e30693/v10-04-image-harvest/raw/GL323/097_GL323-500x500.jpg,,,,,false,https://theone.vn/wp-content/uploads/2020/08/GL323.jpg,,580x580,1,4,USE_PROVISIONALLY_WITH_LOW_RES_DISCLOSURE; exact clean original only 580x580; never upscale.
GL323,https://theone.vn/san-pham/ghe-gl323,https://theone.vn/wp-content/uploads/2020/08/GL323-100x100.jpg,html.regex,GL323-100x100.jpg,true,https://theone.vn/wp-content/uploads/2020/08/GL323.jpg,200,image/jpeg,2810,100,100,100,58063b2e30ec54d468f9cf878e2cdfc749ecf7198a0ecf50e377c06a8c5ba65b,,1,DUPLICATE,"WordPress resized derivative of an original attachment; inferior duplicate, not a separate gallery asset.",INFERRED_DERIVATIVE,C:/Users/Admin/.codex/visualizations/2026/07/16/019f6a5a-f60f-72d3-8f66-398492e30693/v10-04-image-harvest/raw/GL323/098_GL323-100x100.jpg,,,,,false,https://theone.vn/wp-content/uploads/2020/08/GL323.jpg,,580x580,1,4,USE_PROVISIONALLY_WITH_LOW_RES_DISCLOSURE; exact clean original only 580x580; never upscale.
GL324,https://theone.vn/san-pham/ghe-gl324,https://theone.vn/wp-content/uploads/2020/08/theonevn-GL324.jpg,html.regex,theonevn-GL324.jpg,false,,200,image/jpeg,45159,580,580,580,922124ec1ff4b0e5839a4391eaade63e7ec76bbe7fa1038487295c12acdfb955,,1,WATERMARK,"Exact product image, but repeated diagonal theone.vn watermark is visibly embedded in the pixels.",VISUAL_INSPECTED,C:/Users/Admin/.codex/visualizations/2026/07/16/019f6a5a-f60f-72d3-8f66-398492e30693/v10-04-image-harvest/raw/GL324/099_theonevn-GL324.jpg,,,,,false,,,NONE,0,20,"NO_CLEAN_EXACT; do not substitute, crop, blur, redraw, or upscale a rejected candidate."
GL324,https://theone.vn/san-pham/ghe-gl324,https://theone.vn/wp-content/uploads/2020/08/theonevn-GL324-300x300.jpg,html.regex,theonevn-GL324-300x300.jpg,true,https://theone.vn/wp-content/uploads/2020/08/theonevn-GL324.jpg,200,image/jpeg,9021,300,300,300,f0daf919d6577daac2bbbea8053f9407758d25535103f782527bf973d70268a7,,1,DUPLICATE,"WordPress resized derivative of an original attachment; inferior duplicate, not a separate gallery asset.",INFERRED_DERIVATIVE,C:/Users/Admin/.codex/visualizations/2026/07/16/019f6a5a-f60f-72d3-8f66-398492e30693/v10-04-image-harvest/raw/GL324/100_theonevn-GL324-300x300.jpg,,,,,false,,,NONE,0,20,"NO_CLEAN_EXACT; do not substitute, crop, blur, redraw, or upscale a rejected candidate."
GL324,https://theone.vn/san-pham/ghe-gl324,https://theone.vn/wp-content/uploads/2020/08/theonevn-GL324-150x150.jpg,html.regex,theonevn-GL324-150x150.jpg,true,https://theone.vn/wp-content/uploads/2020/08/theonevn-GL324.jpg,200,image/jpeg,3828,150,150,150,3004d1ad26280e9d8de0550d590665262aa21d2621f7446e99aea4dd46e4f602,,1,DUPLICATE,"WordPress resized derivative of an original attachment; inferior duplicate, not a separate gallery asset.",INFERRED_DERIVATIVE,C:/Users/Admin/.codex/visualizations/2026/07/16/019f6a5a-f60f-72d3-8f66-398492e30693/v10-04-image-harvest/raw/GL324/101_theonevn-GL324-150x150.jpg,,,,,false,,,NONE,0,20,"NO_CLEAN_EXACT; do not substitute, crop, blur, redraw, or upscale a rejected candidate."
GL324,https://theone.vn/san-pham/ghe-gl324,https://theone.vn/wp-content/uploads/2020/08/theonevn-GL324-500x500.jpg,html.regex,theonevn-GL324-500x500.jpg,true,https://theone.vn/wp-content/uploads/2020/08/theonevn-GL324.jpg,200,image/jpeg,19345,500,500,500,5eba9ac53c58919ac4f1817bf8118a60dcd4469a822dfdfb2fbd3bd610f5be08,,1,DUPLICATE,"WordPress resized derivative of an original attachment; inferior duplicate, not a separate gallery asset.",INFERRED_DERIVATIVE,C:/Users/Admin/.codex/visualizations/2026/07/16/019f6a5a-f60f-72d3-8f66-398492e30693/v10-04-image-harvest/raw/GL324/102_theonevn-GL324-500x500.jpg,,,,,false,,,NONE,0,20,"NO_CLEAN_EXACT; do not substitute, crop, blur, redraw, or upscale a rejected candidate."
GL324,https://theone.vn/san-pham/ghe-gl324,https://theone.vn/wp-content/uploads/2020/08/theonevn-GL324-100x100.jpg,html.regex,theonevn-GL324-100x100.jpg,true,https://theone.vn/wp-content/uploads/2020/08/theonevn-GL324.jpg,200,image/jpeg,2421,100,100,100,94f31dc8b62b1488ddde59a104f1f325959143f3a4799f90194e570bb122e292,,1,DUPLICATE,"WordPress resized derivative of an original attachment; inferior duplicate, not a separate gallery asset.",INFERRED_DERIVATIVE,C:/Users/Admin/.codex/visualizations/2026/07/16/019f6a5a-f60f-72d3-8f66-398492e30693/v10-04-image-harvest/raw/GL324/103_theonevn-GL324-100x100.jpg,,,,,false,,,NONE,0,20,"NO_CLEAN_EXACT; do not substitute, crop, blur, redraw, or upscale a rejected candidate."
GL324,https://theone.vn/san-pham/ghe-gl324,https://theone.vn/wp-content/uploads/2020/08/theonevn-GL324_1.jpg,html.regex,theonevn-GL324_1.jpg,false,,200,image/jpeg,50891,580,580,580,3af31e09aba4883e677ac6114e2bf5ccb6c96362c257373a1d012000b8c7fbe9,,1,WATERMARK,"Exact product image, but repeated diagonal theone.vn watermark is visibly embedded in the pixels.",VISUAL_INSPECTED,C:/Users/Admin/.codex/visualizations/2026/07/16/019f6a5a-f60f-72d3-8f66-398492e30693/v10-04-image-harvest/raw/GL324/104_theonevn-GL324_1.jpg,,,,,false,,,NONE,0,20,"NO_CLEAN_EXACT; do not substitute, crop, blur, redraw, or upscale a rejected candidate."
GL324,https://theone.vn/san-pham/ghe-gl324,https://theone.vn/wp-content/uploads/2020/08/theonevn-GL324_1-300x300.jpg,html.regex,theonevn-GL324_1-300x300.jpg,true,https://theone.vn/wp-content/uploads/2020/08/theonevn-GL324_1.jpg,200,image/jpeg,9027,300,300,300,afeca802844c2c8e8b610cb78356d448587a891d463842bffdf37a359a94710f,,1,DUPLICATE,"WordPress resized derivative of an original attachment; inferior duplicate, not a separate gallery asset.",INFERRED_DERIVATIVE,C:/Users/Admin/.codex/visualizations/2026/07/16/019f6a5a-f60f-72d3-8f66-398492e30693/v10-04-image-harvest/raw/GL324/105_theonevn-GL324_1-300x300.jpg,,,,,false,,,NONE,0,20,"NO_CLEAN_EXACT; do not substitute, crop, blur, redraw, or upscale a rejected candidate."
GL324,https://theone.vn/san-pham/ghe-gl324,https://theone.vn/wp-content/uploads/2020/08/theonevn-GL324_1-150x150.jpg,html.regex,theonevn-GL324_1-150x150.jpg,true,https://theone.vn/wp-content/uploads/2020/08/theonevn-GL324_1.jpg,200,image/jpeg,3630,150,150,150,aab8fbb8b721adb48403d4806c5e70c9ee3ff59a47489cace0222a1fce59fb20,,1,DUPLICATE,"WordPress resized derivative of an original attachment; inferior duplicate, not a separate gallery asset.",INFERRED_DERIVATIVE,C:/Users/Admin/.codex/visualizations/2026/07/16/019f6a5a-f60f-72d3-8f66-398492e30693/v10-04-image-harvest/raw/GL324/106_theonevn-GL324_1-150x150.jpg,,,,,false,,,NONE,0,20,"NO_CLEAN_EXACT; do not substitute, crop, blur, redraw, or upscale a rejected candidate."
GL324,https://theone.vn/san-pham/ghe-gl324,https://theone.vn/wp-content/uploads/2020/08/theonevn-GL324_1-500x500.jpg,html.regex,theonevn-GL324_1-500x500.jpg,true,https://theone.vn/wp-content/uploads/2020/08/theonevn-GL324_1.jpg,200,image/jpeg,20052,500,500,500,e712f5ec42376348439b3141495776c825541e0695af589713d6e06051fbbf4a,,1,DUPLICATE,"WordPress resized derivative of an original attachment; inferior duplicate, not a separate gallery asset.",INFERRED_DERIVATIVE,C:/Users/Admin/.codex/visualizations/2026/07/16/019f6a5a-f60f-72d3-8f66-398492e30693/v10-04-image-harvest/raw/GL324/107_theonevn-GL324_1-500x500.jpg,,,,,false,,,NONE,0,20,"NO_CLEAN_EXACT; do not substitute, crop, blur, redraw, or upscale a rejected candidate."
GL324,https://theone.vn/san-pham/ghe-gl324,https://theone.vn/wp-content/uploads/2020/08/theonevn-GL324_1-100x100.jpg,html.regex,theonevn-GL324_1-100x100.jpg,true,https://theone.vn/wp-content/uploads/2020/08/theonevn-GL324_1.jpg,200,image/jpeg,2407,100,100,100,bbee4ae32d4999f1f03f219ef7eb724ee212814bd2d43b39db6c78bb9d1101f1,,1,DUPLICATE,"WordPress resized derivative of an original attachment; inferior duplicate, not a separate gallery asset.",INFERRED_DERIVATIVE,C:/Users/Admin/.codex/visualizations/2026/07/16/019f6a5a-f60f-72d3-8f66-398492e30693/v10-04-image-harvest/raw/GL324/108_theonevn-GL324_1-100x100.jpg,,,,,false,,,NONE,0,20,"NO_CLEAN_EXACT; do not substitute, crop, blur, redraw, or upscale a rejected candidate."
GL324,https://theone.vn/san-pham/ghe-gl324,https://theone.vn/wp-content/uploads/2020/08/theonevn-GL324_2.jpg,html.regex,theonevn-GL324_2.jpg,false,,200,image/jpeg,35632,580,580,580,ed562c52b1cdd3569f9f457b1677dd3e2ad1603a399b723c4850729aad39fb88,,1,WATERMARK,"Exact product image, but repeated diagonal theone.vn watermark is visibly embedded in the pixels.",VISUAL_INSPECTED,C:/Users/Admin/.codex/visualizations/2026/07/16/019f6a5a-f60f-72d3-8f66-398492e30693/v10-04-image-harvest/raw/GL324/109_theonevn-GL324_2.jpg,,,,,false,,,NONE,0,20,"NO_CLEAN_EXACT; do not substitute, crop, blur, redraw, or upscale a rejected candidate."
GL324,https://theone.vn/san-pham/ghe-gl324,https://theone.vn/wp-content/uploads/2020/08/theonevn-GL324_2-300x300.jpg,html.regex,theonevn-GL324_2-300x300.jpg,true,https://theone.vn/wp-content/uploads/2020/08/theonevn-GL324_2.jpg,200,image/jpeg,8608,300,300,300,2dd089269003d8b79d07e7bc87bfea30c703b629b147fbda8aca2929fe43d620,,1,DUPLICATE,"WordPress resized derivative of an original attachment; inferior duplicate, not a separate gallery asset.",INFERRED_DERIVATIVE,C:/Users/Admin/.codex/visualizations/2026/07/16/019f6a5a-f60f-72d3-8f66-398492e30693/v10-04-image-harvest/raw/GL324/110_theonevn-GL324_2-300x300.jpg,,,,,false,,,NONE,0,20,"NO_CLEAN_EXACT; do not substitute, crop, blur, redraw, or upscale a rejected candidate."
GL324,https://theone.vn/san-pham/ghe-gl324,https://theone.vn/wp-content/uploads/2020/08/theonevn-GL324_2-150x150.jpg,html.regex,theonevn-GL324_2-150x150.jpg,true,https://theone.vn/wp-content/uploads/2020/08/theonevn-GL324_2.jpg,200,image/jpeg,3649,150,150,150,2176cb21434afe3c4e8a1fd84623f01dd6970f4116b391841fa994de94d6830e,,1,DUPLICATE,"WordPress resized derivative of an original attachment; inferior duplicate, not a separate gallery asset.",INFERRED_DERIVATIVE,C:/Users/Admin/.codex/visualizations/2026/07/16/019f6a5a-f60f-72d3-8f66-398492e30693/v10-04-image-harvest/raw/GL324/111_theonevn-GL324_2-150x150.jpg,,,,,false,,,NONE,0,20,"NO_CLEAN_EXACT; do not substitute, crop, blur, redraw, or upscale a rejected candidate."
GL324,https://theone.vn/san-pham/ghe-gl324,https://theone.vn/wp-content/uploads/2020/08/theonevn-GL324_2-500x500.jpg,html.regex,theonevn-GL324_2-500x500.jpg,true,https://theone.vn/wp-content/uploads/2020/08/theonevn-GL324_2.jpg,200,image/jpeg,17437,500,500,500,ca6a3cfd89d7d3d4f28a9d2da61679e5a6418893b1272774f5149e77c24d354b,,1,DUPLICATE,"WordPress resized derivative of an original attachment; inferior duplicate, not a separate gallery asset.",INFERRED_DERIVATIVE,C:/Users/Admin/.codex/visualizations/2026/07/16/019f6a5a-f60f-72d3-8f66-398492e30693/v10-04-image-harvest/raw/GL324/112_theonevn-GL324_2-500x500.jpg,,,,,false,,,NONE,0,20,"NO_CLEAN_EXACT; do not substitute, crop, blur, redraw, or upscale a rejected candidate."
GL324,https://theone.vn/san-pham/ghe-gl324,https://theone.vn/wp-content/uploads/2020/08/theonevn-GL324_2-100x100.jpg,html.regex,theonevn-GL324_2-100x100.jpg,true,https://theone.vn/wp-content/uploads/2020/08/theonevn-GL324_2.jpg,200,image/jpeg,2340,100,100,100,c603aba0128462d416eed52ec6fd9fe4dc62d9bdd279cd3a726f541931b2983a,,1,DUPLICATE,"WordPress resized derivative of an original attachment; inferior duplicate, not a separate gallery asset.",INFERRED_DERIVATIVE,C:/Users/Admin/.codex/visualizations/2026/07/16/019f6a5a-f60f-72d3-8f66-398492e30693/v10-04-image-harvest/raw/GL324/113_theonevn-GL324_2-100x100.jpg,,,,,false,,,NONE,0,20,"NO_CLEAN_EXACT; do not substitute, crop, blur, redraw, or upscale a rejected candidate."
GL324,https://theone.vn/san-pham/ghe-gl324,https://theone.vn/wp-content/uploads/2020/08/theone-800-GL324.jpg,html.regex,theone-800-GL324.jpg,false,,200,image/jpeg,106778,800,500,800,c35ee4ad389b9cf4b499aa2761e7c591cfc6f767147b5dc34f5814afb808d361,,1,SUPPLIER_LOGO,Branded marketing collage visibly contains THEONE.VN identity and/or phone number; diagonal watermark also present.,VISUAL_INSPECTED,C:/Users/Admin/.codex/visualizations/2026/07/16/019f6a5a-f60f-72d3-8f66-398492e30693/v10-04-image-harvest/raw/GL324/114_theone-800-GL324.jpg,,,,,false,,,NONE,0,20,"NO_CLEAN_EXACT; do not substitute, crop, blur, redraw, or upscale a rejected candidate."
GL324,https://theone.vn/san-pham/ghe-gl324,https://theone.vn/wp-content/uploads/2020/08/theone-800-GL324-300x188.jpg,html.regex,theone-800-GL324-300x188.jpg,true,https://theone.vn/wp-content/uploads/2020/08/theone-800-GL324.jpg,200,image/jpeg,14115,300,188,300,c565395c588d3bafc36f719cffc5d9fd4ef78f5955a42b08bae19f4c480a5b90,,1,DUPLICATE,"WordPress resized derivative of an original attachment; inferior duplicate, not a separate gallery asset.",INFERRED_DERIVATIVE,C:/Users/Admin/.codex/visualizations/2026/07/16/019f6a5a-f60f-72d3-8f66-398492e30693/v10-04-image-harvest/raw/GL324/115_theone-800-GL324-300x188.jpg,,,,,false,,,NONE,0,20,"NO_CLEAN_EXACT; do not substitute, crop, blur, redraw, or upscale a rejected candidate."
GL324,https://theone.vn/san-pham/ghe-gl324,https://theone.vn/wp-content/uploads/2020/08/theone-800-GL324-768x480.jpg,html.regex,theone-800-GL324-768x480.jpg,true,https://theone.vn/wp-content/uploads/2020/08/theone-800-GL324.jpg,200,image/jpeg,50492,768,480,768,608929bdb6d7e803bd0c2ad6daa0a312ee3676ad137078cb341e8308e7d8c6c7,,1,DUPLICATE,"WordPress resized derivative of an original attachment; inferior duplicate, not a separate gallery asset.",INFERRED_DERIVATIVE,C:/Users/Admin/.codex/visualizations/2026/07/16/019f6a5a-f60f-72d3-8f66-398492e30693/v10-04-image-harvest/raw/GL324/116_theone-800-GL324-768x480.jpg,,,,,false,,,NONE,0,20,"NO_CLEAN_EXACT; do not substitute, crop, blur, redraw, or upscale a rejected candidate."
GL324,https://theone.vn/san-pham/ghe-gl324,https://theone.vn/wp-content/uploads/2020/08/theone-800-GL324-500x313.jpg,html.regex,theone-800-GL324-500x313.jpg,true,https://theone.vn/wp-content/uploads/2020/08/theone-800-GL324.jpg,200,image/jpeg,28447,500,313,500,db1a54f452f1c071a49034259ab1e855c394e2e3cccbc1713be59f36685b79f7,,1,DUPLICATE,"WordPress resized derivative of an original attachment; inferior duplicate, not a separate gallery asset.",INFERRED_DERIVATIVE,C:/Users/Admin/.codex/visualizations/2026/07/16/019f6a5a-f60f-72d3-8f66-398492e30693/v10-04-image-harvest/raw/GL324/117_theone-800-GL324-500x313.jpg,,,,,false,,,NONE,0,20,"NO_CLEAN_EXACT; do not substitute, crop, blur, redraw, or upscale a rejected candidate."
GL324,https://theone.vn/san-pham/ghe-gl324,"https://theone.vn/wp-content/uploads/2020/08/theonevn-GL324.jpg&quot;,&quot;alt&quot;:&quot;theonevn-GL324&quot;,&quot;src&quot;:&quot;https://theone.vn/wp-content/uploads/2020/08/theonevn-GL324.jpg&quot;,&quot;srcset&quot;:&quot;https://theone.vn/wp-content/uploads/2020/08/theonevn-GL324.jpg",html.regex,theonevn-GL324.jpg,false,,,,0,0,0,0,,,,REJECT,Malformed HTML-regex URL containing encoded quote payload; not a real attachment URL.,NOT_APPLICABLE,,MALFORMED_HTML_REGEX_URL,,,,false,,,NONE,0,20,"NO_CLEAN_EXACT; do not substitute, crop, blur, redraw, or upscale a rejected candidate."
GL326,https://theone.vn/san-pham/ghe-gl326,https://theone.vn/wp-content/uploads/2020/08/GL326-1.jpg,html.regex,GL326-1.jpg,false,,200,image/jpeg,73455,580,580,580,22475127aed6c823d4c46ee6604c06940139b06adda81dd711943c8e41976b78,,1,LOW_RES_EXACT,"Visually clean exact-code original, but maximum edge is only 580px (below the 1000px package target).",VISUAL_INSPECTED,C:/Users/Admin/.codex/visualizations/2026/07/16/019f6a5a-f60f-72d3-8f66-398492e30693/v10-04-image-harvest/raw/GL326/119_GL326-1.jpg,,MAIN,C:/Users/Admin/.codex/visualizations/2026/07/16/019f6a5a-f60f-72d3-8f66-398492e30693/v10-04-image-harvest/selected/GL326/main__GL326-1.jpg,22475127aed6c823d4c46ee6604c06940139b06adda81dd711943c8e41976b78,true,https://theone.vn/wp-content/uploads/2020/08/GL326-1.jpg,,580x580,1,4,USE_PROVISIONALLY_WITH_LOW_RES_DISCLOSURE; exact clean original only 580x580; never upscale.
GL326,https://theone.vn/san-pham/ghe-gl326,https://theone.vn/wp-content/uploads/2020/08/GL326-1-300x300.jpg,html.regex,GL326-1-300x300.jpg,true,https://theone.vn/wp-content/uploads/2020/08/GL326-1.jpg,200,image/jpeg,10846,300,300,300,27d73b1080bbaa23231a90023f058a0b2007da6cf709ad60bccdbbd13bd9e58a,,1,DUPLICATE,"WordPress resized derivative of an original attachment; inferior duplicate, not a separate gallery asset.",INFERRED_DERIVATIVE,C:/Users/Admin/.codex/visualizations/2026/07/16/019f6a5a-f60f-72d3-8f66-398492e30693/v10-04-image-harvest/raw/GL326/120_GL326-1-300x300.jpg,,,,,false,https://theone.vn/wp-content/uploads/2020/08/GL326-1.jpg,,580x580,1,4,USE_PROVISIONALLY_WITH_LOW_RES_DISCLOSURE; exact clean original only 580x580; never upscale.
GL326,https://theone.vn/san-pham/ghe-gl326,https://theone.vn/wp-content/uploads/2020/08/GL326-1-150x150.jpg,html.regex,GL326-1-150x150.jpg,true,https://theone.vn/wp-content/uploads/2020/08/GL326-1.jpg,200,image/jpeg,4152,150,150,150,93f368bfa8640ed7412e780b7bc291c0dab910bb2d09ea0edb91b84f40027c43,,1,DUPLICATE,"WordPress resized derivative of an original attachment; inferior duplicate, not a separate gallery asset.",INFERRED_DERIVATIVE,C:/Users/Admin/.codex/visualizations/2026/07/16/019f6a5a-f60f-72d3-8f66-398492e30693/v10-04-image-harvest/raw/GL326/121_GL326-1-150x150.jpg,,,,,false,https://theone.vn/wp-content/uploads/2020/08/GL326-1.jpg,,580x580,1,4,USE_PROVISIONALLY_WITH_LOW_RES_DISCLOSURE; exact clean original only 580x580; never upscale.
GL326,https://theone.vn/san-pham/ghe-gl326,https://theone.vn/wp-content/uploads/2020/08/GL326-1-500x500.jpg,html.regex,GL326-1-500x500.jpg,true,https://theone.vn/wp-content/uploads/2020/08/GL326-1.jpg,200,image/jpeg,24229,500,500,500,d5955a72d4e46c5b0bcb3405f022a69da6b8dbf75da60ee15810d047ec744df4,,1,DUPLICATE,"WordPress resized derivative of an original attachment; inferior duplicate, not a separate gallery asset.",INFERRED_DERIVATIVE,C:/Users/Admin/.codex/visualizations/2026/07/16/019f6a5a-f60f-72d3-8f66-398492e30693/v10-04-image-harvest/raw/GL326/122_GL326-1-500x500.jpg,,,,,false,https://theone.vn/wp-content/uploads/2020/08/GL326-1.jpg,,580x580,1,4,USE_PROVISIONALLY_WITH_LOW_RES_DISCLOSURE; exact clean original only 580x580; never upscale.
GL326,https://theone.vn/san-pham/ghe-gl326,https://theone.vn/wp-content/uploads/2020/08/GL326-1-100x100.jpg,html.regex,GL326-1-100x100.jpg,true,https://theone.vn/wp-content/uploads/2020/08/GL326-1.jpg,200,image/jpeg,2629,100,100,100,1d11abdd60e58582426dc7bc8d738dc4ae935ab3fb159d8aecedb47fbd9d4555,,1,DUPLICATE,"WordPress resized derivative of an original attachment; inferior duplicate, not a separate gallery asset.",INFERRED_DERIVATIVE,C:/Users/Admin/.codex/visualizations/2026/07/16/019f6a5a-f60f-72d3-8f66-398492e30693/v10-04-image-harvest/raw/GL326/123_GL326-1-100x100.jpg,,,,,false,https://theone.vn/wp-content/uploads/2020/08/GL326-1.jpg,,580x580,1,4,USE_PROVISIONALLY_WITH_LOW_RES_DISCLOSURE; exact clean original only 580x580; never upscale.
GL328,https://theone.vn/san-pham/ghe-gl328,https://theone.vn/wp-content/uploads/2020/08/GL328-1.jpg,html.regex,GL328-1.jpg,false,,200,image/jpeg,66514,580,580,580,f14f85bb03533e776e7207f227c2ad52a7de0e75aaf2c0072873bdcbd6521ca1,,1,LOW_RES_EXACT,"Visually clean exact-code original, but maximum edge is only 580px (below the 1000px package target).",VISUAL_INSPECTED,C:/Users/Admin/.codex/visualizations/2026/07/16/019f6a5a-f60f-72d3-8f66-398492e30693/v10-04-image-harvest/raw/GL328/124_GL328-1.jpg,,MAIN,C:/Users/Admin/.codex/visualizations/2026/07/16/019f6a5a-f60f-72d3-8f66-398492e30693/v10-04-image-harvest/selected/GL328/main__GL328-1.jpg,f14f85bb03533e776e7207f227c2ad52a7de0e75aaf2c0072873bdcbd6521ca1,true,https://theone.vn/wp-content/uploads/2020/08/GL328-1.jpg,,580x580,1,4,USE_PROVISIONALLY_WITH_LOW_RES_DISCLOSURE; exact clean original only 580x580; never upscale.
GL328,https://theone.vn/san-pham/ghe-gl328,https://theone.vn/wp-content/uploads/2020/08/GL328-1-300x300.jpg,html.regex,GL328-1-300x300.jpg,true,https://theone.vn/wp-content/uploads/2020/08/GL328-1.jpg,200,image/jpeg,10081,300,300,300,af330e946be13ff4fb50c9d7904cc3141a6b68eb7fd04874161ce6c960420cb4,,1,DUPLICATE,"WordPress resized derivative of an original attachment; inferior duplicate, not a separate gallery asset.",INFERRED_DERIVATIVE,C:/Users/Admin/.codex/visualizations/2026/07/16/019f6a5a-f60f-72d3-8f66-398492e30693/v10-04-image-harvest/raw/GL328/125_GL328-1-300x300.jpg,,,,,false,https://theone.vn/wp-content/uploads/2020/08/GL328-1.jpg,,580x580,1,4,USE_PROVISIONALLY_WITH_LOW_RES_DISCLOSURE; exact clean original only 580x580; never upscale.
GL328,https://theone.vn/san-pham/ghe-gl328,https://theone.vn/wp-content/uploads/2020/08/GL328-1-150x150.jpg,html.regex,GL328-1-150x150.jpg,true,https://theone.vn/wp-content/uploads/2020/08/GL328-1.jpg,200,image/jpeg,3944,150,150,150,0441215303486cb98c5e4d4fa79ade457d8942bd930f3a8bc0739334abdd5cd5,,1,DUPLICATE,"WordPress resized derivative of an original attachment; inferior duplicate, not a separate gallery asset.",INFERRED_DERIVATIVE,C:/Users/Admin/.codex/visualizations/2026/07/16/019f6a5a-f60f-72d3-8f66-398492e30693/v10-04-image-harvest/raw/GL328/126_GL328-1-150x150.jpg,,,,,false,https://theone.vn/wp-content/uploads/2020/08/GL328-1.jpg,,580x580,1,4,USE_PROVISIONALLY_WITH_LOW_RES_DISCLOSURE; exact clean original only 580x580; never upscale.
GL328,https://theone.vn/san-pham/ghe-gl328,https://theone.vn/wp-content/uploads/2020/08/GL328-1-500x500.jpg,html.regex,GL328-1-500x500.jpg,true,https://theone.vn/wp-content/uploads/2020/08/GL328-1.jpg,200,image/jpeg,22129,500,500,500,d21c85ee8c79397e74ba34c99f9cef084d52e5806f6d5d76182b9025b22676b9,,1,DUPLICATE,"WordPress resized derivative of an original attachment; inferior duplicate, not a separate gallery asset.",INFERRED_DERIVATIVE,C:/Users/Admin/.codex/visualizations/2026/07/16/019f6a5a-f60f-72d3-8f66-398492e30693/v10-04-image-harvest/raw/GL328/127_GL328-1-500x500.jpg,,,,,false,https://theone.vn/wp-content/uploads/2020/08/GL328-1.jpg,,580x580,1,4,USE_PROVISIONALLY_WITH_LOW_RES_DISCLOSURE; exact clean original only 580x580; never upscale.
GL328,https://theone.vn/san-pham/ghe-gl328,https://theone.vn/wp-content/uploads/2020/08/GL328-1-100x100.jpg,html.regex,GL328-1-100x100.jpg,true,https://theone.vn/wp-content/uploads/2020/08/GL328-1.jpg,200,image/jpeg,2573,100,100,100,014ad5905fcb53d6fdbbc2f8d8dbc4fb9c5d66a914dd6c64beefccbf1bf5d541,,1,DUPLICATE,"WordPress resized derivative of an original attachment; inferior duplicate, not a separate gallery asset.",INFERRED_DERIVATIVE,C:/Users/Admin/.codex/visualizations/2026/07/16/019f6a5a-f60f-72d3-8f66-398492e30693/v10-04-image-harvest/raw/GL328/128_GL328-1-100x100.jpg,,,,,false,https://theone.vn/wp-content/uploads/2020/08/GL328-1.jpg,,580x580,1,4,USE_PROVISIONALLY_WITH_LOW_RES_DISCLOSURE; exact clean original only 580x580; never upscale.
GL329,https://theone.vn/san-pham/ghe-gl329,https://theone.vn/wp-content/uploads/2022/02/GL329.jpg,html.regex,GL329.jpg,false,,200,image/jpeg,33521,580,580,580,e882e3e3976cb2c305253eaa687094a41659883916b2941811263eab331097a8,,1,LOW_RES_EXACT,"Visually clean exact-code original, but maximum edge is only 580px (below the 1000px package target).",VISUAL_INSPECTED,C:/Users/Admin/.codex/visualizations/2026/07/16/019f6a5a-f60f-72d3-8f66-398492e30693/v10-04-image-harvest/raw/GL329/129_GL329.jpg,,MAIN,C:/Users/Admin/.codex/visualizations/2026/07/16/019f6a5a-f60f-72d3-8f66-398492e30693/v10-04-image-harvest/selected/GL329/main__GL329.jpg,e882e3e3976cb2c305253eaa687094a41659883916b2941811263eab331097a8,true,https://theone.vn/wp-content/uploads/2022/02/GL329.jpg,,580x580,1,15,USE_PROVISIONALLY_WITH_LOW_RES_DISCLOSURE; exact clean original only 580x580; never upscale.
GL329,https://theone.vn/san-pham/ghe-gl329,https://theone.vn/wp-content/uploads/2022/02/GL329-300x300.jpg,html.regex,GL329-300x300.jpg,true,https://theone.vn/wp-content/uploads/2022/02/GL329.jpg,200,image/jpeg,10476,300,300,300,e9b769ebff32bc05a924b4f1255ac0037bcf606915b74e2b6456f14f852c255d,,1,DUPLICATE,"WordPress resized derivative of an original attachment; inferior duplicate, not a separate gallery asset.",INFERRED_DERIVATIVE,C:/Users/Admin/.codex/visualizations/2026/07/16/019f6a5a-f60f-72d3-8f66-398492e30693/v10-04-image-harvest/raw/GL329/130_GL329-300x300.jpg,,,,,false,https://theone.vn/wp-content/uploads/2022/02/GL329.jpg,,580x580,1,15,USE_PROVISIONALLY_WITH_LOW_RES_DISCLOSURE; exact clean original only 580x580; never upscale.
GL329,https://theone.vn/san-pham/ghe-gl329,https://theone.vn/wp-content/uploads/2022/02/GL329-150x150.jpg,html.regex,GL329-150x150.jpg,true,https://theone.vn/wp-content/uploads/2022/02/GL329.jpg,200,image/jpeg,3995,150,150,150,b8333400cc25e81720f7a01eac52e8c26c3ff0992375cb939d5c0f373356c583,,1,DUPLICATE,"WordPress resized derivative of an original attachment; inferior duplicate, not a separate gallery asset.",INFERRED_DERIVATIVE,C:/Users/Admin/.codex/visualizations/2026/07/16/019f6a5a-f60f-72d3-8f66-398492e30693/v10-04-image-harvest/raw/GL329/131_GL329-150x150.jpg,,,,,false,https://theone.vn/wp-content/uploads/2022/02/GL329.jpg,,580x580,1,15,USE_PROVISIONALLY_WITH_LOW_RES_DISCLOSURE; exact clean original only 580x580; never upscale.
GL329,https://theone.vn/san-pham/ghe-gl329,https://theone.vn/wp-content/uploads/2022/02/GL329-500x500.jpg,html.regex,GL329-500x500.jpg,true,https://theone.vn/wp-content/uploads/2022/02/GL329.jpg,200,image/jpeg,22561,500,500,500,a7b0776a794ebd19c49bb4e49ab24791f6d2b44ad85170c40fa9ee0641fc235c,,1,DUPLICATE,"WordPress resized derivative of an original attachment; inferior duplicate, not a separate gallery asset.",INFERRED_DERIVATIVE,C:/Users/Admin/.codex/visualizations/2026/07/16/019f6a5a-f60f-72d3-8f66-398492e30693/v10-04-image-harvest/raw/GL329/132_GL329-500x500.jpg,,,,,false,https://theone.vn/wp-content/uploads/2022/02/GL329.jpg,,580x580,1,15,USE_PROVISIONALLY_WITH_LOW_RES_DISCLOSURE; exact clean original only 580x580; never upscale.
GL329,https://theone.vn/san-pham/ghe-gl329,https://theone.vn/wp-content/uploads/2022/02/GL329-100x100.jpg,html.regex,GL329-100x100.jpg,true,https://theone.vn/wp-content/uploads/2022/02/GL329.jpg,200,image/jpeg,2695,100,100,100,7f162e1cc19d03fca9d652cb72968983da5116a6735c3ad11be9f95aa0340161,,1,DUPLICATE,"WordPress resized derivative of an original attachment; inferior duplicate, not a separate gallery asset.",INFERRED_DERIVATIVE,C:/Users/Admin/.codex/visualizations/2026/07/16/019f6a5a-f60f-72d3-8f66-398492e30693/v10-04-image-harvest/raw/GL329/133_GL329-100x100.jpg,,,,,false,https://theone.vn/wp-content/uploads/2022/02/GL329.jpg,,580x580,1,15,USE_PROVISIONALLY_WITH_LOW_RES_DISCLOSURE; exact clean original only 580x580; never upscale.
GL329,https://theone.vn/san-pham/ghe-gl329,https://theone.vn/wp-content/uploads/2023/11/theonevn-GL329M.jpg,html.regex,theonevn-GL329M.jpg,false,,200,image/jpeg,46603,580,580,580,b96e20cde58b9c9ebf3dfe9af058eeff7f0f56447cab7fd43ed0a2b0a407f55d,,1,WRONG_CODE,"Asset is labeled GL329M, not the audited exact code GL329; it is not eligible even where visually similar.",VISUAL_INSPECTED,C:/Users/Admin/.codex/visualizations/2026/07/16/019f6a5a-f60f-72d3-8f66-398492e30693/v10-04-image-harvest/raw/GL329/134_theonevn-GL329M.jpg,,,,,false,https://theone.vn/wp-content/uploads/2022/02/GL329.jpg,,580x580,1,15,USE_PROVISIONALLY_WITH_LOW_RES_DISCLOSURE; exact clean original only 580x580; never upscale.
GL329,https://theone.vn/san-pham/ghe-gl329,https://theone.vn/wp-content/uploads/2023/11/theonevn-GL329M-300x300.jpg,html.regex,theonevn-GL329M-300x300.jpg,true,https://theone.vn/wp-content/uploads/2023/11/theonevn-GL329M.jpg,200,image/jpeg,9998,300,300,300,7b5d56f7f471c0a8e4f4e61c32b302a6b3250e2dbd7ce52bb5787dc10ba3990b,,1,DUPLICATE,"WordPress resized derivative of an original attachment; inferior duplicate, not a separate gallery asset.",INFERRED_DERIVATIVE,C:/Users/Admin/.codex/visualizations/2026/07/16/019f6a5a-f60f-72d3-8f66-398492e30693/v10-04-image-harvest/raw/GL329/135_theonevn-GL329M-300x300.jpg,,,,,false,https://theone.vn/wp-content/uploads/2022/02/GL329.jpg,,580x580,1,15,USE_PROVISIONALLY_WITH_LOW_RES_DISCLOSURE; exact clean original only 580x580; never upscale.
GL329,https://theone.vn/san-pham/ghe-gl329,https://theone.vn/wp-content/uploads/2023/11/theonevn-GL329M-150x150.jpg,html.regex,theonevn-GL329M-150x150.jpg,true,https://theone.vn/wp-content/uploads/2023/11/theonevn-GL329M.jpg,200,image/jpeg,3869,150,150,150,a2a20188e4592dea8776c238daed173af50861a2b083c908c1f406aa93f256c5,,1,DUPLICATE,"WordPress resized derivative of an original attachment; inferior duplicate, not a separate gallery asset.",INFERRED_DERIVATIVE,C:/Users/Admin/.codex/visualizations/2026/07/16/019f6a5a-f60f-72d3-8f66-398492e30693/v10-04-image-harvest/raw/GL329/136_theonevn-GL329M-150x150.jpg,,,,,false,https://theone.vn/wp-content/uploads/2022/02/GL329.jpg,,580x580,1,15,USE_PROVISIONALLY_WITH_LOW_RES_DISCLOSURE; exact clean original only 580x580; never upscale.
GL329,https://theone.vn/san-pham/ghe-gl329,https://theone.vn/wp-content/uploads/2023/11/theonevn-GL329M-500x500.jpg,html.regex,theonevn-GL329M-500x500.jpg,true,https://theone.vn/wp-content/uploads/2023/11/theonevn-GL329M.jpg,200,image/jpeg,21626,500,500,500,655ea82021e3b392210c002662f51132e359bc562229a251b3f1f5c2b0424142,,1,DUPLICATE,"WordPress resized derivative of an original attachment; inferior duplicate, not a separate gallery asset.",INFERRED_DERIVATIVE,C:/Users/Admin/.codex/visualizations/2026/07/16/019f6a5a-f60f-72d3-8f66-398492e30693/v10-04-image-harvest/raw/GL329/137_theonevn-GL329M-500x500.jpg,,,,,false,https://theone.vn/wp-content/uploads/2022/02/GL329.jpg,,580x580,1,15,USE_PROVISIONALLY_WITH_LOW_RES_DISCLOSURE; exact clean original only 580x580; never upscale.
GL329,https://theone.vn/san-pham/ghe-gl329,https://theone.vn/wp-content/uploads/2023/11/theonevn-GL329M-100x100.jpg,html.regex,theonevn-GL329M-100x100.jpg,true,https://theone.vn/wp-content/uploads/2023/11/theonevn-GL329M.jpg,200,image/jpeg,2455,100,100,100,8753fbf18891de0a06bbd9b8917c5c69e8fcf3bee44c6d12776bf65f80faf775,,1,DUPLICATE,"WordPress resized derivative of an original attachment; inferior duplicate, not a separate gallery asset.",INFERRED_DERIVATIVE,C:/Users/Admin/.codex/visualizations/2026/07/16/019f6a5a-f60f-72d3-8f66-398492e30693/v10-04-image-harvest/raw/GL329/138_theonevn-GL329M-100x100.jpg,,,,,false,https://theone.vn/wp-content/uploads/2022/02/GL329.jpg,,580x580,1,15,USE_PROVISIONALLY_WITH_LOW_RES_DISCLOSURE; exact clean original only 580x580; never upscale.
GL329,https://theone.vn/san-pham/ghe-gl329,https://theone.vn/wp-content/uploads/2023/11/theone-800-GL329M.jpg,html.regex,theone-800-GL329M.jpg,false,,200,image/jpeg,81083,800,500,800,433cb8fbafa874f7588164e0e5e30ebaa388fa509e06044f42d72e559c9fa77f,,1,WRONG_CODE,"Asset is labeled GL329M, not the audited exact code GL329; it is not eligible even where visually similar.",VISUAL_INSPECTED,C:/Users/Admin/.codex/visualizations/2026/07/16/019f6a5a-f60f-72d3-8f66-398492e30693/v10-04-image-harvest/raw/GL329/139_theone-800-GL329M.jpg,,,,,false,https://theone.vn/wp-content/uploads/2022/02/GL329.jpg,,580x580,1,15,USE_PROVISIONALLY_WITH_LOW_RES_DISCLOSURE; exact clean original only 580x580; never upscale.
GL329,https://theone.vn/san-pham/ghe-gl329,https://theone.vn/wp-content/uploads/2023/11/theone-800-GL329M-300x188.jpg,html.regex,theone-800-GL329M-300x188.jpg,true,https://theone.vn/wp-content/uploads/2023/11/theone-800-GL329M.jpg,200,image/jpeg,10162,300,188,300,f90d869466f3f4015eeaba44cefa0aa35239238fcf4bb78ec41354a55424fb7c,,1,DUPLICATE,"WordPress resized derivative of an original attachment; inferior duplicate, not a separate gallery asset.",INFERRED_DERIVATIVE,C:/Users/Admin/.codex/visualizations/2026/07/16/019f6a5a-f60f-72d3-8f66-398492e30693/v10-04-image-harvest/raw/GL329/140_theone-800-GL329M-300x188.jpg,,,,,false,https://theone.vn/wp-content/uploads/2022/02/GL329.jpg,,580x580,1,15,USE_PROVISIONALLY_WITH_LOW_RES_DISCLOSURE; exact clean original only 580x580; never upscale.
GL329,https://theone.vn/san-pham/ghe-gl329,https://theone.vn/wp-content/uploads/2023/11/theone-800-GL329M-768x480.jpg,html.regex,theone-800-GL329M-768x480.jpg,true,https://theone.vn/wp-content/uploads/2023/11/theone-800-GL329M.jpg,200,image/jpeg,38224,768,480,768,15832ea088dc0b293011934047cf6ab2929ba30afb3d69b48e7a6793dda3da67,,1,DUPLICATE,"WordPress resized derivative of an original attachment; inferior duplicate, not a separate gallery asset.",INFERRED_DERIVATIVE,C:/Users/Admin/.codex/visualizations/2026/07/16/019f6a5a-f60f-72d3-8f66-398492e30693/v10-04-image-harvest/raw/GL329/141_theone-800-GL329M-768x480.jpg,,,,,false,https://theone.vn/wp-content/uploads/2022/02/GL329.jpg,,580x580,1,15,USE_PROVISIONALLY_WITH_LOW_RES_DISCLOSURE; exact clean original only 580x580; never upscale.
GL329,https://theone.vn/san-pham/ghe-gl329,https://theone.vn/wp-content/uploads/2023/11/theone-800-GL329M-500x313.jpg,html.regex,theone-800-GL329M-500x313.jpg,true,https://theone.vn/wp-content/uploads/2023/11/theone-800-GL329M.jpg,200,image/jpeg,20608,500,313,500,87914bd49548f1c44e9ea4613fe429eadef6f1ef85e89847b715a5f312d3f0dd,,1,DUPLICATE,"WordPress resized derivative of an original attachment; inferior duplicate, not a separate gallery asset.",INFERRED_DERIVATIVE,C:/Users/Admin/.codex/visualizations/2026/07/16/019f6a5a-f60f-72d3-8f66-398492e30693/v10-04-image-harvest/raw/GL329/142_theone-800-GL329M-500x313.jpg,,,,,false,https://theone.vn/wp-content/uploads/2022/02/GL329.jpg,,580x580,1,15,USE_PROVISIONALLY_WITH_LOW_RES_DISCLOSURE; exact clean original only 580x580; never upscale.
GL329,https://theone.vn/san-pham/ghe-gl329,"https://theone.vn/wp-content/uploads/2022/02/GL329.jpg&quot;,&quot;srcset&quot;:&quot;https://theone.vn/wp-content/uploads/2022/02/GL329.jpg",html.regex,GL329.jpg,false,,,,0,0,0,0,,,,REJECT,Malformed HTML-regex URL containing encoded quote payload; not a real attachment URL.,NOT_APPLICABLE,,MALFORMED_HTML_REGEX_URL,,,,false,https://theone.vn/wp-content/uploads/2022/02/GL329.jpg,,580x580,1,15,USE_PROVISIONALLY_WITH_LOW_RES_DISCLOSURE; exact clean original only 580x580; never upscale.
GL329,https://theone.vn/san-pham/ghe-gl329,"https://theone.vn/wp-content/uploads/2023/11/theonevn-GL329M.jpg&quot;,&quot;alt&quot;:&quot;theonevn-GL329M&quot;,&quot;src&quot;:&quot;https://theone.vn/wp-content/uploads/2023/11/theonevn-GL329M.jpg&quot;,&quot;srcset&quot;:&quot;https://theone.vn/wp-content/uploads/2023/11/theonevn-GL329M.jpg",html.regex,theonevn-GL329M.jpg,false,,,,0,0,0,0,,,,REJECT,Malformed HTML-regex URL containing encoded quote payload; not a real attachment URL.,NOT_APPLICABLE,,MALFORMED_HTML_REGEX_URL,,,,false,https://theone.vn/wp-content/uploads/2022/02/GL329.jpg,,580x580,1,15,USE_PROVISIONALLY_WITH_LOW_RES_DISCLOSURE; exact clean original only 580x580; never upscale.
GL331,https://theone.vn/san-pham/ghe-gl331,https://theone.vn/wp-content/uploads/2022/02/GL331.jpg,html.regex,GL331.jpg,false,,200,image/jpeg,27917,580,580,580,f5760b9062f33e1c087b07760698c12ed9442577b651fda9c8a108cf9484cf53,,1,LOW_RES_EXACT,"Visually clean exact-code original, but maximum edge is only 580px (below the 1000px package target).",VISUAL_INSPECTED,C:/Users/Admin/.codex/visualizations/2026/07/16/019f6a5a-f60f-72d3-8f66-398492e30693/v10-04-image-harvest/raw/GL331/145_GL331.jpg,,MAIN,C:/Users/Admin/.codex/visualizations/2026/07/16/019f6a5a-f60f-72d3-8f66-398492e30693/v10-04-image-harvest/selected/GL331/main__GL331.jpg,f5760b9062f33e1c087b07760698c12ed9442577b651fda9c8a108cf9484cf53,true,https://theone.vn/wp-content/uploads/2022/02/GL331.jpg,,580x580,1,4,USE_PROVISIONALLY_WITH_LOW_RES_DISCLOSURE; exact clean original only 580x580; never upscale.
GL331,https://theone.vn/san-pham/ghe-gl331,https://theone.vn/wp-content/uploads/2022/02/GL331-300x300.jpg,html.regex,GL331-300x300.jpg,true,https://theone.vn/wp-content/uploads/2022/02/GL331.jpg,200,image/jpeg,9210,300,300,300,20716bca374d185c29099af10c828034830e874b890663ba6b6c7a5307396062,,1,DUPLICATE,"WordPress resized derivative of an original attachment; inferior duplicate, not a separate gallery asset.",INFERRED_DERIVATIVE,C:/Users/Admin/.codex/visualizations/2026/07/16/019f6a5a-f60f-72d3-8f66-398492e30693/v10-04-image-harvest/raw/GL331/146_GL331-300x300.jpg,,,,,false,https://theone.vn/wp-content/uploads/2022/02/GL331.jpg,,580x580,1,4,USE_PROVISIONALLY_WITH_LOW_RES_DISCLOSURE; exact clean original only 580x580; never upscale.
GL331,https://theone.vn/san-pham/ghe-gl331,https://theone.vn/wp-content/uploads/2022/02/GL331-150x150.jpg,html.regex,GL331-150x150.jpg,true,https://theone.vn/wp-content/uploads/2022/02/GL331.jpg,200,image/jpeg,3863,150,150,150,14e9e9f6056d8b4009a6c942c1f93777d7b1686069673ae374612ff33efc2100,,1,DUPLICATE,"WordPress resized derivative of an original attachment; inferior duplicate, not a separate gallery asset.",INFERRED_DERIVATIVE,C:/Users/Admin/.codex/visualizations/2026/07/16/019f6a5a-f60f-72d3-8f66-398492e30693/v10-04-image-harvest/raw/GL331/147_GL331-150x150.jpg,,,,,false,https://theone.vn/wp-content/uploads/2022/02/GL331.jpg,,580x580,1,4,USE_PROVISIONALLY_WITH_LOW_RES_DISCLOSURE; exact clean original only 580x580; never upscale.
GL331,https://theone.vn/san-pham/ghe-gl331,https://theone.vn/wp-content/uploads/2022/02/GL331-500x500.jpg,html.regex,GL331-500x500.jpg,true,https://theone.vn/wp-content/uploads/2022/02/GL331.jpg,200,image/jpeg,19006,500,500,500,83f6abb28699b664774dff44ba0ee5c021663a16a4d4d7cbb9d127dd2701f245,,1,DUPLICATE,"WordPress resized derivative of an original attachment; inferior duplicate, not a separate gallery asset.",INFERRED_DERIVATIVE,C:/Users/Admin/.codex/visualizations/2026/07/16/019f6a5a-f60f-72d3-8f66-398492e30693/v10-04-image-harvest/raw/GL331/148_GL331-500x500.jpg,,,,,false,https://theone.vn/wp-content/uploads/2022/02/GL331.jpg,,580x580,1,4,USE_PROVISIONALLY_WITH_LOW_RES_DISCLOSURE; exact clean original only 580x580; never upscale.
GL331,https://theone.vn/san-pham/ghe-gl331,https://theone.vn/wp-content/uploads/2022/02/GL331-100x100.jpg,html.regex,GL331-100x100.jpg,true,https://theone.vn/wp-content/uploads/2022/02/GL331.jpg,200,image/jpeg,2488,100,100,100,b3dd01890b719f5cb7205f470efcf2591deaaff96f9bfe1278c783022fea9827,,1,DUPLICATE,"WordPress resized derivative of an original attachment; inferior duplicate, not a separate gallery asset.",INFERRED_DERIVATIVE,C:/Users/Admin/.codex/visualizations/2026/07/16/019f6a5a-f60f-72d3-8f66-398492e30693/v10-04-image-harvest/raw/GL331/149_GL331-100x100.jpg,,,,,false,https://theone.vn/wp-content/uploads/2022/02/GL331.jpg,,580x580,1,4,USE_PROVISIONALLY_WITH_LOW_RES_DISCLOSURE; exact clean original only 580x580; never upscale.
GL332,https://theone.vn/san-pham/ghe-gl332,https://theone.vn/wp-content/uploads/2022/11/GL332.jpg,html.regex,GL332.jpg,false,,200,image/jpeg,36304,580,580,580,258dab029a21dce972381a2dae0714ce62de5e24fa54a451eaff851c3aae43dd,,1,LOW_RES_EXACT,"Visually clean exact-code original, but maximum edge is only 580px (below the 1000px package target).",VISUAL_INSPECTED,C:/Users/Admin/.codex/visualizations/2026/07/16/019f6a5a-f60f-72d3-8f66-398492e30693/v10-04-image-harvest/raw/GL332/150_GL332.jpg,,MAIN,C:/Users/Admin/.codex/visualizations/2026/07/16/019f6a5a-f60f-72d3-8f66-398492e30693/v10-04-image-harvest/selected/GL332/main__GL332.jpg,258dab029a21dce972381a2dae0714ce62de5e24fa54a451eaff851c3aae43dd,true,https://theone.vn/wp-content/uploads/2022/11/GL332.jpg,,580x580,1,8,USE_PROVISIONALLY_WITH_LOW_RES_DISCLOSURE; exact clean original only 580x580; never upscale.
GL332,https://theone.vn/san-pham/ghe-gl332,https://theone.vn/wp-content/uploads/2022/11/GL332-300x300.jpg,html.regex,GL332-300x300.jpg,true,https://theone.vn/wp-content/uploads/2022/11/GL332.jpg,200,image/jpeg,8297,300,300,300,c76e8cbacd0a453dca9221654c4c3e8db35cae161a5b5f06d1f0f2fa09d49704,,1,DUPLICATE,"WordPress resized derivative of an original attachment; inferior duplicate, not a separate gallery asset.",INFERRED_DERIVATIVE,C:/Users/Admin/.codex/visualizations/2026/07/16/019f6a5a-f60f-72d3-8f66-398492e30693/v10-04-image-harvest/raw/GL332/151_GL332-300x300.jpg,,,,,false,https://theone.vn/wp-content/uploads/2022/11/GL332.jpg,,580x580,1,8,USE_PROVISIONALLY_WITH_LOW_RES_DISCLOSURE; exact clean original only 580x580; never upscale.
GL332,https://theone.vn/san-pham/ghe-gl332,https://theone.vn/wp-content/uploads/2022/11/GL332-150x150.jpg,html.regex,GL332-150x150.jpg,true,https://theone.vn/wp-content/uploads/2022/11/GL332.jpg,200,image/jpeg,3443,150,150,150,c4e647f52dec3fcc99940785be69c4ed008aa5bb5b932bebdbd33501aa052e4e,,1,DUPLICATE,"WordPress resized derivative of an original attachment; inferior duplicate, not a separate gallery asset.",INFERRED_DERIVATIVE,C:/Users/Admin/.codex/visualizations/2026/07/16/019f6a5a-f60f-72d3-8f66-398492e30693/v10-04-image-harvest/raw/GL332/152_GL332-150x150.jpg,,,,,false,https://theone.vn/wp-content/uploads/2022/11/GL332.jpg,,580x580,1,8,USE_PROVISIONALLY_WITH_LOW_RES_DISCLOSURE; exact clean original only 580x580; never upscale.
GL332,https://theone.vn/san-pham/ghe-gl332,https://theone.vn/wp-content/uploads/2022/11/GL332-500x500.jpg,html.regex,GL332-500x500.jpg,true,https://theone.vn/wp-content/uploads/2022/11/GL332.jpg,200,image/jpeg,16971,500,500,500,f055578c3cfd4308f18c8a936ff186e1b9e7e4dc1c03bcac945b12fe9f465863,,1,DUPLICATE,"WordPress resized derivative of an original attachment; inferior duplicate, not a separate gallery asset.",INFERRED_DERIVATIVE,C:/Users/Admin/.codex/visualizations/2026/07/16/019f6a5a-f60f-72d3-8f66-398492e30693/v10-04-image-harvest/raw/GL332/153_GL332-500x500.jpg,,,,,false,https://theone.vn/wp-content/uploads/2022/11/GL332.jpg,,580x580,1,8,USE_PROVISIONALLY_WITH_LOW_RES_DISCLOSURE; exact clean original only 580x580; never upscale.
GL332,https://theone.vn/san-pham/ghe-gl332,https://theone.vn/wp-content/uploads/2022/11/GL332-100x100.jpg,html.regex,GL332-100x100.jpg,true,https://theone.vn/wp-content/uploads/2022/11/GL332.jpg,200,image/jpeg,2267,100,100,100,04efde784f4f2430e03055f5187e4de210799b0bd21ba29acf3d2814b51243e6,,1,DUPLICATE,"WordPress resized derivative of an original attachment; inferior duplicate, not a separate gallery asset.",INFERRED_DERIVATIVE,C:/Users/Admin/.codex/visualizations/2026/07/16/019f6a5a-f60f-72d3-8f66-398492e30693/v10-04-image-harvest/raw/GL332/154_GL332-100x100.jpg,,,,,false,https://theone.vn/wp-content/uploads/2022/11/GL332.jpg,,580x580,1,8,USE_PROVISIONALLY_WITH_LOW_RES_DISCLOSURE; exact clean original only 580x580; never upscale.
GL332,https://theone.vn/san-pham/ghe-gl332,https://theone.vn/wp-content/uploads/2022/11/GL332-theonevn.jpg,html.regex,GL332-theonevn.jpg,false,,200,image/jpeg,76616,800,500,800,47c61152cc686beb86b7db7f3f80a8e72bc7ff4c0e78a4ba08f073ee122258ce,,1,SUPPLIER_LOGO,Branded marketing collage visibly contains THEONE.VN identity and/or phone number; diagonal watermark also present.,VISUAL_INSPECTED,C:/Users/Admin/.codex/visualizations/2026/07/16/019f6a5a-f60f-72d3-8f66-398492e30693/v10-04-image-harvest/raw/GL332/155_GL332-theonevn.jpg,,,,,false,https://theone.vn/wp-content/uploads/2022/11/GL332.jpg,,580x580,1,8,USE_PROVISIONALLY_WITH_LOW_RES_DISCLOSURE; exact clean original only 580x580; never upscale.
GL332,https://theone.vn/san-pham/ghe-gl332,https://theone.vn/wp-content/uploads/2022/11/GL332-theonevn-300x188.jpg,html.regex,GL332-theonevn-300x188.jpg,true,https://theone.vn/wp-content/uploads/2022/11/GL332-theonevn.jpg,200,image/jpeg,9763,300,188,300,bbd829855c08f40e44ae027835bd0e1cd421c018803b1a102efc5d4bedae8e04,,1,DUPLICATE,"WordPress resized derivative of an original attachment; inferior duplicate, not a separate gallery asset.",INFERRED_DERIVATIVE,C:/Users/Admin/.codex/visualizations/2026/07/16/019f6a5a-f60f-72d3-8f66-398492e30693/v10-04-image-harvest/raw/GL332/156_GL332-theonevn-300x188.jpg,,,,,false,https://theone.vn/wp-content/uploads/2022/11/GL332.jpg,,580x580,1,8,USE_PROVISIONALLY_WITH_LOW_RES_DISCLOSURE; exact clean original only 580x580; never upscale.
GL332,https://theone.vn/san-pham/ghe-gl332,https://theone.vn/wp-content/uploads/2022/11/GL332-theonevn-768x480.jpg,html.regex,GL332-theonevn-768x480.jpg,true,https://theone.vn/wp-content/uploads/2022/11/GL332-theonevn.jpg,200,image/jpeg,35257,768,480,768,2df0ce2436b190278dbaad29706722759a5b78cc6e06b847cbf7436af1bb8e12,,1,DUPLICATE,"WordPress resized derivative of an original attachment; inferior duplicate, not a separate gallery asset.",INFERRED_DERIVATIVE,C:/Users/Admin/.codex/visualizations/2026/07/16/019f6a5a-f60f-72d3-8f66-398492e30693/v10-04-image-harvest/raw/GL332/157_GL332-theonevn-768x480.jpg,,,,,false,https://theone.vn/wp-content/uploads/2022/11/GL332.jpg,,580x580,1,8,USE_PROVISIONALLY_WITH_LOW_RES_DISCLOSURE; exact clean original only 580x580; never upscale.
GL332,https://theone.vn/san-pham/ghe-gl332,https://theone.vn/wp-content/uploads/2022/11/GL332-theonevn-500x313.jpg,html.regex,GL332-theonevn-500x313.jpg,true,https://theone.vn/wp-content/uploads/2022/11/GL332-theonevn.jpg,200,image/jpeg,19359,500,313,500,3ae5997721852ea722933dcb1a6ecc78d761198f33e2a56e86943c1f9f39da1f,,1,DUPLICATE,"WordPress resized derivative of an original attachment; inferior duplicate, not a separate gallery asset.",INFERRED_DERIVATIVE,C:/Users/Admin/.codex/visualizations/2026/07/16/019f6a5a-f60f-72d3-8f66-398492e30693/v10-04-image-harvest/raw/GL332/158_GL332-theonevn-500x313.jpg,,,,,false,https://theone.vn/wp-content/uploads/2022/11/GL332.jpg,,580x580,1,8,USE_PROVISIONALLY_WITH_LOW_RES_DISCLOSURE; exact clean original only 580x580; never upscale.
GL333,https://theone.vn/san-pham/ghe-gl333,https://theone.vn/wp-content/uploads/2022/02/GL333-hinh01.jpg,html.regex,GL333-hinh01.jpg,false,,200,image/jpeg,27490,580,580,580,71afd9877a8ed5ab94f84fd430296c09568c4941c9804d47229298060b3b9b11,,1,LOW_RES_EXACT,"Visually clean exact-code original, but maximum edge is only 580px (below the 1000px package target).",VISUAL_INSPECTED,C:/Users/Admin/.codex/visualizations/2026/07/16/019f6a5a-f60f-72d3-8f66-398492e30693/v10-04-image-harvest/raw/GL333/159_GL333-hinh01.jpg,,MAIN,C:/Users/Admin/.codex/visualizations/2026/07/16/019f6a5a-f60f-72d3-8f66-398492e30693/v10-04-image-harvest/selected/GL333/main__GL333-hinh01.jpg,71afd9877a8ed5ab94f84fd430296c09568c4941c9804d47229298060b3b9b11,true,https://theone.vn/wp-content/uploads/2022/02/GL333-hinh01.jpg,https://theone.vn/wp-content/uploads/2022/02/GL333-hinh02.jpg,580x580,2,9,USE_PROVISIONALLY_WITH_LOW_RES_DISCLOSURE; exact clean original only 580x580; never upscale.
GL333,https://theone.vn/san-pham/ghe-gl333,https://theone.vn/wp-content/uploads/2022/02/GL333-hinh01-300x300.jpg,html.regex,GL333-hinh01-300x300.jpg,true,https://theone.vn/wp-content/uploads/2022/02/GL333-hinh01.jpg,200,image/jpeg,8838,300,300,300,fea2abe2efef8c4ad4378f74403f4041383c252101137adb10dabdc23d6016b3,,1,DUPLICATE,"WordPress resized derivative of an original attachment; inferior duplicate, not a separate gallery asset.",INFERRED_DERIVATIVE,C:/Users/Admin/.codex/visualizations/2026/07/16/019f6a5a-f60f-72d3-8f66-398492e30693/v10-04-image-harvest/raw/GL333/160_GL333-hinh01-300x300.jpg,,,,,false,https://theone.vn/wp-content/uploads/2022/02/GL333-hinh01.jpg,https://theone.vn/wp-content/uploads/2022/02/GL333-hinh02.jpg,580x580,2,9,USE_PROVISIONALLY_WITH_LOW_RES_DISCLOSURE; exact clean original only 580x580; never upscale.
GL333,https://theone.vn/san-pham/ghe-gl333,https://theone.vn/wp-content/uploads/2022/02/GL333-hinh01-150x150.jpg,html.regex,GL333-hinh01-150x150.jpg,true,https://theone.vn/wp-content/uploads/2022/02/GL333-hinh01.jpg,200,image/jpeg,3615,150,150,150,78afe4934023e54739e009bbef43ca83227bf6bafea6ae681270b348d127de99,,1,DUPLICATE,"WordPress resized derivative of an original attachment; inferior duplicate, not a separate gallery asset.",INFERRED_DERIVATIVE,C:/Users/Admin/.codex/visualizations/2026/07/16/019f6a5a-f60f-72d3-8f66-398492e30693/v10-04-image-harvest/raw/GL333/161_GL333-hinh01-150x150.jpg,,,,,false,https://theone.vn/wp-content/uploads/2022/02/GL333-hinh01.jpg,https://theone.vn/wp-content/uploads/2022/02/GL333-hinh02.jpg,580x580,2,9,USE_PROVISIONALLY_WITH_LOW_RES_DISCLOSURE; exact clean original only 580x580; never upscale.
GL333,https://theone.vn/san-pham/ghe-gl333,https://theone.vn/wp-content/uploads/2022/02/GL333-hinh01-500x500.jpg,html.regex,GL333-hinh01-500x500.jpg,true,https://theone.vn/wp-content/uploads/2022/02/GL333-hinh01.jpg,200,image/jpeg,18413,500,500,500,5919b38571e7f42debb4e384243b00f4ac10b13c55f10454495c1b56929c5d48,,1,DUPLICATE,"WordPress resized derivative of an original attachment; inferior duplicate, not a separate gallery asset.",INFERRED_DERIVATIVE,C:/Users/Admin/.codex/visualizations/2026/07/16/019f6a5a-f60f-72d3-8f66-398492e30693/v10-04-image-harvest/raw/GL333/162_GL333-hinh01-500x500.jpg,,,,,false,https://theone.vn/wp-content/uploads/2022/02/GL333-hinh01.jpg,https://theone.vn/wp-content/uploads/2022/02/GL333-hinh02.jpg,580x580,2,9,USE_PROVISIONALLY_WITH_LOW_RES_DISCLOSURE; exact clean original only 580x580; never upscale.
GL333,https://theone.vn/san-pham/ghe-gl333,https://theone.vn/wp-content/uploads/2022/02/GL333-hinh01-100x100.jpg,html.regex,GL333-hinh01-100x100.jpg,true,https://theone.vn/wp-content/uploads/2022/02/GL333-hinh01.jpg,200,image/jpeg,2477,100,100,100,c2924ff00c70926ecc9f6d51e059f34da18e693e670e666e3bcad381c4ea2500,,1,DUPLICATE,"WordPress resized derivative of an original attachment; inferior duplicate, not a separate gallery asset.",INFERRED_DERIVATIVE,C:/Users/Admin/.codex/visualizations/2026/07/16/019f6a5a-f60f-72d3-8f66-398492e30693/v10-04-image-harvest/raw/GL333/163_GL333-hinh01-100x100.jpg,,,,,false,https://theone.vn/wp-content/uploads/2022/02/GL333-hinh01.jpg,https://theone.vn/wp-content/uploads/2022/02/GL333-hinh02.jpg,580x580,2,9,USE_PROVISIONALLY_WITH_LOW_RES_DISCLOSURE; exact clean original only 580x580; never upscale.
GL333,https://theone.vn/san-pham/ghe-gl333,https://theone.vn/wp-content/uploads/2022/02/GL333-hinh02.jpg,html.regex,GL333-hinh02.jpg,false,,200,image/jpeg,35312,580,580,580,16dea689baf8d0cd3e6c1fb59da9cac2c662795c1ad06c6ae05a8a8ce85be4d0,,1,LOW_RES_EXACT,"Visually clean exact-code original, but maximum edge is only 580px (below the 1000px package target).",VISUAL_INSPECTED,C:/Users/Admin/.codex/visualizations/2026/07/16/019f6a5a-f60f-72d3-8f66-398492e30693/v10-04-image-harvest/raw/GL333/164_GL333-hinh02.jpg,,GALLERY_01,C:/Users/Admin/.codex/visualizations/2026/07/16/019f6a5a-f60f-72d3-8f66-398492e30693/v10-04-image-harvest/selected/GL333/gallery_01__GL333-hinh02.jpg,16dea689baf8d0cd3e6c1fb59da9cac2c662795c1ad06c6ae05a8a8ce85be4d0,true,https://theone.vn/wp-content/uploads/2022/02/GL333-hinh01.jpg,https://theone.vn/wp-content/uploads/2022/02/GL333-hinh02.jpg,580x580,2,9,USE_PROVISIONALLY_WITH_LOW_RES_DISCLOSURE; exact clean original only 580x580; never upscale.
GL333,https://theone.vn/san-pham/ghe-gl333,https://theone.vn/wp-content/uploads/2022/02/GL333-hinh02-300x300.jpg,html.regex,GL333-hinh02-300x300.jpg,true,https://theone.vn/wp-content/uploads/2022/02/GL333-hinh02.jpg,200,image/jpeg,10918,300,300,300,839eab0ce7f9063e6abcdab5075b451c3b968b3eaafa0e305ac62c0adbd351a6,,1,DUPLICATE,"WordPress resized derivative of an original attachment; inferior duplicate, not a separate gallery asset.",INFERRED_DERIVATIVE,C:/Users/Admin/.codex/visualizations/2026/07/16/019f6a5a-f60f-72d3-8f66-398492e30693/v10-04-image-harvest/raw/GL333/165_GL333-hinh02-300x300.jpg,,,,,false,https://theone.vn/wp-content/uploads/2022/02/GL333-hinh01.jpg,https://theone.vn/wp-content/uploads/2022/02/GL333-hinh02.jpg,580x580,2,9,USE_PROVISIONALLY_WITH_LOW_RES_DISCLOSURE; exact clean original only 580x580; never upscale.
GL333,https://theone.vn/san-pham/ghe-gl333,https://theone.vn/wp-content/uploads/2022/02/GL333-hinh02-150x150.jpg,html.regex,GL333-hinh02-150x150.jpg,true,https://theone.vn/wp-content/uploads/2022/02/GL333-hinh02.jpg,200,image/jpeg,4377,150,150,150,ec143ca93ae581a8370a2ee9282f7e8789792bd3ad13d092da87891a5f20f810,,1,DUPLICATE,"WordPress resized derivative of an original attachment; inferior duplicate, not a separate gallery asset.",INFERRED_DERIVATIVE,C:/Users/Admin/.codex/visualizations/2026/07/16/019f6a5a-f60f-72d3-8f66-398492e30693/v10-04-image-harvest/raw/GL333/166_GL333-hinh02-150x150.jpg,,,,,false,https://theone.vn/wp-content/uploads/2022/02/GL333-hinh01.jpg,https://theone.vn/wp-content/uploads/2022/02/GL333-hinh02.jpg,580x580,2,9,USE_PROVISIONALLY_WITH_LOW_RES_DISCLOSURE; exact clean original only 580x580; never upscale.
GL333,https://theone.vn/san-pham/ghe-gl333,https://theone.vn/wp-content/uploads/2022/02/GL333-hinh02-500x500.jpg,html.regex,GL333-hinh02-500x500.jpg,true,https://theone.vn/wp-content/uploads/2022/02/GL333-hinh02.jpg,200,image/jpeg,23259,500,500,500,0398e3eba0a1c149f73fdac2d24bc0b0618f29f1b72591f1fe7787c1c54d7e40,,1,DUPLICATE,"WordPress resized derivative of an original attachment; inferior duplicate, not a separate gallery asset.",INFERRED_DERIVATIVE,C:/Users/Admin/.codex/visualizations/2026/07/16/019f6a5a-f60f-72d3-8f66-398492e30693/v10-04-image-harvest/raw/GL333/167_GL333-hinh02-500x500.jpg,,,,,false,https://theone.vn/wp-content/uploads/2022/02/GL333-hinh01.jpg,https://theone.vn/wp-content/uploads/2022/02/GL333-hinh02.jpg,580x580,2,9,USE_PROVISIONALLY_WITH_LOW_RES_DISCLOSURE; exact clean original only 580x580; never upscale.
GL333,https://theone.vn/san-pham/ghe-gl333,https://theone.vn/wp-content/uploads/2022/02/GL333-hinh02-100x100.jpg,html.regex,GL333-hinh02-100x100.jpg,true,https://theone.vn/wp-content/uploads/2022/02/GL333-hinh02.jpg,200,image/jpeg,2762,100,100,100,b60036657ca0a59ab676525918d3437db171f84c7c406c513cf8f3349de27e0d,,1,DUPLICATE,"WordPress resized derivative of an original attachment; inferior duplicate, not a separate gallery asset.",INFERRED_DERIVATIVE,C:/Users/Admin/.codex/visualizations/2026/07/16/019f6a5a-f60f-72d3-8f66-398492e30693/v10-04-image-harvest/raw/GL333/168_GL333-hinh02-100x100.jpg,,,,,false,https://theone.vn/wp-content/uploads/2022/02/GL333-hinh01.jpg,https://theone.vn/wp-content/uploads/2022/02/GL333-hinh02.jpg,580x580,2,9,USE_PROVISIONALLY_WITH_LOW_RES_DISCLOSURE; exact clean original only 580x580; never upscale.
GL333,https://theone.vn/san-pham/ghe-gl333,"https://theone.vn/wp-content/uploads/2022/02/GL333-hinh01.jpg&quot;,&quot;srcset&quot;:&quot;https://theone.vn/wp-content/uploads/2022/02/GL333-hinh01.jpg",html.regex,GL333-hinh01.jpg,false,,,,0,0,0,0,,,,REJECT,Malformed HTML-regex URL containing encoded quote payload; not a real attachment URL.,NOT_APPLICABLE,,MALFORMED_HTML_REGEX_URL,,,,false,https://theone.vn/wp-content/uploads/2022/02/GL333-hinh01.jpg,https://theone.vn/wp-content/uploads/2022/02/GL333-hinh02.jpg,580x580,2,9,USE_PROVISIONALLY_WITH_LOW_RES_DISCLOSURE; exact clean original only 580x580; never upscale.
GL334,https://theone.vn/san-pham/ghe-gl334,https://theone.vn/wp-content/uploads/2022/02/GL334.jpg,html.regex,GL334.jpg,false,,200,image/jpeg,26870,580,580,580,1f8aa83707f137a6a7aae798f45779292e6bbd06cf29a572b8f7c9592c721158,,1,LOW_RES_EXACT,"Visually clean exact-code original, but maximum edge is only 580px (below the 1000px package target).",VISUAL_INSPECTED,C:/Users/Admin/.codex/visualizations/2026/07/16/019f6a5a-f60f-72d3-8f66-398492e30693/v10-04-image-harvest/raw/GL334/170_GL334.jpg,,MAIN,C:/Users/Admin/.codex/visualizations/2026/07/16/019f6a5a-f60f-72d3-8f66-398492e30693/v10-04-image-harvest/selected/GL334/main__GL334.jpg,1f8aa83707f137a6a7aae798f45779292e6bbd06cf29a572b8f7c9592c721158,true,https://theone.vn/wp-content/uploads/2022/02/GL334.jpg,,580x580,1,4,USE_PROVISIONALLY_WITH_LOW_RES_DISCLOSURE; exact clean original only 580x580; never upscale.
GL334,https://theone.vn/san-pham/ghe-gl334,https://theone.vn/wp-content/uploads/2022/02/GL334-300x300.jpg,html.regex,GL334-300x300.jpg,true,https://theone.vn/wp-content/uploads/2022/02/GL334.jpg,200,image/jpeg,8751,300,300,300,abe5efdc19c3754c1e95d8bc04657a1a074880beb7a0a587a113113f59d5eb3c,,1,DUPLICATE,"WordPress resized derivative of an original attachment; inferior duplicate, not a separate gallery asset.",INFERRED_DERIVATIVE,C:/Users/Admin/.codex/visualizations/2026/07/16/019f6a5a-f60f-72d3-8f66-398492e30693/v10-04-image-harvest/raw/GL334/171_GL334-300x300.jpg,,,,,false,https://theone.vn/wp-content/uploads/2022/02/GL334.jpg,,580x580,1,4,USE_PROVISIONALLY_WITH_LOW_RES_DISCLOSURE; exact clean original only 580x580; never upscale.
GL334,https://theone.vn/san-pham/ghe-gl334,https://theone.vn/wp-content/uploads/2022/02/GL334-150x150.jpg,html.regex,GL334-150x150.jpg,true,https://theone.vn/wp-content/uploads/2022/02/GL334.jpg,200,image/jpeg,3704,150,150,150,87fdb0858a70059e49ad18ea5d838d51badf80d283c4bf0a7f83f4b97f5493d9,,1,DUPLICATE,"WordPress resized derivative of an original attachment; inferior duplicate, not a separate gallery asset.",INFERRED_DERIVATIVE,C:/Users/Admin/.codex/visualizations/2026/07/16/019f6a5a-f60f-72d3-8f66-398492e30693/v10-04-image-harvest/raw/GL334/172_GL334-150x150.jpg,,,,,false,https://theone.vn/wp-content/uploads/2022/02/GL334.jpg,,580x580,1,4,USE_PROVISIONALLY_WITH_LOW_RES_DISCLOSURE; exact clean original only 580x580; never upscale.
GL334,https://theone.vn/san-pham/ghe-gl334,https://theone.vn/wp-content/uploads/2022/02/GL334-500x500.jpg,html.regex,GL334-500x500.jpg,true,https://theone.vn/wp-content/uploads/2022/02/GL334.jpg,200,image/jpeg,17878,500,500,500,8672b0169f98d2ad5960dc3f4943c29d14ae3227406788e49b3c47a882393376,,1,DUPLICATE,"WordPress resized derivative of an original attachment; inferior duplicate, not a separate gallery asset.",INFERRED_DERIVATIVE,C:/Users/Admin/.codex/visualizations/2026/07/16/019f6a5a-f60f-72d3-8f66-398492e30693/v10-04-image-harvest/raw/GL334/173_GL334-500x500.jpg,,,,,false,https://theone.vn/wp-content/uploads/2022/02/GL334.jpg,,580x580,1,4,USE_PROVISIONALLY_WITH_LOW_RES_DISCLOSURE; exact clean original only 580x580; never upscale.
GL334,https://theone.vn/san-pham/ghe-gl334,https://theone.vn/wp-content/uploads/2022/02/GL334-100x100.jpg,html.regex,GL334-100x100.jpg,true,https://theone.vn/wp-content/uploads/2022/02/GL334.jpg,200,image/jpeg,2386,100,100,100,2b5c3a76abc9512da405533fcf6f8f0b5a321adf9d9078ee8462e65fb4c10ff5,,1,DUPLICATE,"WordPress resized derivative of an original attachment; inferior duplicate, not a separate gallery asset.",INFERRED_DERIVATIVE,C:/Users/Admin/.codex/visualizations/2026/07/16/019f6a5a-f60f-72d3-8f66-398492e30693/v10-04-image-harvest/raw/GL334/174_GL334-100x100.jpg,,,,,false,https://theone.vn/wp-content/uploads/2022/02/GL334.jpg,,580x580,1,4,USE_PROVISIONALLY_WITH_LOW_RES_DISCLOSURE; exact clean original only 580x580; never upscale.
GL335,https://theone.vn/san-pham/ghe-gl335,https://theone.vn/wp-content/uploads/2022/05/theonevn-GL335.jpg,html.regex,theonevn-GL335.jpg,false,,200,image/jpeg,44010,580,580,580,651079a4901cbe43ee67ae91db771c61098d90480aa88f7ee95b9c7ee4da60fb,,1,WATERMARK,"Exact product image, but repeated diagonal theone.vn watermark is visibly embedded in the pixels.",VISUAL_INSPECTED,C:/Users/Admin/.codex/visualizations/2026/07/16/019f6a5a-f60f-72d3-8f66-398492e30693/v10-04-image-harvest/raw/GL335/175_theonevn-GL335.jpg,,,,,false,,,NONE,0,19,"NO_CLEAN_EXACT; do not substitute, crop, blur, redraw, or upscale a rejected candidate."
GL335,https://theone.vn/san-pham/ghe-gl335,https://theone.vn/wp-content/uploads/2022/05/theonevn-GL335-300x300.jpg,html.regex,theonevn-GL335-300x300.jpg,true,https://theone.vn/wp-content/uploads/2022/05/theonevn-GL335.jpg,200,image/jpeg,8884,300,300,300,20d4d130860348828087bd7ef823ac9dc3ed7f4f677cce5b7cc6d9e54ed9c76a,,1,DUPLICATE,"WordPress resized derivative of an original attachment; inferior duplicate, not a separate gallery asset.",INFERRED_DERIVATIVE,C:/Users/Admin/.codex/visualizations/2026/07/16/019f6a5a-f60f-72d3-8f66-398492e30693/v10-04-image-harvest/raw/GL335/176_theonevn-GL335-300x300.jpg,,,,,false,,,NONE,0,19,"NO_CLEAN_EXACT; do not substitute, crop, blur, redraw, or upscale a rejected candidate."
GL335,https://theone.vn/san-pham/ghe-gl335,https://theone.vn/wp-content/uploads/2022/05/theonevn-GL335-150x150.jpg,html.regex,theonevn-GL335-150x150.jpg,true,https://theone.vn/wp-content/uploads/2022/05/theonevn-GL335.jpg,200,image/jpeg,3553,150,150,150,482c153770e4f4e42704d76e94c2b6a5d84880d8001af76048aeab68223df138,,1,DUPLICATE,"WordPress resized derivative of an original attachment; inferior duplicate, not a separate gallery asset.",INFERRED_DERIVATIVE,C:/Users/Admin/.codex/visualizations/2026/07/16/019f6a5a-f60f-72d3-8f66-398492e30693/v10-04-image-harvest/raw/GL335/177_theonevn-GL335-150x150.jpg,,,,,false,,,NONE,0,19,"NO_CLEAN_EXACT; do not substitute, crop, blur, redraw, or upscale a rejected candidate."
GL335,https://theone.vn/san-pham/ghe-gl335,https://theone.vn/wp-content/uploads/2022/05/theonevn-GL335-500x500.jpg,html.regex,theonevn-GL335-500x500.jpg,true,https://theone.vn/wp-content/uploads/2022/05/theonevn-GL335.jpg,200,image/jpeg,19119,500,500,500,e95cb0dda1315cc81d0e62f6bca83c2008689abf8169bd7f959963950e1b61cc,,1,DUPLICATE,"WordPress resized derivative of an original attachment; inferior duplicate, not a separate gallery asset.",INFERRED_DERIVATIVE,C:/Users/Admin/.codex/visualizations/2026/07/16/019f6a5a-f60f-72d3-8f66-398492e30693/v10-04-image-harvest/raw/GL335/178_theonevn-GL335-500x500.jpg,,,,,false,,,NONE,0,19,"NO_CLEAN_EXACT; do not substitute, crop, blur, redraw, or upscale a rejected candidate."
GL335,https://theone.vn/san-pham/ghe-gl335,https://theone.vn/wp-content/uploads/2022/05/theonevn-GL335-100x100.jpg,html.regex,theonevn-GL335-100x100.jpg,true,https://theone.vn/wp-content/uploads/2022/05/theonevn-GL335.jpg,200,image/jpeg,2362,100,100,100,b813b9e97208ce7692a8df4fb4413ae9251401c4ad2fa6ccbc4117f2161354b0,,1,DUPLICATE,"WordPress resized derivative of an original attachment; inferior duplicate, not a separate gallery asset.",INFERRED_DERIVATIVE,C:/Users/Admin/.codex/visualizations/2026/07/16/019f6a5a-f60f-72d3-8f66-398492e30693/v10-04-image-harvest/raw/GL335/179_theonevn-GL335-100x100.jpg,,,,,false,,,NONE,0,19,"NO_CLEAN_EXACT; do not substitute, crop, blur, redraw, or upscale a rejected candidate."
GL335,https://theone.vn/san-pham/ghe-gl335,https://theone.vn/wp-content/uploads/2022/05/theonevn-GL335_1.jpg,html.regex,theonevn-GL335_1.jpg,false,,200,image/jpeg,32053,580,580,580,443ff459672854c351a2b010a66af698effa1d1f05664c28c7a79e988304dee7,,1,WATERMARK,"Exact product image, but repeated diagonal theone.vn watermark is visibly embedded in the pixels.",VISUAL_INSPECTED,C:/Users/Admin/.codex/visualizations/2026/07/16/019f6a5a-f60f-72d3-8f66-398492e30693/v10-04-image-harvest/raw/GL335/180_theonevn-GL335_1.jpg,,,,,false,,,NONE,0,19,"NO_CLEAN_EXACT; do not substitute, crop, blur, redraw, or upscale a rejected candidate."
GL335,https://theone.vn/san-pham/ghe-gl335,https://theone.vn/wp-content/uploads/2022/05/theonevn-GL335_1-300x300.jpg,html.regex,theonevn-GL335_1-300x300.jpg,true,https://theone.vn/wp-content/uploads/2022/05/theonevn-GL335_1.jpg,200,image/jpeg,7668,300,300,300,8781be7d21b262cc2ff4ebb2419bc739d55cc796a789363096fd6aa521388438,,1,DUPLICATE,"WordPress resized derivative of an original attachment; inferior duplicate, not a separate gallery asset.",INFERRED_DERIVATIVE,C:/Users/Admin/.codex/visualizations/2026/07/16/019f6a5a-f60f-72d3-8f66-398492e30693/v10-04-image-harvest/raw/GL335/181_theonevn-GL335_1-300x300.jpg,,,,,false,,,NONE,0,19,"NO_CLEAN_EXACT; do not substitute, crop, blur, redraw, or upscale a rejected candidate."
GL335,https://theone.vn/san-pham/ghe-gl335,https://theone.vn/wp-content/uploads/2022/05/theonevn-GL335_1-150x150.jpg,html.regex,theonevn-GL335_1-150x150.jpg,true,https://theone.vn/wp-content/uploads/2022/05/theonevn-GL335_1.jpg,200,image/jpeg,3252,150,150,150,f9a475b0f823194c74689a25f8e4551256123fd18fd074a6abebbc8980d68266,,1,DUPLICATE,"WordPress resized derivative of an original attachment; inferior duplicate, not a separate gallery asset.",INFERRED_DERIVATIVE,C:/Users/Admin/.codex/visualizations/2026/07/16/019f6a5a-f60f-72d3-8f66-398492e30693/v10-04-image-harvest/raw/GL335/182_theonevn-GL335_1-150x150.jpg,,,,,false,,,NONE,0,19,"NO_CLEAN_EXACT; do not substitute, crop, blur, redraw, or upscale a rejected candidate."
GL335,https://theone.vn/san-pham/ghe-gl335,https://theone.vn/wp-content/uploads/2022/05/theonevn-GL335_1-500x500.jpg,html.regex,theonevn-GL335_1-500x500.jpg,true,https://theone.vn/wp-content/uploads/2022/05/theonevn-GL335_1.jpg,200,image/jpeg,15570,500,500,500,f169aa5e15e5bc5631fabe54a0feaa1e6556f98311aaa1e73ac3c8b871deb568,,1,DUPLICATE,"WordPress resized derivative of an original attachment; inferior duplicate, not a separate gallery asset.",INFERRED_DERIVATIVE,C:/Users/Admin/.codex/visualizations/2026/07/16/019f6a5a-f60f-72d3-8f66-398492e30693/v10-04-image-harvest/raw/GL335/183_theonevn-GL335_1-500x500.jpg,,,,,false,,,NONE,0,19,"NO_CLEAN_EXACT; do not substitute, crop, blur, redraw, or upscale a rejected candidate."
GL335,https://theone.vn/san-pham/ghe-gl335,https://theone.vn/wp-content/uploads/2022/05/theonevn-GL335_1-100x100.jpg,html.regex,theonevn-GL335_1-100x100.jpg,true,https://theone.vn/wp-content/uploads/2022/05/theonevn-GL335_1.jpg,200,image/jpeg,2206,100,100,100,3de553d1cde16d53c1817603e0918d371cffcada1ebfe9a3f95b55e892f828c1,,1,DUPLICATE,"WordPress resized derivative of an original attachment; inferior duplicate, not a separate gallery asset.",INFERRED_DERIVATIVE,C:/Users/Admin/.codex/visualizations/2026/07/16/019f6a5a-f60f-72d3-8f66-398492e30693/v10-04-image-harvest/raw/GL335/184_theonevn-GL335_1-100x100.jpg,,,,,false,,,NONE,0,19,"NO_CLEAN_EXACT; do not substitute, crop, blur, redraw, or upscale a rejected candidate."
GL335,https://theone.vn/san-pham/ghe-gl335,https://theone.vn/wp-content/uploads/2022/05/theonevn-GL335_2.jpg,html.regex,theonevn-GL335_2.jpg,false,,200,image/jpeg,42349,580,580,580,7fc7f50f02522eed3233180374f6a9627c42be3ace345571b6e618e7faff1a22,,1,WATERMARK,"Exact product image, but repeated diagonal theone.vn watermark is visibly embedded in the pixels.",VISUAL_INSPECTED,C:/Users/Admin/.codex/visualizations/2026/07/16/019f6a5a-f60f-72d3-8f66-398492e30693/v10-04-image-harvest/raw/GL335/185_theonevn-GL335_2.jpg,,,,,false,,,NONE,0,19,"NO_CLEAN_EXACT; do not substitute, crop, blur, redraw, or upscale a rejected candidate."
GL335,https://theone.vn/san-pham/ghe-gl335,https://theone.vn/wp-content/uploads/2022/05/theonevn-GL335_2-300x300.jpg,html.regex,theonevn-GL335_2-300x300.jpg,true,https://theone.vn/wp-content/uploads/2022/05/theonevn-GL335_2.jpg,200,image/jpeg,8873,300,300,300,e030d667cd72caa30a8b63f138c3e48184cef59cc1c218154a7b6b8390ad1d75,,1,DUPLICATE,"WordPress resized derivative of an original attachment; inferior duplicate, not a separate gallery asset.",INFERRED_DERIVATIVE,C:/Users/Admin/.codex/visualizations/2026/07/16/019f6a5a-f60f-72d3-8f66-398492e30693/v10-04-image-harvest/raw/GL335/186_theonevn-GL335_2-300x300.jpg,,,,,false,,,NONE,0,19,"NO_CLEAN_EXACT; do not substitute, crop, blur, redraw, or upscale a rejected candidate."
GL335,https://theone.vn/san-pham/ghe-gl335,https://theone.vn/wp-content/uploads/2022/05/theonevn-GL335_2-150x150.jpg,html.regex,theonevn-GL335_2-150x150.jpg,true,https://theone.vn/wp-content/uploads/2022/05/theonevn-GL335_2.jpg,200,image/jpeg,3540,150,150,150,18146e5baa6105db6b8c60390d76482264ffec6cf67f05d0fd16a3ff6454760a,,1,DUPLICATE,"WordPress resized derivative of an original attachment; inferior duplicate, not a separate gallery asset.",INFERRED_DERIVATIVE,C:/Users/Admin/.codex/visualizations/2026/07/16/019f6a5a-f60f-72d3-8f66-398492e30693/v10-04-image-harvest/raw/GL335/187_theonevn-GL335_2-150x150.jpg,,,,,false,,,NONE,0,19,"NO_CLEAN_EXACT; do not substitute, crop, blur, redraw, or upscale a rejected candidate."
GL335,https://theone.vn/san-pham/ghe-gl335,https://theone.vn/wp-content/uploads/2022/05/theonevn-GL335_2-500x500.jpg,html.regex,theonevn-GL335_2-500x500.jpg,true,https://theone.vn/wp-content/uploads/2022/05/theonevn-GL335_2.jpg,200,image/jpeg,19129,500,500,500,75c9e0afd340de5c11bc213dc4d318bbdf2e377e7c35975e61e3270635003e8e,,1,DUPLICATE,"WordPress resized derivative of an original attachment; inferior duplicate, not a separate gallery asset.",INFERRED_DERIVATIVE,C:/Users/Admin/.codex/visualizations/2026/07/16/019f6a5a-f60f-72d3-8f66-398492e30693/v10-04-image-harvest/raw/GL335/188_theonevn-GL335_2-500x500.jpg,,,,,false,,,NONE,0,19,"NO_CLEAN_EXACT; do not substitute, crop, blur, redraw, or upscale a rejected candidate."
GL335,https://theone.vn/san-pham/ghe-gl335,https://theone.vn/wp-content/uploads/2022/05/theonevn-GL335_2-100x100.jpg,html.regex,theonevn-GL335_2-100x100.jpg,true,https://theone.vn/wp-content/uploads/2022/05/theonevn-GL335_2.jpg,200,image/jpeg,2369,100,100,100,39bcc29196345d49433a37a70b725fc999ac6e2634f24b521bd769a74a0f66b4,,1,DUPLICATE,"WordPress resized derivative of an original attachment; inferior duplicate, not a separate gallery asset.",INFERRED_DERIVATIVE,C:/Users/Admin/.codex/visualizations/2026/07/16/019f6a5a-f60f-72d3-8f66-398492e30693/v10-04-image-harvest/raw/GL335/189_theonevn-GL335_2-100x100.jpg,,,,,false,,,NONE,0,19,"NO_CLEAN_EXACT; do not substitute, crop, blur, redraw, or upscale a rejected candidate."
GL335,https://theone.vn/san-pham/ghe-gl335,https://theone.vn/wp-content/uploads/2022/05/theone-800-GL335.jpg,html.regex,theone-800-GL335.jpg,false,,200,image/jpeg,103767,800,500,800,7c7bb0527b0a3f589f46fce54050383169130b5b8a3041a8f770ddc744307d1c,,1,SUPPLIER_LOGO,Branded marketing collage visibly contains THEONE.VN identity and/or phone number; diagonal watermark also present.,VISUAL_INSPECTED,C:/Users/Admin/.codex/visualizations/2026/07/16/019f6a5a-f60f-72d3-8f66-398492e30693/v10-04-image-harvest/raw/GL335/190_theone-800-GL335.jpg,,,,,false,,,NONE,0,19,"NO_CLEAN_EXACT; do not substitute, crop, blur, redraw, or upscale a rejected candidate."
GL335,https://theone.vn/san-pham/ghe-gl335,https://theone.vn/wp-content/uploads/2022/05/theone-800-GL335-300x188.jpg,html.regex,theone-800-GL335-300x188.jpg,true,https://theone.vn/wp-content/uploads/2022/05/theone-800-GL335.jpg,200,image/jpeg,13533,300,188,300,d5f90a6822959ec08bd526933d657216d8b65b862f8dbc5f94fae3ea5a08830e,,1,DUPLICATE,"WordPress resized derivative of an original attachment; inferior duplicate, not a separate gallery asset.",INFERRED_DERIVATIVE,C:/Users/Admin/.codex/visualizations/2026/07/16/019f6a5a-f60f-72d3-8f66-398492e30693/v10-04-image-harvest/raw/GL335/191_theone-800-GL335-300x188.jpg,,,,,false,,,NONE,0,19,"NO_CLEAN_EXACT; do not substitute, crop, blur, redraw, or upscale a rejected candidate."
GL335,https://theone.vn/san-pham/ghe-gl335,https://theone.vn/wp-content/uploads/2022/05/theone-800-GL335-768x480.jpg,html.regex,theone-800-GL335-768x480.jpg,true,https://theone.vn/wp-content/uploads/2022/05/theone-800-GL335.jpg,200,image/jpeg,49470,768,480,768,6a1b7632317f2437abec8572823bab4fad7a131514b41f5597df3495fceaf74a,,1,DUPLICATE,"WordPress resized derivative of an original attachment; inferior duplicate, not a separate gallery asset.",INFERRED_DERIVATIVE,C:/Users/Admin/.codex/visualizations/2026/07/16/019f6a5a-f60f-72d3-8f66-398492e30693/v10-04-image-harvest/raw/GL335/192_theone-800-GL335-768x480.jpg,,,,,false,,,NONE,0,19,"NO_CLEAN_EXACT; do not substitute, crop, blur, redraw, or upscale a rejected candidate."
GL335,https://theone.vn/san-pham/ghe-gl335,https://theone.vn/wp-content/uploads/2022/05/theone-800-GL335-500x313.jpg,html.regex,theone-800-GL335-500x313.jpg,true,https://theone.vn/wp-content/uploads/2022/05/theone-800-GL335.jpg,200,image/jpeg,27329,500,313,500,88c15d24f239f7021ea922fa2c84f321caec991e763b8c58bf4b0b8fc787846b,,1,DUPLICATE,"WordPress resized derivative of an original attachment; inferior duplicate, not a separate gallery asset.",INFERRED_DERIVATIVE,C:/Users/Admin/.codex/visualizations/2026/07/16/019f6a5a-f60f-72d3-8f66-398492e30693/v10-04-image-harvest/raw/GL335/193_theone-800-GL335-500x313.jpg,,,,,false,,,NONE,0,19,"NO_CLEAN_EXACT; do not substitute, crop, blur, redraw, or upscale a rejected candidate."
GL336,https://theone.vn/san-pham/ghe-gl336,https://theone.vn/wp-content/uploads/2022/05/GL336.jpg,html.regex,GL336.jpg,false,,200,image/jpeg,29274,580,580,580,8a432cab09a04f442f7062e4621e8d6ceb1a9055bb87cdcd0149eb131b30c5d2,,1,LOW_RES_EXACT,"Visually clean exact-code original, but maximum edge is only 580px (below the 1000px package target).",VISUAL_INSPECTED,C:/Users/Admin/.codex/visualizations/2026/07/16/019f6a5a-f60f-72d3-8f66-398492e30693/v10-04-image-harvest/raw/GL336/194_GL336.jpg,,MAIN,C:/Users/Admin/.codex/visualizations/2026/07/16/019f6a5a-f60f-72d3-8f66-398492e30693/v10-04-image-harvest/selected/GL336/main__GL336.jpg,8a432cab09a04f442f7062e4621e8d6ceb1a9055bb87cdcd0149eb131b30c5d2,true,https://theone.vn/wp-content/uploads/2022/05/GL336.jpg,,580x580,1,5,USE_PROVISIONALLY_WITH_LOW_RES_DISCLOSURE; exact clean original only 580x580; never upscale.
GL336,https://theone.vn/san-pham/ghe-gl336,https://theone.vn/wp-content/uploads/2022/05/GL336-300x300.jpg,html.regex,GL336-300x300.jpg,true,https://theone.vn/wp-content/uploads/2022/05/GL336.jpg,200,image/jpeg,8816,300,300,300,8348c5dd026ac2a8fde21696df20658634002d7fa9845c04ae8a6205b86baf05,,1,DUPLICATE,"WordPress resized derivative of an original attachment; inferior duplicate, not a separate gallery asset.",INFERRED_DERIVATIVE,C:/Users/Admin/.codex/visualizations/2026/07/16/019f6a5a-f60f-72d3-8f66-398492e30693/v10-04-image-harvest/raw/GL336/195_GL336-300x300.jpg,,,,,false,https://theone.vn/wp-content/uploads/2022/05/GL336.jpg,,580x580,1,5,USE_PROVISIONALLY_WITH_LOW_RES_DISCLOSURE; exact clean original only 580x580; never upscale.
GL336,https://theone.vn/san-pham/ghe-gl336,https://theone.vn/wp-content/uploads/2022/05/GL336-150x150.jpg,html.regex,GL336-150x150.jpg,true,https://theone.vn/wp-content/uploads/2022/05/GL336.jpg,200,image/jpeg,3705,150,150,150,bb16ec9cdb7e1580715d8e2c78403c999f29092a06f70dcffd9b20e4a7e76f80,,1,DUPLICATE,"WordPress resized derivative of an original attachment; inferior duplicate, not a separate gallery asset.",INFERRED_DERIVATIVE,C:/Users/Admin/.codex/visualizations/2026/07/16/019f6a5a-f60f-72d3-8f66-398492e30693/v10-04-image-harvest/raw/GL336/196_GL336-150x150.jpg,,,,,false,https://theone.vn/wp-content/uploads/2022/05/GL336.jpg,,580x580,1,5,USE_PROVISIONALLY_WITH_LOW_RES_DISCLOSURE; exact clean original only 580x580; never upscale.
GL336,https://theone.vn/san-pham/ghe-gl336,https://theone.vn/wp-content/uploads/2022/05/GL336-500x500.jpg,html.regex,GL336-500x500.jpg,true,https://theone.vn/wp-content/uploads/2022/05/GL336.jpg,200,image/jpeg,18535,500,500,500,308a85e4588ede52978df71f399a4c79375ff38bca73cc5aafe3ed877a36d608,,1,DUPLICATE,"WordPress resized derivative of an original attachment; inferior duplicate, not a separate gallery asset.",INFERRED_DERIVATIVE,C:/Users/Admin/.codex/visualizations/2026/07/16/019f6a5a-f60f-72d3-8f66-398492e30693/v10-04-image-harvest/raw/GL336/197_GL336-500x500.jpg,,,,,false,https://theone.vn/wp-content/uploads/2022/05/GL336.jpg,,580x580,1,5,USE_PROVISIONALLY_WITH_LOW_RES_DISCLOSURE; exact clean original only 580x580; never upscale.
GL336,https://theone.vn/san-pham/ghe-gl336,https://theone.vn/wp-content/uploads/2022/05/GL336-100x100.jpg,html.regex,GL336-100x100.jpg,true,https://theone.vn/wp-content/uploads/2022/05/GL336.jpg,200,image/jpeg,2451,100,100,100,baa9e7e73a580907f428141b2bbaf1d564f0a0752e12822e2179aae66a4c6bb6,,1,DUPLICATE,"WordPress resized derivative of an original attachment; inferior duplicate, not a separate gallery asset.",INFERRED_DERIVATIVE,C:/Users/Admin/.codex/visualizations/2026/07/16/019f6a5a-f60f-72d3-8f66-398492e30693/v10-04-image-harvest/raw/GL336/198_GL336-100x100.jpg,,,,,false,https://theone.vn/wp-content/uploads/2022/05/GL336.jpg,,580x580,1,5,USE_PROVISIONALLY_WITH_LOW_RES_DISCLOSURE; exact clean original only 580x580; never upscale.
GL336,https://theone.vn/san-pham/ghe-gl336,"https://theone.vn/wp-content/uploads/2022/05/GL336.jpg&quot;,&quot;srcset&quot;:&quot;https://theone.vn/wp-content/uploads/2022/05/GL336.jpg",html.regex,GL336.jpg,false,,,,0,0,0,0,,,,REJECT,Malformed HTML-regex URL containing encoded quote payload; not a real attachment URL.,NOT_APPLICABLE,,MALFORMED_HTML_REGEX_URL,,,,false,https://theone.vn/wp-content/uploads/2022/05/GL336.jpg,,580x580,1,5,USE_PROVISIONALLY_WITH_LOW_RES_DISCLOSURE; exact clean original only 580x580; never upscale.
GL338,https://theone.vn/san-pham/ghe-gl338,https://theone.vn/wp-content/uploads/2022/05/GL338.jpg,html.regex,GL338.jpg,false,,200,image/jpeg,35611,580,580,580,62c5443a8bb287600bb79ce2d94aacd828af163c4eb7d272ed16920623596aec,,1,LOW_RES_EXACT,"Visually clean exact-code original, but maximum edge is only 580px (below the 1000px package target).",VISUAL_INSPECTED,C:/Users/Admin/.codex/visualizations/2026/07/16/019f6a5a-f60f-72d3-8f66-398492e30693/v10-04-image-harvest/raw/GL338/200_GL338.jpg,,MAIN,C:/Users/Admin/.codex/visualizations/2026/07/16/019f6a5a-f60f-72d3-8f66-398492e30693/v10-04-image-harvest/selected/GL338/main__GL338.jpg,62c5443a8bb287600bb79ce2d94aacd828af163c4eb7d272ed16920623596aec,true,https://theone.vn/wp-content/uploads/2022/05/GL338.jpg,,580x580,1,5,USE_PROVISIONALLY_WITH_LOW_RES_DISCLOSURE; exact clean original only 580x580; never upscale.
GL338,https://theone.vn/san-pham/ghe-gl338,https://theone.vn/wp-content/uploads/2022/05/GL338-300x300.jpg,html.regex,GL338-300x300.jpg,true,https://theone.vn/wp-content/uploads/2022/05/GL338.jpg,200,image/jpeg,8269,300,300,300,08fa44cf4adce57f4d543b4f866636ef712d4108ed80e604405664e395c8a872,,1,DUPLICATE,"WordPress resized derivative of an original attachment; inferior duplicate, not a separate gallery asset.",INFERRED_DERIVATIVE,C:/Users/Admin/.codex/visualizations/2026/07/16/019f6a5a-f60f-72d3-8f66-398492e30693/v10-04-image-harvest/raw/GL338/201_GL338-300x300.jpg,,,,,false,https://theone.vn/wp-content/uploads/2022/05/GL338.jpg,,580x580,1,5,USE_PROVISIONALLY_WITH_LOW_RES_DISCLOSURE; exact clean original only 580x580; never upscale.
GL338,https://theone.vn/san-pham/ghe-gl338,https://theone.vn/wp-content/uploads/2022/05/GL338-150x150.jpg,html.regex,GL338-150x150.jpg,true,https://theone.vn/wp-content/uploads/2022/05/GL338.jpg,200,image/jpeg,3480,150,150,150,f8b505c3a1518df4e88dd0e2a98aaa97c7d79249b5065a2207e33b816621b9e6,,1,DUPLICATE,"WordPress resized derivative of an original attachment; inferior duplicate, not a separate gallery asset.",INFERRED_DERIVATIVE,C:/Users/Admin/.codex/visualizations/2026/07/16/019f6a5a-f60f-72d3-8f66-398492e30693/v10-04-image-harvest/raw/GL338/202_GL338-150x150.jpg,,,,,false,https://theone.vn/wp-content/uploads/2022/05/GL338.jpg,,580x580,1,5,USE_PROVISIONALLY_WITH_LOW_RES_DISCLOSURE; exact clean original only 580x580; never upscale.
GL338,https://theone.vn/san-pham/ghe-gl338,https://theone.vn/wp-content/uploads/2022/05/GL338-500x500.jpg,html.regex,GL338-500x500.jpg,true,https://theone.vn/wp-content/uploads/2022/05/GL338.jpg,200,image/jpeg,17055,500,500,500,2341878b0c384bb0e24a5e2a76d3933b8002a3cdf65c05cff2e946350122dfd9,,1,DUPLICATE,"WordPress resized derivative of an original attachment; inferior duplicate, not a separate gallery asset.",INFERRED_DERIVATIVE,C:/Users/Admin/.codex/visualizations/2026/07/16/019f6a5a-f60f-72d3-8f66-398492e30693/v10-04-image-harvest/raw/GL338/203_GL338-500x500.jpg,,,,,false,https://theone.vn/wp-content/uploads/2022/05/GL338.jpg,,580x580,1,5,USE_PROVISIONALLY_WITH_LOW_RES_DISCLOSURE; exact clean original only 580x580; never upscale.
GL338,https://theone.vn/san-pham/ghe-gl338,https://theone.vn/wp-content/uploads/2022/05/GL338-100x100.jpg,html.regex,GL338-100x100.jpg,true,https://theone.vn/wp-content/uploads/2022/05/GL338.jpg,200,image/jpeg,2376,100,100,100,84105b2695161b4b0b4d44d2fc392cfe72a86add8fb357146b3d0bee5be40a9c,,1,DUPLICATE,"WordPress resized derivative of an original attachment; inferior duplicate, not a separate gallery asset.",INFERRED_DERIVATIVE,C:/Users/Admin/.codex/visualizations/2026/07/16/019f6a5a-f60f-72d3-8f66-398492e30693/v10-04-image-harvest/raw/GL338/204_GL338-100x100.jpg,,,,,false,https://theone.vn/wp-content/uploads/2022/05/GL338.jpg,,580x580,1,5,USE_PROVISIONALLY_WITH_LOW_RES_DISCLOSURE; exact clean original only 580x580; never upscale.
GL338,https://theone.vn/san-pham/ghe-gl338,"https://theone.vn/wp-content/uploads/2022/05/GL338.jpg&quot;,&quot;srcset&quot;:&quot;https://theone.vn/wp-content/uploads/2022/05/GL338.jpg",html.regex,GL338.jpg,false,,,,0,0,0,0,,,,REJECT,Malformed HTML-regex URL containing encoded quote payload; not a real attachment URL.,NOT_APPLICABLE,,MALFORMED_HTML_REGEX_URL,,,,false,https://theone.vn/wp-content/uploads/2022/05/GL338.jpg,,580x580,1,5,USE_PROVISIONALLY_WITH_LOW_RES_DISCLOSURE; exact clean original only 580x580; never upscale.
GL343,https://theone.vn/san-pham/gl343,https://theone.vn/wp-content/uploads/2022/08/GL343.jpg,html.regex,GL343.jpg,false,,200,image/jpeg,35762,580,580,580,4d337465724715173348c97061062020c64b9e69ab84047a9e1a04a52948fe27,,1,LOW_RES_EXACT,"Visually clean exact-code original, but maximum edge is only 580px (below the 1000px package target).",VISUAL_INSPECTED,C:/Users/Admin/.codex/visualizations/2026/07/16/019f6a5a-f60f-72d3-8f66-398492e30693/v10-04-image-harvest/raw/GL343/206_GL343.jpg,,MAIN,C:/Users/Admin/.codex/visualizations/2026/07/16/019f6a5a-f60f-72d3-8f66-398492e30693/v10-04-image-harvest/selected/GL343/main__GL343.jpg,4d337465724715173348c97061062020c64b9e69ab84047a9e1a04a52948fe27,true,https://theone.vn/wp-content/uploads/2022/08/GL343.jpg,,580x580,1,4,USE_PROVISIONALLY_WITH_LOW_RES_DISCLOSURE; exact clean original only 580x580; never upscale.
GL343,https://theone.vn/san-pham/gl343,https://theone.vn/wp-content/uploads/2022/08/GL343-300x300.jpg,html.regex,GL343-300x300.jpg,true,https://theone.vn/wp-content/uploads/2022/08/GL343.jpg,200,image/jpeg,8149,300,300,300,17ec71f95060358675336715b013e9295660309ec3bd1bb638d32b9260acdc75,,1,DUPLICATE,"WordPress resized derivative of an original attachment; inferior duplicate, not a separate gallery asset.",INFERRED_DERIVATIVE,C:/Users/Admin/.codex/visualizations/2026/07/16/019f6a5a-f60f-72d3-8f66-398492e30693/v10-04-image-harvest/raw/GL343/207_GL343-300x300.jpg,,,,,false,https://theone.vn/wp-content/uploads/2022/08/GL343.jpg,,580x580,1,4,USE_PROVISIONALLY_WITH_LOW_RES_DISCLOSURE; exact clean original only 580x580; never upscale.
GL343,https://theone.vn/san-pham/gl343,https://theone.vn/wp-content/uploads/2022/08/GL343-150x150.jpg,html.regex,GL343-150x150.jpg,true,https://theone.vn/wp-content/uploads/2022/08/GL343.jpg,200,image/jpeg,3488,150,150,150,cfc2edaffa4bea8b19bf9963e3d28f39d225e2acff25e9df102a5b06823c56d3,,1,DUPLICATE,"WordPress resized derivative of an original attachment; inferior duplicate, not a separate gallery asset.",INFERRED_DERIVATIVE,C:/Users/Admin/.codex/visualizations/2026/07/16/019f6a5a-f60f-72d3-8f66-398492e30693/v10-04-image-harvest/raw/GL343/208_GL343-150x150.jpg,,,,,false,https://theone.vn/wp-content/uploads/2022/08/GL343.jpg,,580x580,1,4,USE_PROVISIONALLY_WITH_LOW_RES_DISCLOSURE; exact clean original only 580x580; never upscale.
GL343,https://theone.vn/san-pham/gl343,https://theone.vn/wp-content/uploads/2022/08/GL343-500x500.jpg,html.regex,GL343-500x500.jpg,true,https://theone.vn/wp-content/uploads/2022/08/GL343.jpg,200,image/jpeg,16542,500,500,500,9ff7f0b99bd7b94a7beebe0dcb39bb98348e642aae834ebfbe3441b1e81795e3,,1,DUPLICATE,"WordPress resized derivative of an original attachment; inferior duplicate, not a separate gallery asset.",INFERRED_DERIVATIVE,C:/Users/Admin/.codex/visualizations/2026/07/16/019f6a5a-f60f-72d3-8f66-398492e30693/v10-04-image-harvest/raw/GL343/209_GL343-500x500.jpg,,,,,false,https://theone.vn/wp-content/uploads/2022/08/GL343.jpg,,580x580,1,4,USE_PROVISIONALLY_WITH_LOW_RES_DISCLOSURE; exact clean original only 580x580; never upscale.
GL343,https://theone.vn/san-pham/gl343,https://theone.vn/wp-content/uploads/2022/08/GL343-100x100.jpg,html.regex,GL343-100x100.jpg,true,https://theone.vn/wp-content/uploads/2022/08/GL343.jpg,200,image/jpeg,2318,100,100,100,40c0809dd41a13a56ce4a58cff9ec6f6743d2895378dd50f6a5e9214d3767970,,1,DUPLICATE,"WordPress resized derivative of an original attachment; inferior duplicate, not a separate gallery asset.",INFERRED_DERIVATIVE,C:/Users/Admin/.codex/visualizations/2026/07/16/019f6a5a-f60f-72d3-8f66-398492e30693/v10-04-image-harvest/raw/GL343/210_GL343-100x100.jpg,,,,,false,https://theone.vn/wp-content/uploads/2022/08/GL343.jpg,,580x580,1,4,USE_PROVISIONALLY_WITH_LOW_RES_DISCLOSURE; exact clean original only 580x580; never upscale.
GL345,https://theone.vn/san-pham/gl345,https://theone.vn/wp-content/uploads/2024/12/theonevn-GL345.jpg,html.regex,theonevn-GL345.jpg,false,,200,image/jpeg,37489,580,580,580,79eb3350ad5aab03b1ab9e9990001cc095eb742c9e877a723f24afa71719743b,,1,WATERMARK,"Exact product image, but repeated diagonal theone.vn watermark is visibly embedded in the pixels.",VISUAL_INSPECTED,C:/Users/Admin/.codex/visualizations/2026/07/16/019f6a5a-f60f-72d3-8f66-398492e30693/v10-04-image-harvest/raw/GL345/211_theonevn-GL345.jpg,,,,,false,,,NONE,0,19,"NO_CLEAN_EXACT; do not substitute, crop, blur, redraw, or upscale a rejected candidate."
GL345,https://theone.vn/san-pham/gl345,https://theone.vn/wp-content/uploads/2024/12/theonevn-GL345-300x300.jpg,html.regex,theonevn-GL345-300x300.jpg,true,https://theone.vn/wp-content/uploads/2024/12/theonevn-GL345.jpg,200,image/jpeg,7953,300,300,300,aa9d7060370456613d5a5da5743f66b0ba18d66b54e8148f797420aaa49682dc,,1,DUPLICATE,"WordPress resized derivative of an original attachment; inferior duplicate, not a separate gallery asset.",INFERRED_DERIVATIVE,C:/Users/Admin/.codex/visualizations/2026/07/16/019f6a5a-f60f-72d3-8f66-398492e30693/v10-04-image-harvest/raw/GL345/212_theonevn-GL345-300x300.jpg,,,,,false,,,NONE,0,19,"NO_CLEAN_EXACT; do not substitute, crop, blur, redraw, or upscale a rejected candidate."
GL345,https://theone.vn/san-pham/gl345,https://theone.vn/wp-content/uploads/2024/12/theonevn-GL345-150x150.jpg,html.regex,theonevn-GL345-150x150.jpg,true,https://theone.vn/wp-content/uploads/2024/12/theonevn-GL345.jpg,200,image/jpeg,3344,150,150,150,9cef8a58b1e81480d351bf3181a5919f0e0e2f54c61bf8e86693eba59ca47740,,1,DUPLICATE,"WordPress resized derivative of an original attachment; inferior duplicate, not a separate gallery asset.",INFERRED_DERIVATIVE,C:/Users/Admin/.codex/visualizations/2026/07/16/019f6a5a-f60f-72d3-8f66-398492e30693/v10-04-image-harvest/raw/GL345/213_theonevn-GL345-150x150.jpg,,,,,false,,,NONE,0,19,"NO_CLEAN_EXACT; do not substitute, crop, blur, redraw, or upscale a rejected candidate."
GL345,https://theone.vn/san-pham/gl345,https://theone.vn/wp-content/uploads/2024/12/theonevn-GL345-500x500.jpg,html.regex,theonevn-GL345-500x500.jpg,true,https://theone.vn/wp-content/uploads/2024/12/theonevn-GL345.jpg,200,image/jpeg,16680,500,500,500,0cdefed5ea37ba4b7eb480ac077d33c2b60a439d50e3fd7347698c625a9c5ebe,,1,DUPLICATE,"WordPress resized derivative of an original attachment; inferior duplicate, not a separate gallery asset.",INFERRED_DERIVATIVE,C:/Users/Admin/.codex/visualizations/2026/07/16/019f6a5a-f60f-72d3-8f66-398492e30693/v10-04-image-harvest/raw/GL345/214_theonevn-GL345-500x500.jpg,,,,,false,,,NONE,0,19,"NO_CLEAN_EXACT; do not substitute, crop, blur, redraw, or upscale a rejected candidate."
GL345,https://theone.vn/san-pham/gl345,https://theone.vn/wp-content/uploads/2024/12/theonevn-GL345-100x100.jpg,html.regex,theonevn-GL345-100x100.jpg,true,https://theone.vn/wp-content/uploads/2024/12/theonevn-GL345.jpg,200,image/jpeg,2397,100,100,100,99b4f84415f3934787c3b20ccc4b4171c0a70fd6ff236700ab1343b6306f1240,,1,DUPLICATE,"WordPress resized derivative of an original attachment; inferior duplicate, not a separate gallery asset.",INFERRED_DERIVATIVE,C:/Users/Admin/.codex/visualizations/2026/07/16/019f6a5a-f60f-72d3-8f66-398492e30693/v10-04-image-harvest/raw/GL345/215_theonevn-GL345-100x100.jpg,,,,,false,,,NONE,0,19,"NO_CLEAN_EXACT; do not substitute, crop, blur, redraw, or upscale a rejected candidate."
GL345,https://theone.vn/san-pham/gl345,https://theone.vn/wp-content/uploads/2024/12/theonevn-GL345_1.jpg,html.regex,theonevn-GL345_1.jpg,false,,200,image/jpeg,39395,580,580,580,3956b077faa7f74ea1e207b94609bd2dc9274dd1610f77159613f65ed7a1d99b,,1,WATERMARK,"Exact product image, but repeated diagonal theone.vn watermark is visibly embedded in the pixels.",VISUAL_INSPECTED,C:/Users/Admin/.codex/visualizations/2026/07/16/019f6a5a-f60f-72d3-8f66-398492e30693/v10-04-image-harvest/raw/GL345/216_theonevn-GL345_1.jpg,,,,,false,,,NONE,0,19,"NO_CLEAN_EXACT; do not substitute, crop, blur, redraw, or upscale a rejected candidate."
GL345,https://theone.vn/san-pham/gl345,https://theone.vn/wp-content/uploads/2024/12/theonevn-GL345_1-300x300.jpg,html.regex,theonevn-GL345_1-300x300.jpg,true,https://theone.vn/wp-content/uploads/2024/12/theonevn-GL345_1.jpg,200,image/jpeg,7729,300,300,300,3d3a2e2d30e7265b999ceb1fa5d1d2c730e7195e30b4490907a4e665bdf21925,,1,DUPLICATE,"WordPress resized derivative of an original attachment; inferior duplicate, not a separate gallery asset.",INFERRED_DERIVATIVE,C:/Users/Admin/.codex/visualizations/2026/07/16/019f6a5a-f60f-72d3-8f66-398492e30693/v10-04-image-harvest/raw/GL345/217_theonevn-GL345_1-300x300.jpg,,,,,false,,,NONE,0,19,"NO_CLEAN_EXACT; do not substitute, crop, blur, redraw, or upscale a rejected candidate."
GL345,https://theone.vn/san-pham/gl345,https://theone.vn/wp-content/uploads/2024/12/theonevn-GL345_1-150x150.jpg,html.regex,theonevn-GL345_1-150x150.jpg,true,https://theone.vn/wp-content/uploads/2024/12/theonevn-GL345_1.jpg,200,image/jpeg,3255,150,150,150,e42b811fb52589fad3ec11c76efa15b0dfa3e3032180774caf1325be72d99b87,,1,DUPLICATE,"WordPress resized derivative of an original attachment; inferior duplicate, not a separate gallery asset.",INFERRED_DERIVATIVE,C:/Users/Admin/.codex/visualizations/2026/07/16/019f6a5a-f60f-72d3-8f66-398492e30693/v10-04-image-harvest/raw/GL345/218_theonevn-GL345_1-150x150.jpg,,,,,false,,,NONE,0,19,"NO_CLEAN_EXACT; do not substitute, crop, blur, redraw, or upscale a rejected candidate."
GL345,https://theone.vn/san-pham/gl345,https://theone.vn/wp-content/uploads/2024/12/theonevn-GL345_1-500x500.jpg,html.regex,theonevn-GL345_1-500x500.jpg,true,https://theone.vn/wp-content/uploads/2024/12/theonevn-GL345_1.jpg,200,image/jpeg,16838,500,500,500,c4611241909c4fb1d6a6b7d8075a7afe9c965c9b53987262a7614796e8adc6f2,,1,DUPLICATE,"WordPress resized derivative of an original attachment; inferior duplicate, not a separate gallery asset.",INFERRED_DERIVATIVE,C:/Users/Admin/.codex/visualizations/2026/07/16/019f6a5a-f60f-72d3-8f66-398492e30693/v10-04-image-harvest/raw/GL345/219_theonevn-GL345_1-500x500.jpg,,,,,false,,,NONE,0,19,"NO_CLEAN_EXACT; do not substitute, crop, blur, redraw, or upscale a rejected candidate."
GL345,https://theone.vn/san-pham/gl345,https://theone.vn/wp-content/uploads/2024/12/theonevn-GL345_1-100x100.jpg,html.regex,theonevn-GL345_1-100x100.jpg,true,https://theone.vn/wp-content/uploads/2024/12/theonevn-GL345_1.jpg,200,image/jpeg,2302,100,100,100,09d58fff721df5509f2fedb3ca9e9973da9d3576fd287db975e3fecf4b551408,,1,DUPLICATE,"WordPress resized derivative of an original attachment; inferior duplicate, not a separate gallery asset.",INFERRED_DERIVATIVE,C:/Users/Admin/.codex/visualizations/2026/07/16/019f6a5a-f60f-72d3-8f66-398492e30693/v10-04-image-harvest/raw/GL345/220_theonevn-GL345_1-100x100.jpg,,,,,false,,,NONE,0,19,"NO_CLEAN_EXACT; do not substitute, crop, blur, redraw, or upscale a rejected candidate."
GL345,https://theone.vn/san-pham/gl345,https://theone.vn/wp-content/uploads/2024/12/theonevn-GL345_2.jpg,html.regex,theonevn-GL345_2.jpg,false,,200,image/jpeg,37173,580,580,580,2f77d21f5996b7225c7b30a18b4e830ce4b359c97ded8f577375540c12e1a070,,1,WATERMARK,"Exact product image, but repeated diagonal theone.vn watermark is visibly embedded in the pixels.",VISUAL_INSPECTED,C:/Users/Admin/.codex/visualizations/2026/07/16/019f6a5a-f60f-72d3-8f66-398492e30693/v10-04-image-harvest/raw/GL345/221_theonevn-GL345_2.jpg,,,,,false,,,NONE,0,19,"NO_CLEAN_EXACT; do not substitute, crop, blur, redraw, or upscale a rejected candidate."
GL345,https://theone.vn/san-pham/gl345,https://theone.vn/wp-content/uploads/2024/12/theonevn-GL345_2-300x300.jpg,html.regex,theonevn-GL345_2-300x300.jpg,true,https://theone.vn/wp-content/uploads/2024/12/theonevn-GL345_2.jpg,200,image/jpeg,8185,300,300,300,c6c9e3092ad728f0d2b0d1449436c089453d552615779be35f5c77326f579fa5,,1,DUPLICATE,"WordPress resized derivative of an original attachment; inferior duplicate, not a separate gallery asset.",INFERRED_DERIVATIVE,C:/Users/Admin/.codex/visualizations/2026/07/16/019f6a5a-f60f-72d3-8f66-398492e30693/v10-04-image-harvest/raw/GL345/222_theonevn-GL345_2-300x300.jpg,,,,,false,,,NONE,0,19,"NO_CLEAN_EXACT; do not substitute, crop, blur, redraw, or upscale a rejected candidate."
GL345,https://theone.vn/san-pham/gl345,https://theone.vn/wp-content/uploads/2024/12/theonevn-GL345_2-150x150.jpg,html.regex,theonevn-GL345_2-150x150.jpg,true,https://theone.vn/wp-content/uploads/2024/12/theonevn-GL345_2.jpg,200,image/jpeg,3440,150,150,150,6c86e984d1e2794f96c4ca94b5e4e23b097ab8eb3bc684a962350ba4dadfe4da,,1,DUPLICATE,"WordPress resized derivative of an original attachment; inferior duplicate, not a separate gallery asset.",INFERRED_DERIVATIVE,C:/Users/Admin/.codex/visualizations/2026/07/16/019f6a5a-f60f-72d3-8f66-398492e30693/v10-04-image-harvest/raw/GL345/223_theonevn-GL345_2-150x150.jpg,,,,,false,,,NONE,0,19,"NO_CLEAN_EXACT; do not substitute, crop, blur, redraw, or upscale a rejected candidate."
GL345,https://theone.vn/san-pham/gl345,https://theone.vn/wp-content/uploads/2024/12/theonevn-GL345_2-500x500.jpg,html.regex,theonevn-GL345_2-500x500.jpg,true,https://theone.vn/wp-content/uploads/2024/12/theonevn-GL345_2.jpg,200,image/jpeg,17223,500,500,500,4068f251ebd8e058085c93510d86b91bec71d474d3f2cc1073681364dbaa0a4c,,1,DUPLICATE,"WordPress resized derivative of an original attachment; inferior duplicate, not a separate gallery asset.",INFERRED_DERIVATIVE,C:/Users/Admin/.codex/visualizations/2026/07/16/019f6a5a-f60f-72d3-8f66-398492e30693/v10-04-image-harvest/raw/GL345/224_theonevn-GL345_2-500x500.jpg,,,,,false,,,NONE,0,19,"NO_CLEAN_EXACT; do not substitute, crop, blur, redraw, or upscale a rejected candidate."
GL345,https://theone.vn/san-pham/gl345,https://theone.vn/wp-content/uploads/2024/12/theonevn-GL345_2-100x100.jpg,html.regex,theonevn-GL345_2-100x100.jpg,true,https://theone.vn/wp-content/uploads/2024/12/theonevn-GL345_2.jpg,200,image/jpeg,2362,100,100,100,17cc94e361e7bdb88b4debbdaf533218920e96dcff219afc31c72696ce6a20f3,,1,DUPLICATE,"WordPress resized derivative of an original attachment; inferior duplicate, not a separate gallery asset.",INFERRED_DERIVATIVE,C:/Users/Admin/.codex/visualizations/2026/07/16/019f6a5a-f60f-72d3-8f66-398492e30693/v10-04-image-harvest/raw/GL345/225_theonevn-GL345_2-100x100.jpg,,,,,false,,,NONE,0,19,"NO_CLEAN_EXACT; do not substitute, crop, blur, redraw, or upscale a rejected candidate."
GL345,https://theone.vn/san-pham/gl345,https://theone.vn/wp-content/uploads/2024/12/theone-800-GL345.jpg,html.regex,theone-800-GL345.jpg,false,,200,image/jpeg,108606,800,500,800,69374f6b5a7e840a2c8ec71046bd74eff71b1e3aa33c2d536e6355bfec53e3a9,,1,SUPPLIER_LOGO,Branded marketing collage visibly contains THEONE.VN identity and/or phone number; diagonal watermark also present.,VISUAL_INSPECTED,C:/Users/Admin/.codex/visualizations/2026/07/16/019f6a5a-f60f-72d3-8f66-398492e30693/v10-04-image-harvest/raw/GL345/226_theone-800-GL345.jpg,,,,,false,,,NONE,0,19,"NO_CLEAN_EXACT; do not substitute, crop, blur, redraw, or upscale a rejected candidate."
GL345,https://theone.vn/san-pham/gl345,https://theone.vn/wp-content/uploads/2024/12/theone-800-GL345-300x188.jpg,html.regex,theone-800-GL345-300x188.jpg,true,https://theone.vn/wp-content/uploads/2024/12/theone-800-GL345.jpg,200,image/jpeg,14421,300,188,300,8baffa015ca6daa6ae48543d5f793cb182794bc5b7618279ee0f54eb8b54e470,,1,DUPLICATE,"WordPress resized derivative of an original attachment; inferior duplicate, not a separate gallery asset.",INFERRED_DERIVATIVE,C:/Users/Admin/.codex/visualizations/2026/07/16/019f6a5a-f60f-72d3-8f66-398492e30693/v10-04-image-harvest/raw/GL345/227_theone-800-GL345-300x188.jpg,,,,,false,,,NONE,0,19,"NO_CLEAN_EXACT; do not substitute, crop, blur, redraw, or upscale a rejected candidate."
GL345,https://theone.vn/san-pham/gl345,https://theone.vn/wp-content/uploads/2024/12/theone-800-GL345-768x480.jpg,html.regex,theone-800-GL345-768x480.jpg,true,https://theone.vn/wp-content/uploads/2024/12/theone-800-GL345.jpg,200,image/jpeg,50675,768,480,768,578e78d1b08f8a6de891bdf71f4dd5f99c6411b7f8e94d4108daa67d6351d2ed,,1,DUPLICATE,"WordPress resized derivative of an original attachment; inferior duplicate, not a separate gallery asset.",INFERRED_DERIVATIVE,C:/Users/Admin/.codex/visualizations/2026/07/16/019f6a5a-f60f-72d3-8f66-398492e30693/v10-04-image-harvest/raw/GL345/228_theone-800-GL345-768x480.jpg,,,,,false,,,NONE,0,19,"NO_CLEAN_EXACT; do not substitute, crop, blur, redraw, or upscale a rejected candidate."
GL345,https://theone.vn/san-pham/gl345,https://theone.vn/wp-content/uploads/2024/12/theone-800-GL345-500x313.jpg,html.regex,theone-800-GL345-500x313.jpg,true,https://theone.vn/wp-content/uploads/2024/12/theone-800-GL345.jpg,200,image/jpeg,28195,500,313,500,e13213ac54c2204ea9060d16f69748fb4eee07a5cb641896e8e19063576a42dd,,1,DUPLICATE,"WordPress resized derivative of an original attachment; inferior duplicate, not a separate gallery asset.",INFERRED_DERIVATIVE,C:/Users/Admin/.codex/visualizations/2026/07/16/019f6a5a-f60f-72d3-8f66-398492e30693/v10-04-image-harvest/raw/GL345/229_theone-800-GL345-500x313.jpg,,,,,false,,,NONE,0,19,"NO_CLEAN_EXACT; do not substitute, crop, blur, redraw, or upscale a rejected candidate."
