Code,Active,InNormalizedDataset,InCurrentAllowlist,PreparedStatus,KnownLiveBeforeBridge,Release01Action,Reason
1,YES,YES,YES,PREPARED,NO,KEEP_EXISTING,Existing allowlist
1001,YES,YES,YES,PREPARED,NO,KEEP_EXISTING,Existing allowlist
1003-1NAN,YES,YES,YES,PREPARED,NO,KEEP_EXISTING,Existing allowlist
1003-4NAN,YES,YES,YES,PREPARED,NO,KEEP_EXISTING,Existing allowlist
1666A,YES,YES,YES,DATA_AVAILABLE,NO,KEEP_EXISTING,Existing allowlist
2001,YES,YES,YES,PREPARED,NO,KEEP_EXISTING,Existing allowlist
2002,YES,YES,YES,PREPARED,NO,KEEP_EXISTING,Existing allowlist
2003,YES,YES,YES,PREPARED,NO,KEEP_EXISTING,Existing allowlist
2004,YES,YES,YES,PREPARED,NO,KEEP_EXISTING,Existing allowlist
2005,YES,YES,YES,PREPARED,NO,KEEP_EXISTING,Existing allowlist
2006,YES,YES,YES,PREPARED,NO,KEEP_EXISTING,Existing allowlist
2007,YES,YES,YES,PREPARED,NO,KEEP_EXISTING,Existing allowlist
2008,YES,YES,YES,PREPARED,NO,KEEP_EXISTING,Existing allowlist
245,YES,YES,YES,PREPARED,NO,KEEP_EXISTING,Existing allowlist
333A,YES,YES,YES,PREPARED,NO,KEEP_EXISTING,Existing allowlist
366,YES,YES,YES,PREPARED,NO,KEEP_EXISTING,Existing allowlist
4001,YES,YES,YES,PREPARED,NO,KEEP_EXISTING,Existing allowlist
4005,YES,YES,YES,PREPARED,NO,KEEP_EXISTING,Existing allowlist
4008-1-NAN,YES,YES,YES,PREPARED,NO,KEEP_EXISTING,Existing allowlist
4008-4-NAN,YES,YES,YES,PREPARED,NO,KEEP_EXISTING,Existing allowlist
4009B,YES,YES,YES,PREPARED,NO,KEEP_EXISTING,Existing allowlist
4009C,YES,YES,YES,PREPARED,NO,KEEP_EXISTING,Existing allowlist
4010B,YES,YES,YES,PREPARED,NO,KEEP_EXISTING,Existing allowlist
4010C,YES,YES,YES,PREPARED,NO,KEEP_EXISTING,Existing allowlist
4019,YES,YES,YES,PREPARED,NO,KEEP_EXISTING,Existing allowlist
4020,YES,YES,YES,PREPARED,NO,KEEP_EXISTING,Existing allowlist
5003,YES,YES,YES,PREPARED,NO,KEEP_EXISTING,Existing allowlist
5004,YES,YES,YES,PREPARED,NO,KEEP_EXISTING,Existing allowlist
5031,YES,YES,YES,PREPARED,NO,KEEP_EXISTING,Existing allowlist
5032,YES,YES,YES,PREPARED,NO,KEEP_EXISTING,Existing allowlist
5035,YES,YES,YES,DATA_AVAILABLE,NO,KEEP_EXISTING,Existing allowlist
5037,YES,YES,YES,DATA_AVAILABLE,NO,KEEP_EXISTING,Existing allowlist
5039,YES,YES,YES,DATA_AVAILABLE,NO,KEEP_EXISTING,Existing allowlist
588,YES,YES,YES,PREPARED,NO,KEEP_EXISTING,Existing allowlist
6020-DA,YES,YES,YES,PREPARED,NO,KEEP_EXISTING,Existing allowlist
616,YES,YES,YES,DATA_AVAILABLE,NO,KEEP_EXISTING,Existing allowlist
621,YES,YES,YES,DATA_AVAILABLE,NO,KEEP_EXISTING,Existing allowlist
668,YES,YES,YES,DATA_AVAILABLE,NO,KEEP_EXISTING,Existing allowlist
7005,YES,YES,YES,PREPARED,NO,KEEP_EXISTING,Existing allowlist
7006,YES,YES,YES,PREPARED,NO,KEEP_EXISTING,Existing allowlist
7008,YES,YES,YES,PREPARED,NO,KEEP_EXISTING,Existing allowlist
730,YES,YES,YES,DATA_AVAILABLE,NO,KEEP_EXISTING,Existing allowlist
7301,YES,YES,YES,DATA_AVAILABLE,NO,KEEP_EXISTING,Existing allowlist
7302,YES,YES,YES,DATA_AVAILABLE,NO,KEEP_EXISTING,Existing allowlist
8001,YES,YES,YES,PREPARED,NO,KEEP_EXISTING,Existing allowlist
8002,YES,YES,YES,PREPARED,NO,KEEP_EXISTING,Existing allowlist
8012,YES,YES,YES,PREPARED,NO,KEEP_EXISTING,Existing allowlist
8013,YES,YES,YES,PREPARED,NO,KEEP_EXISTING,Existing allowlist
8015,YES,YES,YES,PREPARED,NO,KEEP_EXISTING,Existing allowlist
8016,YES,YES,YES,PREPARED,NO,KEEP_EXISTING,Existing allowlist
8025,YES,YES,YES,DATA_AVAILABLE,NO,KEEP_EXISTING,Existing allowlist
8026,YES,YES,YES,DATA_AVAILABLE,NO,KEEP_EXISTING,Existing allowlist
816-5,YES,YES,YES,DATA_AVAILABLE,NO,KEEP_EXISTING,Existing allowlist
819,YES,YES,YES,DATA_AVAILABLE,NO,KEEP_EXISTING,Existing allowlist
8301,YES,YES,YES,DATA_AVAILABLE,NO,KEEP_EXISTING,Existing allowlist
8302,YES,YES,YES,DATA_AVAILABLE,NO,KEEP_EXISTING,Existing allowlist
868,YES,YES,YES,PREPARED,NO,KEEP_EXISTING,Existing allowlist
881,YES,YES,YES,PREPARED,NO,KEEP_EXISTING,Existing allowlist
882,YES,YES,YES,DATA_AVAILABLE,NO,KEEP_EXISTING,Existing allowlist
883,YES,YES,YES,PREPARED,NO,KEEP_EXISTING,Existing allowlist
899,YES,YES,YES,DATA_AVAILABLE,NO,KEEP_EXISTING,Existing allowlist
900,YES,YES,YES,DATA_AVAILABLE,NO,KEEP_EXISTING,Existing allowlist
9001,YES,YES,YES,PREPARED,NO,KEEP_EXISTING,Existing allowlist
9002,YES,YES,YES,DATA_AVAILABLE,NO,KEEP_EXISTING,Existing allowlist
9012,YES,YES,YES,DATA_AVAILABLE,NO,KEEP_EXISTING,Existing allowlist
9951,YES,YES,YES,DATA_AVAILABLE,NO,KEEP_EXISTING,Existing allowlist
A38,YES,YES,YES,PREPARED,NO,KEEP_EXISTING,Existing allowlist
A39,YES,YES,YES,PREPARED,NO,KEEP_EXISTING,Existing allowlist
A526-3,YES,YES,YES,PREPARED,NO,KEEP_EXISTING,Existing allowlist
AT100,YES,YES,YES,DATA_AVAILABLE,NO,KEEP_EXISTING,Existing allowlist
AT100HL,YES,YES,YES,DATA_AVAILABLE,NO,KEEP_EXISTING,Existing allowlist
AT100SHL3D,YES,YES,YES,DATA_AVAILABLE,NO,KEEP_EXISTING,Existing allowlist
AT120,YES,YES,YES,DATA_AVAILABLE,NO,KEEP_EXISTING,Existing allowlist
AT120HL,YES,YES,YES,DATA_AVAILABLE,NO,KEEP_EXISTING,Existing allowlist
AT120HL3C,YES,YES,YES,DATA_AVAILABLE,NO,KEEP_EXISTING,Existing allowlist
AT120K,YES,YES,YES,DATA_AVAILABLE,NO,KEEP_EXISTING,Existing allowlist
AT120S,YES,YES,YES,DATA_AVAILABLE,NO,KEEP_EXISTING,Existing allowlist
AT120SHL,YES,YES,YES,DATA_AVAILABLE,NO,KEEP_EXISTING,Existing allowlist
AT120SHL3C,YES,YES,YES,DATA_AVAILABLE,NO,KEEP_EXISTING,Existing allowlist
AT120SHL3D,YES,YES,YES,DATA_AVAILABLE,NO,KEEP_EXISTING,Existing allowlist
AT120SHL3DF,YES,YES,YES,DATA_AVAILABLE,NO,KEEP_EXISTING,Existing allowlist
AT120SK,YES,YES,YES,DATA_AVAILABLE,NO,KEEP_EXISTING,Existing allowlist
AT1250D,YES,YES,YES,DATA_AVAILABLE,NO,KEEP_EXISTING,Existing allowlist
AT1250L,YES,YES,YES,DATA_AVAILABLE,NO,KEEP_EXISTING,Existing allowlist
AT1260,YES,YES,YES,DATA_AVAILABLE,NO,KEEP_EXISTING,Existing allowlist
AT1260D,YES,YES,YES,DATA_AVAILABLE,NO,KEEP_EXISTING,Existing allowlist
AT1260SD,YES,YES,YES,DATA_AVAILABLE,NO,KEEP_EXISTING,Existing allowlist
AT140,YES,YES,YES,DATA_AVAILABLE,NO,KEEP_EXISTING,Existing allowlist
AT140HL,YES,YES,YES,DATA_AVAILABLE,NO,KEEP_EXISTING,Existing allowlist
AT140HL3C,YES,YES,YES,DATA_AVAILABLE,NO,KEEP_EXISTING,Existing allowlist
AT140HL3D,YES,YES,YES,DATA_AVAILABLE,NO,KEEP_EXISTING,Existing allowlist
AT140K,YES,YES,YES,DATA_AVAILABLE,NO,KEEP_EXISTING,Existing allowlist
AT140S,YES,YES,YES,DATA_AVAILABLE,NO,KEEP_EXISTING,Existing allowlist
AT140SHL,YES,YES,YES,DATA_AVAILABLE,NO,KEEP_EXISTING,Existing allowlist
AT140SK,YES,YES,YES,DATA_AVAILABLE,NO,KEEP_EXISTING,Existing allowlist
AT1450D,YES,YES,YES,DATA_AVAILABLE,NO,KEEP_EXISTING,Existing allowlist
AT1450L,YES,YES,YES,DATA_AVAILABLE,NO,KEEP_EXISTING,Existing allowlist
AT1550D,YES,YES,YES,DATA_AVAILABLE,NO,KEEP_EXISTING,Existing allowlist
AT1550L,YES,YES,YES,DATA_AVAILABLE,NO,KEEP_EXISTING,Existing allowlist
AT160,YES,YES,YES,DATA_AVAILABLE,NO,KEEP_EXISTING,Existing allowlist
AT160HL,YES,YES,YES,DATA_AVAILABLE,NO,KEEP_EXISTING,Existing allowlist
AT160HL1,YES,YES,YES,DATA_AVAILABLE,NO,KEEP_EXISTING,Existing allowlist
AT160HL2,YES,YES,YES,DATA_AVAILABLE,NO,KEEP_EXISTING,Existing allowlist
AT160K,YES,YES,YES,DATA_AVAILABLE,NO,KEEP_EXISTING,Existing allowlist
AT1650D,YES,YES,YES,DATA_AVAILABLE,NO,KEEP_EXISTING,Existing allowlist
AT1650L,YES,YES,YES,DATA_AVAILABLE,NO,KEEP_EXISTING,Existing allowlist
AT180,YES,YES,YES,DATA_AVAILABLE,NO,KEEP_EXISTING,Existing allowlist
AT180HL,YES,YES,YES,DATA_AVAILABLE,NO,KEEP_EXISTING,Existing allowlist
AT1850D,YES,YES,YES,DATA_AVAILABLE,NO,KEEP_EXISTING,Existing allowlist
AT1850L,YES,YES,YES,DATA_AVAILABLE,NO,KEEP_EXISTING,Existing allowlist
AT1960-3B,YES,YES,YES,DATA_AVAILABLE,NO,KEEP_EXISTING,Existing allowlist
AT1960-3BK,YES,YES,YES,DATA_AVAILABLE,NO,KEEP_EXISTING,Existing allowlist
AT1960KG,YES,YES,YES,DATA_AVAILABLE,NO,KEEP_EXISTING,Existing allowlist
AT202S,YES,YES,YES,PREPARED,NO,KEEP_EXISTING,Existing allowlist
AT204,YES,YES,YES,PREPARED,NO,KEEP_EXISTING,Existing allowlist
AT204HL,YES,YES,YES,PREPARED,NO,KEEP_EXISTING,Existing allowlist
AT204S,YES,YES,YES,PREPARED,NO,KEEP_EXISTING,Existing allowlist
AT204SHL,YES,YES,YES,PREPARED,NO,KEEP_EXISTING,Existing allowlist
AT2050D,YES,YES,YES,DATA_AVAILABLE,NO,KEEP_EXISTING,Existing allowlist
AT2050L,YES,YES,YES,DATA_AVAILABLE,NO,KEEP_EXISTING,Existing allowlist
AT880,YES,YES,YES,DATA_AVAILABLE,NO,KEEP_EXISTING,Existing allowlist
AT880D,YES,YES,YES,DATA_AVAILABLE,NO,KEEP_EXISTING,Existing allowlist
AT880SD,YES,YES,YES,DATA_AVAILABLE,NO,KEEP_EXISTING,Existing allowlist
ATB01,YES,YES,YES,DATA_AVAILABLE,NO,KEEP_EXISTING,Existing allowlist
ATB02,YES,YES,YES,DATA_AVAILABLE,NO,KEEP_EXISTING,Existing allowlist
ATBF01,YES,YES,YES,DATA_AVAILABLE,NO,KEEP_EXISTING,Existing allowlist
ATC01,YES,YES,YES,DATA_AVAILABLE,NO,KEEP_EXISTING,Existing allowlist
ATH2412CN,YES,YES,YES,DATA_AVAILABLE,NO,KEEP_EXISTING,Existing allowlist
ATH2412OV,YES,YES,YES,DATA_AVAILABLE,NO,KEEP_EXISTING,Existing allowlist
ATH4016,YES,YES,YES,DATA_AVAILABLE,NO,KEEP_EXISTING,Existing allowlist
ATH5115,YES,YES,YES,DATA_AVAILABLE,NO,KEEP_EXISTING,Existing allowlist
ATL14,YES,YES,YES,DATA_AVAILABLE,NO,KEEP_EXISTING,Existing allowlist
ATL14K,YES,YES,YES,DATA_AVAILABLE,NO,KEEP_EXISTING,Existing allowlist
ATL16,YES,YES,YES,DATA_AVAILABLE,NO,KEEP_EXISTING,Existing allowlist
ATL16K,YES,YES,YES,DATA_AVAILABLE,NO,KEEP_EXISTING,Existing allowlist
ATM120,YES,YES,YES,PREPARED,NO,KEEP_EXISTING,Existing allowlist
ATM120S,YES,YES,YES,PREPARED,NO,KEEP_EXISTING,Existing allowlist
ATM1D1F,YES,YES,YES,DATA_AVAILABLE,NO,KEEP_EXISTING,Existing allowlist
ATM3D,YES,YES,YES,DATA_AVAILABLE,NO,KEEP_EXISTING,Existing allowlist
ATM3D1,YES,YES,YES,DATA_AVAILABLE,NO,KEEP_EXISTING,Existing allowlist
ATNK120HL,YES,YES,YES,DATA_AVAILABLE,NO,KEEP_EXISTING,Existing allowlist
ATP1890,YES,YES,YES,DATA_AVAILABLE,NO,KEEP_EXISTING,Existing allowlist
B32,YES,YES,YES,DATA_AVAILABLE,NO,KEEP_EXISTING,Existing allowlist
B38,YES,YES,YES,DATA_AVAILABLE,NO,KEEP_EXISTING,Existing allowlist
B39,YES,YES,YES,DATA_AVAILABLE,NO,KEEP_EXISTING,Existing allowlist
B40,YES,YES,YES,DATA_AVAILABLE,NO,KEEP_EXISTING,Existing allowlist
B42,YES,YES,YES,DATA_AVAILABLE,NO,KEEP_EXISTING,Existing allowlist
B44,YES,YES,YES,DATA_AVAILABLE,NO,KEEP_EXISTING,Existing allowlist
B47,YES,YES,YES,DATA_AVAILABLE,NO,KEEP_EXISTING,Existing allowlist
B48,YES,YES,YES,DATA_AVAILABLE,NO,KEEP_EXISTING,Existing allowlist
B50,YES,YES,YES,DATA_AVAILABLE,NO,KEEP_EXISTING,Existing allowlist
B51,YES,YES,YES,DATA_AVAILABLE,NO,KEEP_EXISTING,Existing allowlist
B52,YES,YES,YES,DATA_AVAILABLE,NO,KEEP_EXISTING,Existing allowlist
B53,YES,YES,YES,DATA_AVAILABLE,NO,KEEP_EXISTING,Existing allowlist
B55,YES,YES,YES,DATA_AVAILABLE,NO,KEEP_EXISTING,Existing allowlist
B56,YES,YES,YES,DATA_AVAILABLE,NO,KEEP_EXISTING,Existing allowlist
B58,YES,YES,YES,DATA_AVAILABLE,NO,KEEP_EXISTING,Existing allowlist
B59,YES,YES,YES,DATA_AVAILABLE,NO,KEEP_EXISTING,Existing allowlist
B61,YES,YES,YES,DATA_AVAILABLE,NO,KEEP_EXISTING,Existing allowlist
B63,YES,YES,YES,DATA_AVAILABLE,NO,KEEP_EXISTING,Existing allowlist
B64,YES,YES,YES,DATA_AVAILABLE,NO,KEEP_EXISTING,Existing allowlist
BA01-14,YES,YES,YES,DATA_AVAILABLE,NO,KEEP_EXISTING,Existing allowlist
BA01-15,YES,YES,YES,DATA_AVAILABLE,NO,KEEP_EXISTING,Existing allowlist
BA01-16,YES,YES,YES,DATA_AVAILABLE,NO,KEEP_EXISTING,Existing allowlist
BA02,YES,YES,YES,DATA_AVAILABLE,NO,KEEP_EXISTING,Existing allowlist
BA03,YES,YES,YES,DATA_AVAILABLE,NO,KEEP_EXISTING,Existing allowlist
BA04I14,YES,YES,YES,DATA_AVAILABLE,NO,KEEP_EXISTING,Existing allowlist
BA04I15,YES,YES,YES,DATA_AVAILABLE,NO,KEEP_EXISTING,Existing allowlist
BA04I16,YES,YES,YES,DATA_AVAILABLE,NO,KEEP_EXISTING,Existing allowlist
BA05,YES,YES,YES,DATA_AVAILABLE,NO,KEEP_EXISTING,Existing allowlist
BA101,YES,YES,YES,DATA_AVAILABLE,NO,KEEP_EXISTING,Existing allowlist
BA102VD01,YES,YES,YES,DATA_AVAILABLE,NO,KEEP_EXISTING,Existing allowlist
BA114,YES,YES,YES,DATA_AVAILABLE,NO,KEEP_EXISTING,Existing allowlist
BA124,YES,YES,YES,DATA_AVAILABLE,NO,KEEP_EXISTING,Existing allowlist
BA139,YES,YES,YES,DATA_AVAILABLE,NO,KEEP_EXISTING,Existing allowlist
BA141,YES,YES,YES,DATA_AVAILABLE,NO,KEEP_EXISTING,Existing allowlist
BA142,YES,YES,YES,DATA_AVAILABLE,NO,KEEP_EXISTING,Existing allowlist
BA143,YES,YES,YES,DATA_AVAILABLE,NO,KEEP_EXISTING,Existing allowlist
BA201,YES,YES,YES,DATA_AVAILABLE,NO,KEEP_EXISTING,Existing allowlist
BA501,YES,YES,YES,DATA_AVAILABLE,NO,KEEP_EXISTING,Existing allowlist
BA502,YES,YES,YES,DATA_AVAILABLE,NO,KEEP_EXISTING,Existing allowlist
BA503A,YES,YES,YES,DATA_AVAILABLE,NO,KEEP_EXISTING,Existing allowlist
BA503B,YES,YES,YES,DATA_AVAILABLE,NO,KEEP_EXISTING,Existing allowlist
BA504A,YES,YES,YES,DATA_AVAILABLE,NO,KEEP_EXISTING,Existing allowlist
BA504B,YES,YES,YES,DATA_AVAILABLE,NO,KEEP_EXISTING,Existing allowlist
BA505A,YES,YES,YES,DATA_AVAILABLE,NO,KEEP_EXISTING,Existing allowlist
BA505AK8,YES,YES,YES,DATA_AVAILABLE,NO,KEEP_EXISTING,Existing allowlist
BA505B,YES,YES,YES,DATA_AVAILABLE,NO,KEEP_EXISTING,Existing allowlist
BA505BK8,YES,YES,YES,DATA_AVAILABLE,NO,KEEP_EXISTING,Existing allowlist
BA507,YES,YES,YES,DATA_AVAILABLE,NO,KEEP_EXISTING,Existing allowlist
BA508,YES,YES,YES,DATA_AVAILABLE,NO,KEEP_EXISTING,Existing allowlist
BA509A,YES,YES,YES,DATA_AVAILABLE,NO,KEEP_EXISTING,Existing allowlist
BA509AK8,YES,YES,YES,DATA_AVAILABLE,NO,KEEP_EXISTING,Existing allowlist
BA509B,YES,YES,YES,DATA_AVAILABLE,NO,KEEP_EXISTING,Existing allowlist
BA509BK8,YES,YES,YES,DATA_AVAILABLE,NO,KEEP_EXISTING,Existing allowlist
BBT101A,YES,YES,YES,DATA_AVAILABLE,NO,KEEP_EXISTING,Existing allowlist
BBT101AG,YES,YES,YES,DATA_AVAILABLE,NO,KEEP_EXISTING,Existing allowlist
BBT101B,YES,YES,YES,DATA_AVAILABLE,NO,KEEP_EXISTING,Existing allowlist
BBT101BG,YES,YES,YES,DATA_AVAILABLE,NO,KEEP_EXISTING,Existing allowlist
BBT101C,YES,YES,YES,DATA_AVAILABLE,NO,KEEP_EXISTING,Existing allowlist
BBT101CG,YES,YES,YES,DATA_AVAILABLE,NO,KEEP_EXISTING,Existing allowlist
BBT102A,YES,YES,YES,DATA_AVAILABLE,NO,KEEP_EXISTING,Existing allowlist
BBT102AG,YES,YES,YES,DATA_AVAILABLE,NO,KEEP_EXISTING,Existing allowlist
BBT102B,YES,YES,YES,DATA_AVAILABLE,NO,KEEP_EXISTING,Existing allowlist
BBT102BG,YES,YES,YES,DATA_AVAILABLE,NO,KEEP_EXISTING,Existing allowlist
BBT102C,YES,YES,YES,DATA_AVAILABLE,NO,KEEP_EXISTING,Existing allowlist
BBT102CG,YES,YES,YES,DATA_AVAILABLE,NO,KEEP_EXISTING,Existing allowlist
BBT103-3,YES,YES,YES,DATA_AVAILABLE,NO,KEEP_EXISTING,Existing allowlist
BBT103-3G,YES,YES,YES,DATA_AVAILABLE,NO,KEEP_EXISTING,Existing allowlist
BBT103-4,YES,YES,YES,DATA_AVAILABLE,NO,KEEP_EXISTING,Existing allowlist
BBT103-4G,YES,YES,YES,DATA_AVAILABLE,NO,KEEP_EXISTING,Existing allowlist
BBT103-5,YES,YES,YES,DATA_AVAILABLE,NO,KEEP_EXISTING,Existing allowlist
BBT103-5G,YES,YES,YES,DATA_AVAILABLE,NO,KEEP_EXISTING,Existing allowlist
BBT103-6,YES,YES,YES,DATA_AVAILABLE,NO,KEEP_EXISTING,Existing allowlist
BBT103-6G,YES,YES,YES,DATA_AVAILABLE,NO,KEEP_EXISTING,Existing allowlist
BBT103HP3,YES,YES,YES,DATA_AVAILABLE,NO,KEEP_EXISTING,Existing allowlist
BBT103HP3G,YES,YES,YES,DATA_AVAILABLE,NO,KEEP_EXISTING,Existing allowlist
BBT103HP4,YES,YES,YES,DATA_AVAILABLE,NO,KEEP_EXISTING,Existing allowlist
BBT103HP4G,YES,YES,YES,DATA_AVAILABLE,NO,KEEP_EXISTING,Existing allowlist
BBT103HP5,YES,YES,YES,DATA_AVAILABLE,NO,KEEP_EXISTING,Existing allowlist
BBT103HP5G,YES,YES,YES,DATA_AVAILABLE,NO,KEEP_EXISTING,Existing allowlist
BBT103HP6,YES,YES,YES,DATA_AVAILABLE,NO,KEEP_EXISTING,Existing allowlist
BBT103HP6G,YES,YES,YES,DATA_AVAILABLE,NO,KEEP_EXISTING,Existing allowlist
BBT104AG,YES,YES,YES,DATA_AVAILABLE,NO,KEEP_EXISTING,Existing allowlist
BBT104BG,YES,YES,YES,DATA_AVAILABLE,NO,KEEP_EXISTING,Existing allowlist
BBT104CG,YES,YES,YES,DATA_AVAILABLE,NO,KEEP_EXISTING,Existing allowlist
BBT105AG,YES,YES,YES,DATA_AVAILABLE,NO,KEEP_EXISTING,Existing allowlist
BBT105BG,YES,YES,YES,DATA_AVAILABLE,NO,KEEP_EXISTING,Existing allowlist
BBT105CG,YES,YES,YES,DATA_AVAILABLE,NO,KEEP_EXISTING,Existing allowlist
BCF102T,YES,YES,YES,DATA_AVAILABLE,NO,KEEP_EXISTING,Existing allowlist
BCF105,YES,YES,YES,DATA_AVAILABLE,NO,KEEP_EXISTING,Existing allowlist
BCF106T,YES,YES,YES,DATA_AVAILABLE,NO,KEEP_EXISTING,Existing allowlist
BCF107T,YES,YES,YES,DATA_AVAILABLE,NO,KEEP_EXISTING,Existing allowlist
BCF109,YES,YES,YES,DATA_AVAILABLE,NO,KEEP_EXISTING,Existing allowlist
BCF201,YES,YES,YES,DATA_AVAILABLE,NO,KEEP_EXISTING,Existing allowlist
BCN712,YES,YES,YES,DATA_AVAILABLE,NO,KEEP_EXISTING,Existing allowlist
BCN712A,YES,YES,YES,DATA_AVAILABLE,NO,KEEP_EXISTING,Existing allowlist
BCN712AG,YES,YES,YES,DATA_AVAILABLE,NO,KEEP_EXISTING,Existing allowlist
BCN712B,YES,YES,YES,DATA_AVAILABLE,NO,KEEP_EXISTING,Existing allowlist
BCN712BC,YES,YES,YES,DATA_AVAILABLE,NO,KEEP_EXISTING,Existing allowlist
BCN712BG,YES,YES,YES,DATA_AVAILABLE,NO,KEEP_EXISTING,Existing allowlist
BCN813B,YES,YES,YES,DATA_AVAILABLE,NO,KEEP_EXISTING,Existing allowlist
BCN813BG,YES,YES,YES,DATA_AVAILABLE,NO,KEEP_EXISTING,Existing allowlist
BF51,YES,YES,YES,DATA_AVAILABLE,NO,KEEP_EXISTING,Existing allowlist
BG01,YES,YES,YES,DATA_AVAILABLE,NO,KEEP_EXISTING,Existing allowlist
BG05,YES,YES,YES,DATA_AVAILABLE,NO,KEEP_EXISTING,Existing allowlist
BG05-512,YES,YES,YES,DATA_AVAILABLE,NO,KEEP_EXISTING,Existing allowlist
BG05-514,YES,YES,YES,DATA_AVAILABLE,NO,KEEP_EXISTING,Existing allowlist
BG05-516,YES,YES,YES,DATA_AVAILABLE,NO,KEEP_EXISTING,Existing allowlist
BG05-518,YES,YES,YES,DATA_AVAILABLE,NO,KEEP_EXISTING,Existing allowlist
BG05-712,YES,YES,YES,DATA_AVAILABLE,NO,KEEP_EXISTING,Existing allowlist
BG06,YES,YES,YES,DATA_AVAILABLE,NO,KEEP_EXISTING,Existing allowlist
BG06-512,YES,YES,YES,DATA_AVAILABLE,NO,KEEP_EXISTING,Existing allowlist
BG06-514,YES,YES,YES,DATA_AVAILABLE,NO,KEEP_EXISTING,Existing allowlist
BG06-516,YES,YES,YES,DATA_AVAILABLE,NO,KEEP_EXISTING,Existing allowlist
BG06-518,YES,YES,YES,DATA_AVAILABLE,NO,KEEP_EXISTING,Existing allowlist
BG06-712,YES,YES,YES,DATA_AVAILABLE,NO,KEEP_EXISTING,Existing allowlist
BG06K16,YES,YES,YES,DATA_AVAILABLE,NO,KEEP_EXISTING,Existing allowlist
BG07,YES,YES,YES,DATA_AVAILABLE,NO,KEEP_EXISTING,Existing allowlist
BG203,YES,YES,YES,DATA_AVAILABLE,NO,KEEP_EXISTING,Existing allowlist
BGV101,YES,YES,YES,DATA_AVAILABLE,NO,KEEP_EXISTING,Existing allowlist
BGV101G,YES,YES,YES,DATA_AVAILABLE,NO,KEEP_EXISTING,Existing allowlist
BGV103,YES,YES,YES,DATA_AVAILABLE,NO,KEEP_EXISTING,Existing allowlist
BGV103G,YES,YES,YES,DATA_AVAILABLE,NO,KEEP_EXISTING,Existing allowlist
BH101,YES,YES,YES,DATA_AVAILABLE,NO,KEEP_EXISTING,Existing allowlist
BHE01,YES,YES,YES,DATA_AVAILABLE,NO,KEEP_EXISTING,Existing allowlist
BHE02,YES,YES,YES,DATA_AVAILABLE,NO,KEEP_EXISTING,Existing allowlist
BHE301,YES,YES,YES,DATA_AVAILABLE,NO,KEEP_EXISTING,Existing allowlist
BHS03-1,YES,YES,YES,PREPARED,NO,KEEP_EXISTING,Existing allowlist
BHS09-1,YES,YES,YES,DATA_AVAILABLE,NO,KEEP_EXISTING,Existing allowlist
BHS101A,YES,YES,YES,DATA_AVAILABLE,NO,KEEP_EXISTING,Existing allowlist
BHS101AG,YES,YES,YES,DATA_AVAILABLE,NO,KEEP_EXISTING,Existing allowlist
BHS101B,YES,YES,YES,DATA_AVAILABLE,NO,KEEP_EXISTING,Existing allowlist
BHS102A,YES,YES,YES,DATA_AVAILABLE,NO,KEEP_EXISTING,Existing allowlist
BHS102AG,YES,YES,YES,DATA_AVAILABLE,NO,KEEP_EXISTING,Existing allowlist
BHS102B,YES,YES,YES,DATA_AVAILABLE,NO,KEEP_EXISTING,Existing allowlist
BHS103A,YES,YES,YES,DATA_AVAILABLE,NO,KEEP_EXISTING,Existing allowlist
BHS103B,YES,YES,YES,DATA_AVAILABLE,NO,KEEP_EXISTING,Existing allowlist
BHS103C,YES,YES,YES,DATA_AVAILABLE,NO,KEEP_EXISTING,Existing allowlist
BHS104A,YES,YES,YES,DATA_AVAILABLE,NO,KEEP_EXISTING,Existing allowlist
BHS104B,YES,YES,YES,DATA_AVAILABLE,NO,KEEP_EXISTING,Existing allowlist
BHS104C,YES,YES,YES,DATA_AVAILABLE,NO,KEEP_EXISTING,Existing allowlist
BHS106-3,YES,YES,YES,DATA_AVAILABLE,NO,KEEP_EXISTING,Existing allowlist
BHS106-4,YES,YES,YES,DATA_AVAILABLE,NO,KEEP_EXISTING,Existing allowlist
BHS106-5,YES,YES,YES,DATA_AVAILABLE,NO,KEEP_EXISTING,Existing allowlist
BHS106-6,YES,YES,YES,DATA_AVAILABLE,NO,KEEP_EXISTING,Existing allowlist
BHS106HP3,YES,YES,YES,DATA_AVAILABLE,NO,KEEP_EXISTING,Existing allowlist
BHS106HP4,YES,YES,YES,DATA_AVAILABLE,NO,KEEP_EXISTING,Existing allowlist
BHS106HP5,YES,YES,YES,DATA_AVAILABLE,NO,KEEP_EXISTING,Existing allowlist
BHS106HP6,YES,YES,YES,DATA_AVAILABLE,NO,KEEP_EXISTING,Existing allowlist
BHS106HP7,YES,YES,YES,DATA_AVAILABLE,NO,KEEP_EXISTING,Existing allowlist
BHS107-3,YES,YES,YES,DATA_AVAILABLE,NO,KEEP_EXISTING,Existing allowlist
BHS107-3G,YES,YES,YES,DATA_AVAILABLE,NO,KEEP_EXISTING,Existing allowlist
BHS107-4,YES,YES,YES,DATA_AVAILABLE,NO,KEEP_EXISTING,Existing allowlist
BHS107-4G,YES,YES,YES,DATA_AVAILABLE,NO,KEEP_EXISTING,Existing allowlist
BHS107-5,YES,YES,YES,DATA_AVAILABLE,NO,KEEP_EXISTING,Existing allowlist
BHS107-5G,YES,YES,YES,DATA_AVAILABLE,NO,KEEP_EXISTING,Existing allowlist
BHS107-6,YES,YES,YES,DATA_AVAILABLE,NO,KEEP_EXISTING,Existing allowlist
BHS107-6G,YES,YES,YES,DATA_AVAILABLE,NO,KEEP_EXISTING,Existing allowlist
BHS107HP3,YES,YES,YES,DATA_AVAILABLE,NO,KEEP_EXISTING,Existing allowlist
BHS107HP3G,YES,YES,YES,DATA_AVAILABLE,NO,KEEP_EXISTING,Existing allowlist
BHS107HP4,YES,YES,YES,DATA_AVAILABLE,NO,KEEP_EXISTING,Existing allowlist
BHS107HP4G,YES,YES,YES,DATA_AVAILABLE,NO,KEEP_EXISTING,Existing allowlist
BHS107HP5,YES,YES,YES,DATA_AVAILABLE,NO,KEEP_EXISTING,Existing allowlist
BHS107HP5G,YES,YES,YES,DATA_AVAILABLE,NO,KEEP_EXISTING,Existing allowlist
BHS107HP6,YES,YES,YES,DATA_AVAILABLE,NO,KEEP_EXISTING,Existing allowlist
BHS107HP6G,YES,YES,YES,DATA_AVAILABLE,NO,KEEP_EXISTING,Existing allowlist
BHS107HP7,YES,YES,YES,DATA_AVAILABLE,NO,KEEP_EXISTING,Existing allowlist
BHS107HP7G,YES,YES,YES,DATA_AVAILABLE,NO,KEEP_EXISTING,Existing allowlist
BHS108-3,YES,YES,YES,DATA_AVAILABLE,NO,KEEP_EXISTING,Existing allowlist
BHS108-3G,YES,YES,YES,DATA_AVAILABLE,NO,KEEP_EXISTING,Existing allowlist
BHS108-4,YES,YES,YES,DATA_AVAILABLE,NO,KEEP_EXISTING,Existing allowlist
BHS108-4G,YES,YES,YES,DATA_AVAILABLE,NO,KEEP_EXISTING,Existing allowlist
BHS108-5,YES,YES,YES,DATA_AVAILABLE,NO,KEEP_EXISTING,Existing allowlist
BHS108-5G,YES,YES,YES,DATA_AVAILABLE,NO,KEEP_EXISTING,Existing allowlist
BHS108-6,YES,YES,YES,DATA_AVAILABLE,NO,KEEP_EXISTING,Existing allowlist
BHS108-6G,YES,YES,YES,DATA_AVAILABLE,NO,KEEP_EXISTING,Existing allowlist
BHS108HP3,YES,YES,YES,DATA_AVAILABLE,NO,KEEP_EXISTING,Existing allowlist
BHS108HP3G,YES,YES,YES,DATA_AVAILABLE,NO,KEEP_EXISTING,Existing allowlist
BHS108HP4,YES,YES,YES,DATA_AVAILABLE,NO,KEEP_EXISTING,Existing allowlist
BHS108HP4G,YES,YES,YES,DATA_AVAILABLE,NO,KEEP_EXISTING,Existing allowlist
BHS108HP5,YES,YES,YES,DATA_AVAILABLE,NO,KEEP_EXISTING,Existing allowlist
BHS108HP5G,YES,YES,YES,DATA_AVAILABLE,NO,KEEP_EXISTING,Existing allowlist
BHS108HP6,YES,YES,YES,DATA_AVAILABLE,NO,KEEP_EXISTING,Existing allowlist
BHS108HP6G,YES,YES,YES,DATA_AVAILABLE,NO,KEEP_EXISTING,Existing allowlist
BHS108HP7,YES,YES,YES,DATA_AVAILABLE,NO,KEEP_EXISTING,Existing allowlist
BHS108HP7G,YES,YES,YES,DATA_AVAILABLE,NO,KEEP_EXISTING,Existing allowlist
BHS109-3,YES,YES,YES,DATA_AVAILABLE,NO,KEEP_EXISTING,Existing allowlist
BHS109-3G,YES,YES,YES,DATA_AVAILABLE,NO,KEEP_EXISTING,Existing allowlist
BHS109-4,YES,YES,YES,DATA_AVAILABLE,NO,KEEP_EXISTING,Existing allowlist
BHS109-4G,YES,YES,YES,DATA_AVAILABLE,NO,KEEP_EXISTING,Existing allowlist
BHS109-5,YES,YES,YES,DATA_AVAILABLE,NO,KEEP_EXISTING,Existing allowlist
BHS109-5G,YES,YES,YES,DATA_AVAILABLE,NO,KEEP_EXISTING,Existing allowlist
BHS109-6,YES,YES,YES,DATA_AVAILABLE,NO,KEEP_EXISTING,Existing allowlist
BHS109-6G,YES,YES,YES,DATA_AVAILABLE,NO,KEEP_EXISTING,Existing allowlist
BHS109HP3,YES,YES,YES,DATA_AVAILABLE,NO,KEEP_EXISTING,Existing allowlist
BHS109HP3G,YES,YES,YES,DATA_AVAILABLE,NO,KEEP_EXISTING,Existing allowlist
BHS109HP4,YES,YES,YES,DATA_AVAILABLE,NO,KEEP_EXISTING,Existing allowlist
BHS109HP4G,YES,YES,YES,DATA_AVAILABLE,NO,KEEP_EXISTING,Existing allowlist
BHS109HP5,YES,YES,YES,DATA_AVAILABLE,NO,KEEP_EXISTING,Existing allowlist
BHS109HP5G,YES,YES,YES,DATA_AVAILABLE,NO,KEEP_EXISTING,Existing allowlist
BHS109HP6,YES,YES,YES,DATA_AVAILABLE,NO,KEEP_EXISTING,Existing allowlist
BHS109HP6G,YES,YES,YES,DATA_AVAILABLE,NO,KEEP_EXISTING,Existing allowlist
BHS109HP7,YES,YES,YES,DATA_AVAILABLE,NO,KEEP_EXISTING,Existing allowlist
BHS109HP7G,YES,YES,YES,DATA_AVAILABLE,NO,KEEP_EXISTING,Existing allowlist
BHS110-3,YES,YES,YES,DATA_AVAILABLE,NO,KEEP_EXISTING,Existing allowlist
BHS110-3G,YES,YES,YES,DATA_AVAILABLE,NO,KEEP_EXISTING,Existing allowlist
BHS110-4,YES,YES,YES,DATA_AVAILABLE,NO,KEEP_EXISTING,Existing allowlist
BHS110-4G,YES,YES,YES,DATA_AVAILABLE,NO,KEEP_EXISTING,Existing allowlist
BHS110-5,YES,YES,YES,DATA_AVAILABLE,NO,KEEP_EXISTING,Existing allowlist
BHS110-5G,YES,YES,YES,DATA_AVAILABLE,NO,KEEP_EXISTING,Existing allowlist
BHS110-6,YES,YES,YES,DATA_AVAILABLE,NO,KEEP_EXISTING,Existing allowlist
BHS110-6G,YES,YES,YES,DATA_AVAILABLE,NO,KEEP_EXISTING,Existing allowlist
BHS110HP3,YES,YES,YES,DATA_AVAILABLE,NO,KEEP_EXISTING,Existing allowlist
BHS110HP3G,YES,YES,YES,DATA_AVAILABLE,NO,KEEP_EXISTING,Existing allowlist
BHS110HP4,YES,YES,YES,DATA_AVAILABLE,NO,KEEP_EXISTING,Existing allowlist
BHS110HP4G,YES,YES,YES,DATA_AVAILABLE,NO,KEEP_EXISTING,Existing allowlist
BHS110HP5,YES,YES,YES,DATA_AVAILABLE,NO,KEEP_EXISTING,Existing allowlist
BHS110HP5G,YES,YES,YES,DATA_AVAILABLE,NO,KEEP_EXISTING,Existing allowlist
BHS110HP6,YES,YES,YES,DATA_AVAILABLE,NO,KEEP_EXISTING,Existing allowlist
BHS110HP6G,YES,YES,YES,DATA_AVAILABLE,NO,KEEP_EXISTING,Existing allowlist
BHS110HP7,YES,YES,YES,DATA_AVAILABLE,NO,KEEP_EXISTING,Existing allowlist
BHS110HP7G,YES,YES,YES,DATA_AVAILABLE,NO,KEEP_EXISTING,Existing allowlist
BHS111-4G,YES,YES,YES,DATA_AVAILABLE,NO,KEEP_EXISTING,Existing allowlist
BHS111-5G,YES,YES,YES,DATA_AVAILABLE,NO,KEEP_EXISTING,Existing allowlist
BHS111-6G,YES,YES,YES,DATA_AVAILABLE,NO,KEEP_EXISTING,Existing allowlist
BHS111-7G,YES,YES,YES,DATA_AVAILABLE,NO,KEEP_EXISTING,Existing allowlist
BHS112-4G,YES,YES,YES,DATA_AVAILABLE,NO,KEEP_EXISTING,Existing allowlist
BHS112-5G,YES,YES,YES,DATA_AVAILABLE,NO,KEEP_EXISTING,Existing allowlist
BHS112-6G,YES,YES,YES,DATA_AVAILABLE,NO,KEEP_EXISTING,Existing allowlist
BHS112-7G,YES,YES,YES,DATA_AVAILABLE,NO,KEEP_EXISTING,Existing allowlist
BHS115-4G,YES,YES,YES,DATA_AVAILABLE,NO,KEEP_EXISTING,Existing allowlist
BHS115-5G,YES,YES,YES,DATA_AVAILABLE,NO,KEEP_EXISTING,Existing allowlist
BHS115-6G,YES,YES,YES,DATA_AVAILABLE,NO,KEEP_EXISTING,Existing allowlist
BHS115-7G,YES,YES,YES,DATA_AVAILABLE,NO,KEEP_EXISTING,Existing allowlist
BHS116-4G,YES,YES,YES,DATA_AVAILABLE,NO,KEEP_EXISTING,Existing allowlist
BHS116-5G,YES,YES,YES,DATA_AVAILABLE,NO,KEEP_EXISTING,Existing allowlist
BHS116-6G,YES,YES,YES,DATA_AVAILABLE,NO,KEEP_EXISTING,Existing allowlist
BHS116-7G,YES,YES,YES,DATA_AVAILABLE,NO,KEEP_EXISTING,Existing allowlist
BHS117,YES,YES,YES,PREPARED,NO,KEEP_EXISTING,Existing allowlist
BHS118,YES,YES,YES,PREPARED,NO,KEEP_EXISTING,Existing allowlist
BHS119,YES,YES,YES,PREPARED,NO,KEEP_EXISTING,Existing allowlist
BHS119G,YES,YES,YES,PREPARED,NO,KEEP_EXISTING,Existing allowlist
BHS20-1,YES,YES,YES,PREPARED,NO,KEEP_EXISTING,Existing allowlist
BHS20-2,YES,YES,YES,PREPARED,NO,KEEP_EXISTING,Existing allowlist
BHS20-3,YES,YES,YES,PREPARED,NO,KEEP_EXISTING,Existing allowlist
BHS20-4,YES,YES,YES,PREPARED,NO,KEEP_EXISTING,Existing allowlist
BHS20C-3,YES,YES,YES,DATA_AVAILABLE,NO,KEEP_EXISTING,Existing allowlist
BHS25,YES,YES,YES,DATA_AVAILABLE,NO,KEEP_EXISTING,Existing allowlist
BHS25G,YES,YES,YES,DATA_AVAILABLE,NO,KEEP_EXISTING,Existing allowlist
BHS26,YES,YES,YES,PREPARED,NO,KEEP_EXISTING,Existing allowlist
BHS28-1,YES,YES,YES,PREPARED,NO,KEEP_EXISTING,Existing allowlist
BHS28-2,YES,YES,YES,DATA_AVAILABLE,NO,KEEP_EXISTING,Existing allowlist
BHS28-3,YES,YES,YES,DATA_AVAILABLE,NO,KEEP_EXISTING,Existing allowlist
BHS28B-3,YES,YES,YES,DATA_AVAILABLE,NO,KEEP_EXISTING,Existing allowlist
BHS28C-3,YES,YES,YES,DATA_AVAILABLE,NO,KEEP_EXISTING,Existing allowlist
BHS29A-1,YES,YES,YES,DATA_AVAILABLE,NO,KEEP_EXISTING,Existing allowlist
BHS29A-2,YES,YES,YES,DATA_AVAILABLE,NO,KEEP_EXISTING,Existing allowlist
BHS29A-3,YES,YES,YES,DATA_AVAILABLE,NO,KEEP_EXISTING,Existing allowlist
BHS29B-1,YES,YES,YES,DATA_AVAILABLE,NO,KEEP_EXISTING,Existing allowlist
BHS29B-2,YES,YES,YES,DATA_AVAILABLE,NO,KEEP_EXISTING,Existing allowlist
BHS29B-3,YES,YES,YES,DATA_AVAILABLE,NO,KEEP_EXISTING,Existing allowlist
BHS29B-4,YES,YES,YES,DATA_AVAILABLE,NO,KEEP_EXISTING,Existing allowlist
BHS29C-3,YES,YES,YES,DATA_AVAILABLE,NO,KEEP_EXISTING,Existing allowlist
BHS30,YES,YES,YES,PREPARED,NO,KEEP_EXISTING,Existing allowlist
BHS302,YES,YES,YES,DATA_AVAILABLE,NO,KEEP_EXISTING,Existing allowlist
BHS40,YES,YES,YES,DATA_AVAILABLE,NO,KEEP_EXISTING,Existing allowlist
BHS401,YES,YES,YES,DATA_AVAILABLE,NO,KEEP_EXISTING,Existing allowlist
BHS402,YES,YES,YES,DATA_AVAILABLE,NO,KEEP_EXISTING,Existing allowlist
BHS403,YES,YES,YES,DATA_AVAILABLE,NO,KEEP_EXISTING,Existing allowlist
BHS404,YES,YES,YES,DATA_AVAILABLE,NO,KEEP_EXISTING,Existing allowlist
BHS405,YES,YES,YES,DATA_AVAILABLE,NO,KEEP_EXISTING,Existing allowlist
BHS40G,YES,YES,YES,DATA_AVAILABLE,NO,KEEP_EXISTING,Existing allowlist
BHS41A,YES,YES,YES,PREPARED,NO,KEEP_EXISTING,Existing allowlist
BHS41AG,YES,YES,YES,PREPARED,NO,KEEP_EXISTING,Existing allowlist
BHS41B,YES,YES,YES,PREPARED,NO,KEEP_EXISTING,Existing allowlist
BHS41BG,YES,YES,YES,PREPARED,NO,KEEP_EXISTING,Existing allowlist
BHS43-4,YES,YES,YES,PREPARED,NO,KEEP_EXISTING,Existing allowlist
BHS43-4G,YES,YES,YES,PREPARED,NO,KEEP_EXISTING,Existing allowlist
BHS43-5,YES,YES,YES,PREPARED,NO,KEEP_EXISTING,Existing allowlist
BHS43-5G,YES,YES,YES,PREPARED,NO,KEEP_EXISTING,Existing allowlist
BHS43-6,YES,YES,YES,PREPARED,NO,KEEP_EXISTING,Existing allowlist
BHS43-6G,YES,YES,YES,DATA_AVAILABLE,NO,KEEP_EXISTING,Existing allowlist
BHS43-7,YES,YES,YES,PREPARED,NO,KEEP_EXISTING,Existing allowlist
BHS43-7G,YES,YES,YES,DATA_AVAILABLE,NO,KEEP_EXISTING,Existing allowlist
BHS44-4,YES,YES,YES,PREPARED,NO,KEEP_EXISTING,Existing allowlist
BHS44-4G,YES,YES,YES,PREPARED,NO,KEEP_EXISTING,Existing allowlist
BHS44-5,YES,YES,YES,PREPARED,NO,KEEP_EXISTING,Existing allowlist
BHS44-5G,YES,YES,YES,DATA_AVAILABLE,NO,KEEP_EXISTING,Existing allowlist
BHS44-6,YES,YES,YES,PREPARED,NO,KEEP_EXISTING,Existing allowlist
BHS44-6G,YES,YES,YES,DATA_AVAILABLE,NO,KEEP_EXISTING,Existing allowlist
BHS44-7,YES,YES,YES,PREPARED,NO,KEEP_EXISTING,Existing allowlist
BHS44-7G,YES,YES,YES,DATA_AVAILABLE,NO,KEEP_EXISTING,Existing allowlist
BHS501-3,YES,YES,YES,DATA_AVAILABLE,NO,KEEP_EXISTING,Existing allowlist
BHS501-4,YES,YES,YES,DATA_AVAILABLE,NO,KEEP_EXISTING,Existing allowlist
BHS501-5,YES,YES,YES,DATA_AVAILABLE,NO,KEEP_EXISTING,Existing allowlist
BHT01,YES,YES,YES,DATA_AVAILABLE,NO,KEEP_EXISTING,Existing allowlist
BHT02-12,YES,YES,YES,DATA_AVAILABLE,NO,KEEP_EXISTING,Existing allowlist
BHT02-14,YES,YES,YES,DATA_AVAILABLE,NO,KEEP_EXISTING,Existing allowlist
BHT04,YES,YES,YES,DATA_AVAILABLE,NO,KEEP_EXISTING,Existing allowlist
BHT12DH1,YES,YES,YES,DATA_AVAILABLE,NO,KEEP_EXISTING,Existing allowlist
BHT12DH2,YES,YES,YES,DATA_AVAILABLE,NO,KEEP_EXISTING,Existing allowlist
BHT12DH2V,YES,YES,YES,DATA_AVAILABLE,NO,KEEP_EXISTING,Existing allowlist
BHT12DH3,YES,YES,YES,DATA_AVAILABLE,NO,KEEP_EXISTING,Existing allowlist
BHT12DH4,YES,YES,YES,DATA_AVAILABLE,NO,KEEP_EXISTING,Existing allowlist
BHT12DH4V,YES,YES,YES,DATA_AVAILABLE,NO,KEEP_EXISTING,Existing allowlist
BHT12DV1,YES,YES,YES,DATA_AVAILABLE,NO,KEEP_EXISTING,Existing allowlist
BHT12DV2,YES,YES,YES,DATA_AVAILABLE,NO,KEEP_EXISTING,Existing allowlist
BHT12LH2,YES,YES,YES,PREPARED,NO,KEEP_EXISTING,Existing allowlist
BHT12LH2V,YES,YES,YES,PREPARED,NO,KEEP_EXISTING,Existing allowlist
BHT15DH2,YES,YES,YES,PREPARED,NO,KEEP_EXISTING,Existing allowlist
BHT15DH2V,YES,YES,YES,PREPARED,NO,KEEP_EXISTING,Existing allowlist
BHT15DH4,YES,YES,YES,DATA_AVAILABLE,NO,KEEP_EXISTING,Existing allowlist
BHT15DH4V,YES,YES,YES,DATA_AVAILABLE,NO,KEEP_EXISTING,Existing allowlist
BHT15LH2,YES,YES,YES,PREPARED,NO,KEEP_EXISTING,Existing allowlist
BHT15LH2V,YES,YES,YES,PREPARED,NO,KEEP_EXISTING,Existing allowlist
BHT512,YES,YES,YES,DATA_AVAILABLE,NO,KEEP_EXISTING,Existing allowlist
BK610,YES,YES,YES,DATA_AVAILABLE,NO,KEEP_EXISTING,Existing allowlist
BK712,YES,YES,YES,DATA_AVAILABLE,NO,KEEP_EXISTING,Existing allowlist
BKB01,YES,YES,YES,DATA_AVAILABLE,NO,KEEP_EXISTING,Existing allowlist
BKB02,YES,YES,YES,DATA_AVAILABLE,NO,KEEP_EXISTING,Existing allowlist
BKB03I,YES,YES,YES,DATA_AVAILABLE,NO,KEEP_EXISTING,Existing allowlist
BKS01,YES,YES,YES,DATA_AVAILABLE,NO,KEEP_EXISTING,Existing allowlist
BKS02,YES,YES,YES,DATA_AVAILABLE,NO,KEEP_EXISTING,Existing allowlist
BKS04,YES,YES,YES,DATA_AVAILABLE,NO,KEEP_EXISTING,Existing allowlist
BKS05,YES,YES,YES,DATA_AVAILABLE,NO,KEEP_EXISTING,Existing allowlist
BKS06,YES,YES,YES,DATA_AVAILABLE,NO,KEEP_EXISTING,Existing allowlist
BKS07,YES,YES,YES,DATA_AVAILABLE,NO,KEEP_EXISTING,Existing allowlist
BKSID16,YES,YES,YES,DATA_AVAILABLE,NO,KEEP_EXISTING,Existing allowlist
BM101,YES,YES,YES,DATA_AVAILABLE,NO,KEEP_EXISTING,Existing allowlist
BMG101A-1,YES,YES,YES,DATA_AVAILABLE,NO,KEEP_EXISTING,Existing allowlist
BMG101A-2,YES,YES,YES,PREPARED,NO,KEEP_EXISTING,Existing allowlist
BMG101AN,YES,YES,YES,DATA_AVAILABLE,NO,KEEP_EXISTING,Existing allowlist
BMG101B-1,YES,YES,YES,PREPARED,NO,KEEP_EXISTING,Existing allowlist
BMG101B-2,YES,YES,YES,PREPARED,NO,KEEP_EXISTING,Existing allowlist
BMG101BN,YES,YES,YES,PREPARED,NO,KEEP_EXISTING,Existing allowlist
BMG102A-1,YES,YES,YES,DATA_AVAILABLE,NO,KEEP_EXISTING,Existing allowlist
BMG102A-2,YES,YES,YES,PREPARED,NO,KEEP_EXISTING,Existing allowlist
BMG102B-1,YES,YES,YES,PREPARED,NO,KEEP_EXISTING,Existing allowlist
BMG102B-2,YES,YES,YES,PREPARED,NO,KEEP_EXISTING,Existing allowlist
BMG104A-1,YES,YES,YES,DATA_AVAILABLE,NO,KEEP_EXISTING,Existing allowlist
BMG104A-2,YES,YES,YES,PREPARED,NO,KEEP_EXISTING,Existing allowlist
BMG104A-4,YES,YES,YES,PREPARED,NO,KEEP_EXISTING,Existing allowlist
BMG104B-1,YES,YES,YES,DATA_AVAILABLE,NO,KEEP_EXISTING,Existing allowlist
BMG104B-2,YES,YES,YES,PREPARED,NO,KEEP_EXISTING,Existing allowlist
BMG104B-4,YES,YES,YES,PREPARED,NO,KEEP_EXISTING,Existing allowlist
BMT01,YES,YES,YES,DATA_AVAILABLE,NO,KEEP_EXISTING,Existing allowlist
BMT03,YES,YES,YES,DATA_AVAILABLE,NO,KEEP_EXISTING,Existing allowlist
BMT04,YES,YES,YES,DATA_AVAILABLE,NO,KEEP_EXISTING,Existing allowlist
BMT05,YES,YES,YES,DATA_AVAILABLE,NO,KEEP_EXISTING,Existing allowlist
BMT11,YES,YES,YES,DATA_AVAILABLE,NO,KEEP_EXISTING,Existing allowlist
BMT136,YES,YES,YES,DATA_AVAILABLE,NO,KEEP_EXISTING,Existing allowlist
BMT30,YES,YES,YES,DATA_AVAILABLE,NO,KEEP_EXISTING,Existing allowlist
BMT31,YES,YES,YES,DATA_AVAILABLE,NO,KEEP_EXISTING,Existing allowlist
BMT46,YES,YES,YES,DATA_AVAILABLE,NO,KEEP_EXISTING,Existing allowlist
BMT97A,YES,YES,YES,DATA_AVAILABLE,NO,KEEP_EXISTING,Existing allowlist
BMT97B,YES,YES,YES,DATA_AVAILABLE,NO,KEEP_EXISTING,Existing allowlist
BP301,YES,YES,YES,DATA_AVAILABLE,NO,KEEP_EXISTING,Existing allowlist
BP302,YES,YES,YES,DATA_AVAILABLE,NO,KEEP_EXISTING,Existing allowlist
BP303,YES,YES,YES,DATA_AVAILABLE,NO,KEEP_EXISTING,Existing allowlist
BP304,YES,YES,YES,DATA_AVAILABLE,NO,KEEP_EXISTING,Existing allowlist
BP305,YES,YES,YES,DATA_AVAILABLE,NO,KEEP_EXISTING,Existing allowlist
BP307,YES,YES,YES,DATA_AVAILABLE,NO,KEEP_EXISTING,Existing allowlist
BP308,YES,YES,YES,DATA_AVAILABLE,NO,KEEP_EXISTING,Existing allowlist
BP401,YES,YES,YES,DATA_AVAILABLE,NO,KEEP_EXISTING,Existing allowlist
BP402,YES,YES,YES,DATA_AVAILABLE,NO,KEEP_EXISTING,Existing allowlist
BQ101-18,YES,YES,YES,DATA_AVAILABLE,NO,KEEP_EXISTING,Existing allowlist
BQ101-20,YES,YES,YES,DATA_AVAILABLE,NO,KEEP_EXISTING,Existing allowlist
BQ101-22,YES,YES,YES,DATA_AVAILABLE,NO,KEEP_EXISTING,Existing allowlist
BQ102-22,YES,YES,YES,DATA_AVAILABLE,NO,KEEP_EXISTING,Existing allowlist
BQ103-18,YES,YES,YES,DATA_AVAILABLE,NO,KEEP_EXISTING,Existing allowlist
BQ104-18,YES,YES,YES,DATA_AVAILABLE,NO,KEEP_EXISTING,Existing allowlist
BQ104-20,YES,YES,YES,DATA_AVAILABLE,NO,KEEP_EXISTING,Existing allowlist
BQ104-22,YES,YES,YES,DATA_AVAILABLE,NO,KEEP_EXISTING,Existing allowlist
BRI1000-2T2,YES,YES,YES,PREPARED,NO,KEEP_EXISTING,Existing allowlist
BRI1000-3T2,YES,YES,YES,PREPARED,NO,KEEP_EXISTING,Existing allowlist
BRI120C15,YES,YES,YES,DATA_AVAILABLE,NO,KEEP_EXISTING,Existing allowlist
BRI120HLC15,YES,YES,YES,DATA_AVAILABLE,NO,KEEP_EXISTING,Existing allowlist
BRI120SC15,YES,YES,YES,DATA_AVAILABLE,NO,KEEP_EXISTING,Existing allowlist
BRI120SHLC15,YES,YES,YES,DATA_AVAILABLE,NO,KEEP_EXISTING,Existing allowlist
BRI1260-2B,YES,YES,YES,PREPARED,NO,KEEP_EXISTING,Existing allowlist
BRI1260-3B,YES,YES,YES,PREPARED,NO,KEEP_EXISTING,Existing allowlist
BRI1280,YES,YES,YES,PREPARED,NO,KEEP_EXISTING,Existing allowlist
BRI140C15,YES,YES,YES,DATA_AVAILABLE,NO,KEEP_EXISTING,Existing allowlist
BRI140HLC15,YES,YES,YES,DATA_AVAILABLE,NO,KEEP_EXISTING,Existing allowlist
BRI140SC15,YES,YES,YES,DATA_AVAILABLE,NO,KEEP_EXISTING,Existing allowlist
BRI140SHLC15,YES,YES,YES,DATA_AVAILABLE,NO,KEEP_EXISTING,Existing allowlist
BRI160C15,YES,YES,YES,DATA_AVAILABLE,NO,KEEP_EXISTING,Existing allowlist
BRI1960-3B,YES,YES,YES,PREPARED,NO,KEEP_EXISTING,Existing allowlist
BRI1960-3BK,YES,YES,YES,PREPARED,NO,KEEP_EXISTING,Existing allowlist
BRI1960KG,YES,YES,YES,PREPARED,NO,KEEP_EXISTING,Existing allowlist
BRI880D,YES,YES,YES,PREPARED,NO,KEEP_EXISTING,Existing allowlist
BRI880SD,YES,YES,YES,PREPARED,NO,KEEP_EXISTING,Existing allowlist
BRIBF01,YES,YES,YES,DATA_AVAILABLE,NO,KEEP_EXISTING,Existing allowlist
BRIC01,YES,YES,YES,DATA_AVAILABLE,NO,KEEP_EXISTING,Existing allowlist
BRIC02,YES,YES,YES,DATA_AVAILABLE,NO,KEEP_EXISTING,Existing allowlist
BRIH1810C15,YES,YES,YES,DATA_AVAILABLE,NO,KEEP_EXISTING,Existing allowlist
BRIH2010C15,YES,YES,YES,DATA_AVAILABLE,NO,KEEP_EXISTING,Existing allowlist
BRIH2412C15,YES,YES,YES,DATA_AVAILABLE,NO,KEEP_EXISTING,Existing allowlist
BRIM3D,YES,YES,YES,DATA_AVAILABLE,NO,KEEP_EXISTING,Existing allowlist
BRIMD01-4C15,YES,YES,YES,DATA_AVAILABLE,NO,KEEP_EXISTING,Existing allowlist
BRIMD02-4C15,YES,YES,YES,DATA_AVAILABLE,NO,KEEP_EXISTING,Existing allowlist
BRIMD03C15,YES,YES,YES,DATA_AVAILABLE,NO,KEEP_EXISTING,Existing allowlist
BRIMD03C15KY,YES,YES,YES,DATA_AVAILABLE,NO,KEEP_EXISTING,Existing allowlist
BRIP180C15,YES,YES,YES,DATA_AVAILABLE,NO,KEEP_EXISTING,Existing allowlist
BRIP1880C15,YES,YES,YES,DATA_AVAILABLE,NO,KEEP_EXISTING,Existing allowlist
BSA01,YES,YES,YES,DATA_AVAILABLE,NO,KEEP_EXISTING,Existing allowlist
BSF10,YES,YES,YES,DATA_AVAILABLE,NO,KEEP_EXISTING,Existing allowlist
BSF11,YES,YES,YES,DATA_AVAILABLE,NO,KEEP_EXISTING,Existing allowlist
BSF14,YES,YES,YES,DATA_AVAILABLE,NO,KEEP_EXISTING,Existing allowlist
BSF15,YES,YES,YES,DATA_AVAILABLE,NO,KEEP_EXISTING,Existing allowlist
BSF16,YES,YES,YES,DATA_AVAILABLE,NO,KEEP_EXISTING,Existing allowlist
BSF16K8,YES,YES,YES,DATA_AVAILABLE,NO,KEEP_EXISTING,Existing allowlist
BSF17,YES,YES,YES,DATA_AVAILABLE,NO,KEEP_EXISTING,Existing allowlist
BSF18,YES,YES,YES,DATA_AVAILABLE,NO,KEEP_EXISTING,Existing allowlist
BSF19,YES,YES,YES,DATA_AVAILABLE,NO,KEEP_EXISTING,Existing allowlist
BSF20,YES,YES,YES,DATA_AVAILABLE,NO,KEEP_EXISTING,Existing allowlist
BSF21,YES,YES,YES,DATA_AVAILABLE,NO,KEEP_EXISTING,Existing allowlist
BSF24N4,YES,YES,YES,DATA_AVAILABLE,NO,KEEP_EXISTING,Existing allowlist
BSF301,YES,YES,YES,DATA_AVAILABLE,NO,KEEP_EXISTING,Existing allowlist
BSF401-40,YES,YES,YES,DATA_AVAILABLE,NO,KEEP_EXISTING,Existing allowlist
BSF401-60,YES,YES,YES,DATA_AVAILABLE,NO,KEEP_EXISTING,Existing allowlist
BSF402-60,YES,YES,YES,DATA_AVAILABLE,NO,KEEP_EXISTING,Existing allowlist
BSF402-80,YES,YES,YES,DATA_AVAILABLE,NO,KEEP_EXISTING,Existing allowlist
BSF403,YES,YES,YES,DATA_AVAILABLE,NO,KEEP_EXISTING,Existing allowlist
BSF404,YES,YES,YES,DATA_AVAILABLE,NO,KEEP_EXISTING,Existing allowlist
BSF405MG46,YES,YES,YES,DATA_AVAILABLE,NO,KEEP_EXISTING,Existing allowlist
BSF405MK8,YES,YES,YES,DATA_AVAILABLE,NO,KEEP_EXISTING,Existing allowlist
BSF406-40,YES,YES,YES,DATA_AVAILABLE,NO,KEEP_EXISTING,Existing allowlist
BSF406-60,YES,YES,YES,DATA_AVAILABLE,NO,KEEP_EXISTING,Existing allowlist
BSF407-60,YES,YES,YES,DATA_AVAILABLE,NO,KEEP_EXISTING,Existing allowlist
BSF407-80,YES,YES,YES,DATA_AVAILABLE,NO,KEEP_EXISTING,Existing allowlist
BSF408,YES,YES,YES,DATA_AVAILABLE,NO,KEEP_EXISTING,Existing allowlist
BSF409-60,YES,YES,YES,DATA_AVAILABLE,NO,KEEP_EXISTING,Existing allowlist
BSF409-80,YES,YES,YES,DATA_AVAILABLE,NO,KEEP_EXISTING,Existing allowlist
BSF410-60,YES,YES,YES,DATA_AVAILABLE,NO,KEEP_EXISTING,Existing allowlist
BSF410-80,YES,YES,YES,DATA_AVAILABLE,NO,KEEP_EXISTING,Existing allowlist
BSF411-40,YES,YES,YES,DATA_AVAILABLE,NO,KEEP_EXISTING,Existing allowlist
BSF411-60,YES,YES,YES,DATA_AVAILABLE,NO,KEEP_EXISTING,Existing allowlist
BSF412,YES,YES,YES,DATA_AVAILABLE,NO,KEEP_EXISTING,Existing allowlist
BSF47K10,YES,YES,YES,DATA_AVAILABLE,NO,KEEP_EXISTING,Existing allowlist
BSF501N7,YES,YES,YES,DATA_AVAILABLE,NO,KEEP_EXISTING,Existing allowlist
BSF502,YES,YES,YES,DATA_AVAILABLE,NO,KEEP_EXISTING,Existing allowlist
BSF503,YES,YES,YES,DATA_AVAILABLE,NO,KEEP_EXISTING,Existing allowlist
BSF505,YES,YES,YES,DATA_AVAILABLE,NO,KEEP_EXISTING,Existing allowlist
BSF508-60,YES,YES,YES,DATA_AVAILABLE,NO,KEEP_EXISTING,Existing allowlist
BSF511,YES,YES,YES,DATA_AVAILABLE,NO,KEEP_EXISTING,Existing allowlist
BSF601,YES,YES,YES,DATA_AVAILABLE,NO,KEEP_EXISTING,Existing allowlist
BSF603I,YES,YES,YES,DATA_AVAILABLE,NO,KEEP_EXISTING,Existing allowlist
BSF604I,YES,YES,YES,DATA_AVAILABLE,NO,KEEP_EXISTING,Existing allowlist
BSF61V,YES,YES,YES,DATA_AVAILABLE,NO,KEEP_EXISTING,Existing allowlist
BSF62V,YES,YES,YES,DATA_AVAILABLE,NO,KEEP_EXISTING,Existing allowlist
BSF64V,YES,YES,YES,DATA_AVAILABLE,NO,KEEP_EXISTING,Existing allowlist
BSF65,YES,YES,YES,DATA_AVAILABLE,NO,KEEP_EXISTING,Existing allowlist
BSF66,YES,YES,YES,DATA_AVAILABLE,NO,KEEP_EXISTING,Existing allowlist
BSF67V,YES,YES,YES,DATA_AVAILABLE,NO,KEEP_EXISTING,Existing allowlist
BSF67VM,YES,YES,YES,DATA_AVAILABLE,NO,KEEP_EXISTING,Existing allowlist
BSF68,YES,YES,YES,DATA_AVAILABLE,NO,KEEP_EXISTING,Existing allowlist
BSF78A,YES,YES,YES,DATA_AVAILABLE,NO,KEEP_EXISTING,Existing allowlist
BSF78B,YES,YES,YES,DATA_AVAILABLE,NO,KEEP_EXISTING,Existing allowlist
BSF79A,YES,YES,YES,DATA_AVAILABLE,NO,KEEP_EXISTING,Existing allowlist
BSF79B,YES,YES,YES,DATA_AVAILABLE,NO,KEEP_EXISTING,Existing allowlist
BSF80,YES,YES,YES,DATA_AVAILABLE,NO,KEEP_EXISTING,Existing allowlist
BSF81,YES,YES,YES,DATA_AVAILABLE,NO,KEEP_EXISTING,Existing allowlist
BSF85,YES,YES,YES,DATA_AVAILABLE,NO,KEEP_EXISTING,Existing allowlist
BSF86,YES,YES,YES,DATA_AVAILABLE,NO,KEEP_EXISTING,Existing allowlist
BSF87,YES,YES,YES,DATA_AVAILABLE,NO,KEEP_EXISTING,Existing allowlist
BSF90,YES,YES,YES,DATA_AVAILABLE,NO,KEEP_EXISTING,Existing allowlist
BSF91,YES,YES,YES,DATA_AVAILABLE,NO,KEEP_EXISTING,Existing allowlist
BSF92,YES,YES,YES,DATA_AVAILABLE,NO,KEEP_EXISTING,Existing allowlist
BSF92B,YES,YES,YES,DATA_AVAILABLE,NO,KEEP_EXISTING,Existing allowlist
BSF93,YES,YES,YES,DATA_AVAILABLE,NO,KEEP_EXISTING,Existing allowlist
BSF93B,YES,YES,YES,DATA_AVAILABLE,NO,KEEP_EXISTING,Existing allowlist
BSF94,YES,YES,YES,DATA_AVAILABLE,NO,KEEP_EXISTING,Existing allowlist
BSF94B,YES,YES,YES,DATA_AVAILABLE,NO,KEEP_EXISTING,Existing allowlist
BSF98,YES,YES,YES,DATA_AVAILABLE,NO,KEEP_EXISTING,Existing allowlist
BSH101BG,YES,YES,YES,DATA_AVAILABLE,NO,KEEP_EXISTING,Existing allowlist
BSH102BG,YES,YES,YES,DATA_AVAILABLE,NO,KEEP_EXISTING,Existing allowlist
BSV101,YES,YES,YES,DATA_AVAILABLE,NO,KEEP_EXISTING,Existing allowlist
BSV102,YES,YES,YES,DATA_AVAILABLE,NO,KEEP_EXISTING,Existing allowlist
BSV102G,YES,YES,YES,DATA_AVAILABLE,NO,KEEP_EXISTING,Existing allowlist
BSV102T,YES,YES,YES,DATA_AVAILABLE,NO,KEEP_EXISTING,Existing allowlist
BSV102TG,YES,YES,YES,DATA_AVAILABLE,NO,KEEP_EXISTING,Existing allowlist
BSV103,YES,YES,YES,DATA_AVAILABLE,NO,KEEP_EXISTING,Existing allowlist
BSV103T,YES,YES,YES,DATA_AVAILABLE,NO,KEEP_EXISTING,Existing allowlist
BSV104,YES,YES,YES,DATA_AVAILABLE,NO,KEEP_EXISTING,Existing allowlist
BSV105,YES,YES,YES,DATA_AVAILABLE,NO,KEEP_EXISTING,Existing allowlist
BSV105G,YES,YES,YES,DATA_AVAILABLE,NO,KEEP_EXISTING,Existing allowlist
BSV105T,YES,YES,YES,DATA_AVAILABLE,NO,KEEP_EXISTING,Existing allowlist
BSV105TG,YES,YES,YES,DATA_AVAILABLE,NO,KEEP_EXISTING,Existing allowlist
BSV107,YES,YES,YES,DATA_AVAILABLE,NO,KEEP_EXISTING,Existing allowlist
BSV107G,YES,YES,YES,DATA_AVAILABLE,NO,KEEP_EXISTING,Existing allowlist
BSV107T,YES,YES,YES,DATA_AVAILABLE,NO,KEEP_EXISTING,Existing allowlist
BSV107TG,YES,YES,YES,DATA_AVAILABLE,NO,KEEP_EXISTING,Existing allowlist
BSV108,YES,YES,YES,DATA_AVAILABLE,NO,KEEP_EXISTING,Existing allowlist
BSV108G,YES,YES,YES,DATA_AVAILABLE,NO,KEEP_EXISTING,Existing allowlist
BSV108T,YES,YES,YES,DATA_AVAILABLE,NO,KEEP_EXISTING,Existing allowlist
BSV108TG,YES,YES,YES,DATA_AVAILABLE,NO,KEEP_EXISTING,Existing allowlist
BSV240,YES,YES,YES,DATA_AVAILABLE,NO,KEEP_EXISTING,Existing allowlist
BT100,YES,YES,YES,DATA_AVAILABLE,NO,KEEP_EXISTING,Existing allowlist
BT1150,YES,YES,YES,DATA_AVAILABLE,NO,KEEP_EXISTING,Existing allowlist
BT1150B,YES,YES,YES,DATA_AVAILABLE,NO,KEEP_EXISTING,Existing allowlist
BT120,YES,YES,YES,DATA_AVAILABLE,NO,KEEP_EXISTING,Existing allowlist
BT120B,YES,YES,YES,DATA_AVAILABLE,NO,KEEP_EXISTING,Existing allowlist
BT202A,YES,YES,YES,DATA_AVAILABLE,NO,KEEP_EXISTING,Existing allowlist
BT203,YES,YES,YES,DATA_AVAILABLE,NO,KEEP_EXISTING,Existing allowlist
BT950,YES,YES,YES,DATA_AVAILABLE,NO,KEEP_EXISTING,Existing allowlist
BTN101,YES,YES,YES,DATA_AVAILABLE,NO,KEEP_EXISTING,Existing allowlist
BTN102,YES,YES,YES,DATA_AVAILABLE,NO,KEEP_EXISTING,Existing allowlist
BTNHS01,YES,YES,YES,DATA_AVAILABLE,NO,KEEP_EXISTING,Existing allowlist
BTNHS02,YES,YES,YES,DATA_AVAILABLE,NO,KEEP_EXISTING,Existing allowlist
BTV101,YES,YES,YES,DATA_AVAILABLE,NO,KEEP_EXISTING,Existing allowlist
BTYT01I,YES,YES,YES,DATA_AVAILABLE,NO,KEEP_EXISTING,Existing allowlist
C-88,YES,YES,YES,DATA_AVAILABLE,NO,KEEP_EXISTING,Existing allowlist
C01,YES,YES,YES,DATA_AVAILABLE,NO,KEEP_EXISTING,Existing allowlist
CBN01,YES,YES,YES,DATA_AVAILABLE,NO,KEEP_EXISTING,Existing allowlist
CL01,YES,YES,YES,DATA_AVAILABLE,NO,KEEP_EXISTING,Existing allowlist
CL02,YES,YES,YES,DATA_AVAILABLE,NO,KEEP_EXISTING,Existing allowlist
CONG_CU,YES,YES,YES,DATA_AVAILABLE,NO,KEEP_EXISTING,Existing allowlist
CPE01,YES,YES,YES,DATA_AVAILABLE,NO,KEEP_EXISTING,Existing allowlist
CT01,YES,YES,YES,DATA_AVAILABLE,NO,KEEP_EXISTING,Existing allowlist
CT2010H2,YES,YES,YES,PREPARED,NO,KEEP_EXISTING,Existing allowlist
CT2010H5,YES,YES,YES,PREPARED,NO,KEEP_EXISTING,Existing allowlist
CT2010H5CN,YES,YES,YES,PREPARED,NO,KEEP_EXISTING,Existing allowlist
CT2010H6,YES,YES,YES,PREPARED,NO,KEEP_EXISTING,Existing allowlist
CT2010H7,YES,YES,YES,DATA_AVAILABLE,NO,KEEP_EXISTING,Existing allowlist
CT2412H2,YES,YES,YES,PREPARED,NO,KEEP_EXISTING,Existing allowlist
CT2412H5CN,YES,YES,YES,PREPARED,NO,KEEP_EXISTING,Existing allowlist
CT2412H6,YES,YES,YES,PREPARED,NO,KEEP_EXISTING,Existing allowlist
CT2412H7,YES,YES,YES,DATA_AVAILABLE,NO,KEEP_EXISTING,Existing allowlist
CT2412V1,YES,YES,YES,PREPARED,NO,KEEP_EXISTING,Existing allowlist
CT2412VM1,YES,YES,YES,PREPARED,NO,KEEP_EXISTING,Existing allowlist
CT2600,YES,YES,YES,DATA_AVAILABLE,NO,KEEP_EXISTING,Existing allowlist
CT3012H1,YES,YES,YES,DATA_AVAILABLE,NO,KEEP_EXISTING,Existing allowlist
CT3012H2,YES,YES,YES,DATA_AVAILABLE,NO,KEEP_EXISTING,Existing allowlist
CT4016H2,YES,YES,YES,DATA_AVAILABLE,NO,KEEP_EXISTING,Existing allowlist
CT4016V19,YES,YES,YES,PREPARED,NO,KEEP_EXISTING,Existing allowlist
CT5016H1,YES,YES,YES,DATA_AVAILABLE,NO,KEEP_EXISTING,Existing allowlist
CT5022H1R10,YES,YES,YES,DATA_AVAILABLE,NO,KEEP_EXISTING,Existing allowlist
CT5022H1R8,YES,YES,YES,DATA_AVAILABLE,NO,KEEP_EXISTING,Existing allowlist
CT5022H2R10,YES,YES,YES,DATA_AVAILABLE,NO,KEEP_EXISTING,Existing allowlist
CT5022H2R8,YES,YES,YES,DATA_AVAILABLE,NO,KEEP_EXISTING,Existing allowlist
CT5522H1,YES,YES,YES,DATA_AVAILABLE,NO,KEEP_EXISTING,Existing allowlist
D003,YES,YES,YES,DATA_AVAILABLE,NO,KEEP_EXISTING,Existing allowlist
DC1240H1,YES,YES,YES,PREPARED,NO,KEEP_EXISTING,Existing allowlist
DC1240V9,YES,YES,YES,PREPARED,NO,KEEP_EXISTING,Existing allowlist
DC1240VM9,YES,YES,YES,PREPARED,NO,KEEP_EXISTING,Existing allowlist
DC1340H1,YES,YES,YES,PREPARED,NO,KEEP_EXISTING,Existing allowlist
DC1350H1,YES,YES,YES,PREPARED,NO,KEEP_EXISTING,Existing allowlist
DC1350H10,YES,YES,YES,PREPARED,NO,KEEP_EXISTING,Existing allowlist
DC1350H11,YES,YES,YES,PREPARED,NO,KEEP_EXISTING,Existing allowlist
DC1350V4,YES,YES,YES,PREPARED,NO,KEEP_EXISTING,Existing allowlist
DC1350V9,YES,YES,YES,PREPARED,NO,KEEP_EXISTING,Existing allowlist
DC1350VM4,YES,YES,YES,PREPARED,NO,KEEP_EXISTING,Existing allowlist
DC1350VM9,YES,YES,YES,PREPARED,NO,KEEP_EXISTING,Existing allowlist
DC1800H6,YES,YES,YES,PREPARED,NO,KEEP_EXISTING,Existing allowlist
DC1840H1,YES,YES,YES,PREPARED,NO,KEEP_EXISTING,Existing allowlist
DC1840V5,YES,YES,YES,PREPARED,NO,KEEP_EXISTING,Existing allowlist
DC1840VM5,YES,YES,YES,PREPARED,NO,KEEP_EXISTING,Existing allowlist
DC1850H9,YES,YES,YES,PREPARED,NO,KEEP_EXISTING,Existing allowlist
DC2000H9,YES,YES,YES,PREPARED,NO,KEEP_EXISTING,Existing allowlist
DC2000V2,YES,YES,YES,PREPARED,NO,KEEP_EXISTING,Existing allowlist
DC2000VM2,YES,YES,YES,PREPARED,NO,KEEP_EXISTING,Existing allowlist
DC2200H2,YES,YES,YES,PREPARED,NO,KEEP_EXISTING,Existing allowlist
DC2448V6,YES,YES,YES,PREPARED,NO,KEEP_EXISTING,Existing allowlist
DC2448VM6,YES,YES,YES,PREPARED,NO,KEEP_EXISTING,Existing allowlist
DC3040VM20,YES,YES,YES,DATA_AVAILABLE,NO,KEEP_EXISTING,Existing allowlist
DC3242V8,YES,YES,YES,PREPARED,NO,KEEP_EXISTING,Existing allowlist
DC3242VM8,YES,YES,YES,PREPARED,NO,KEEP_EXISTING,Existing allowlist
DC3246V7,YES,YES,YES,PREPARED,NO,KEEP_EXISTING,Existing allowlist
DC3246VM7,YES,YES,YES,PREPARED,NO,KEEP_EXISTING,Existing allowlist
DC8040H1,YES,YES,YES,PREPARED,NO,KEEP_EXISTING,Existing allowlist
DC8040H2,YES,YES,YES,PREPARED,NO,KEEP_EXISTING,Existing allowlist
DC940H1,YES,YES,YES,PREPARED,NO,KEEP_EXISTING,Existing allowlist
DC940H2,YES,YES,YES,PREPARED,NO,KEEP_EXISTING,Existing allowlist
DC940H3,YES,YES,YES,PREPARED,NO,KEEP_EXISTING,Existing allowlist
DC940H5,YES,YES,YES,PREPARED,NO,KEEP_EXISTING,Existing allowlist
DC940V9,YES,YES,YES,PREPARED,NO,KEEP_EXISTING,Existing allowlist
DC940VM9,YES,YES,YES,PREPARED,NO,KEEP_EXISTING,Existing allowlist
DGYT03,YES,YES,YES,DATA_AVAILABLE,NO,KEEP_EXISTING,Existing allowlist
DGYT04,YES,YES,YES,DATA_AVAILABLE,NO,KEEP_EXISTING,Existing allowlist
DGYT06,YES,YES,YES,DATA_AVAILABLE,NO,KEEP_EXISTING,Existing allowlist
DIEN_THOAI_50_NGAN,YES,YES,YES,DATA_AVAILABLE,NO,KEEP_EXISTING,Existing allowlist
DOTGTT15,YES,YES,YES,DATA_AVAILABLE,NO,KEEP_EXISTING,Existing allowlist
DOTGTT20,YES,YES,YES,DATA_AVAILABLE,NO,KEEP_EXISTING,Existing allowlist
DT,YES,YES,YES,PREPARED,NO,KEEP_EXISTING,Existing allowlist
DT1890H1,YES,YES,YES,DATA_AVAILABLE,NO,KEEP_EXISTING,Existing allowlist
DT1890H12,YES,YES,YES,DATA_AVAILABLE,NO,KEEP_EXISTING,Existing allowlist
DT1890H14,YES,YES,YES,DATA_AVAILABLE,NO,KEEP_EXISTING,Existing allowlist
DT1890H15,YES,YES,YES,DATA_AVAILABLE,NO,KEEP_EXISTING,Existing allowlist
DT1890H16,YES,YES,YES,DATA_AVAILABLE,NO,KEEP_EXISTING,Existing allowlist
DT1890H17,YES,YES,YES,DATA_AVAILABLE,NO,KEEP_EXISTING,Existing allowlist
DT1890H2,YES,YES,YES,DATA_AVAILABLE,NO,KEEP_EXISTING,Existing allowlist
DT1890H24,YES,YES,YES,DATA_AVAILABLE,NO,KEEP_EXISTING,Existing allowlist
DT1890H25,YES,YES,YES,DATA_AVAILABLE,NO,KEEP_EXISTING,Existing allowlist
DT1890H26,YES,YES,YES,DATA_AVAILABLE,NO,KEEP_EXISTING,Existing allowlist
DT1890H27,YES,YES,YES,DATA_AVAILABLE,NO,KEEP_EXISTING,Existing allowlist
DT1890H3,YES,YES,YES,DATA_AVAILABLE,NO,KEEP_EXISTING,Existing allowlist
DT1890H35,YES,YES,YES,DATA_AVAILABLE,NO,KEEP_EXISTING,Existing allowlist
DT1890H36,YES,YES,YES,DATA_AVAILABLE,NO,KEEP_EXISTING,Existing allowlist
DT1890H37,YES,YES,YES,DATA_AVAILABLE,NO,KEEP_EXISTING,Existing allowlist
DT1890H4,YES,YES,YES,DATA_AVAILABLE,NO,KEEP_EXISTING,Existing allowlist
DT1890H43,YES,YES,YES,DATA_AVAILABLE,NO,KEEP_EXISTING,Existing allowlist
DT1890H5,YES,YES,YES,DATA_AVAILABLE,NO,KEEP_EXISTING,Existing allowlist
DT1890V12,YES,YES,YES,PREPARED,NO,KEEP_EXISTING,Existing allowlist
DT1890V14,YES,YES,YES,PREPARED,NO,KEEP_EXISTING,Existing allowlist
DT1890V15,YES,YES,YES,PREPARED,NO,KEEP_EXISTING,Existing allowlist
DT1890V16,YES,YES,YES,PREPARED,NO,KEEP_EXISTING,Existing allowlist
DT1890V2,YES,YES,YES,PREPARED,NO,KEEP_EXISTING,Existing allowlist
DT1890V4,YES,YES,YES,PREPARED,NO,KEEP_EXISTING,Existing allowlist
DT1890VM12,YES,YES,YES,PREPARED,NO,KEEP_EXISTING,Existing allowlist
DT1890VM14,YES,YES,YES,PREPARED,NO,KEEP_EXISTING,Existing allowlist
DT1890VM15,YES,YES,YES,PREPARED,NO,KEEP_EXISTING,Existing allowlist
DT1890VM16,YES,YES,YES,PREPARED,NO,KEEP_EXISTING,Existing allowlist
DT1890VM2,YES,YES,YES,PREPARED,NO,KEEP_EXISTING,Existing allowlist
DT1890VM4,YES,YES,YES,PREPARED,NO,KEEP_EXISTING,Existing allowlist
DT2010H12,YES,YES,YES,DATA_AVAILABLE,NO,KEEP_EXISTING,Existing allowlist
DT2010H24,YES,YES,YES,DATA_AVAILABLE,NO,KEEP_EXISTING,Existing allowlist
DT2010H25,YES,YES,YES,DATA_AVAILABLE,NO,KEEP_EXISTING,Existing allowlist
DT2010H26,YES,YES,YES,DATA_AVAILABLE,NO,KEEP_EXISTING,Existing allowlist
DT2010H3,YES,YES,YES,DATA_AVAILABLE,NO,KEEP_EXISTING,Existing allowlist
DT2010H35,YES,YES,YES,DATA_AVAILABLE,NO,KEEP_EXISTING,Existing allowlist
DT2010H37,YES,YES,YES,DATA_AVAILABLE,NO,KEEP_EXISTING,Existing allowlist
DT2010H4,YES,YES,YES,DATA_AVAILABLE,NO,KEEP_EXISTING,Existing allowlist
DT2010V12,YES,YES,YES,PREPARED,NO,KEEP_EXISTING,Existing allowlist
DT2010V14,YES,YES,YES,PREPARED,NO,KEEP_EXISTING,Existing allowlist
DT2010V15,YES,YES,YES,PREPARED,NO,KEEP_EXISTING,Existing allowlist
DT2010V16,YES,YES,YES,PREPARED,NO,KEEP_EXISTING,Existing allowlist
DT2010V17,YES,YES,YES,PREPARED,NO,KEEP_EXISTING,Existing allowlist
DT2010V19,YES,YES,YES,PREPARED,NO,KEEP_EXISTING,Existing allowlist
DT2010V2,YES,YES,YES,PREPARED,NO,KEEP_EXISTING,Existing allowlist
DT2010V21,YES,YES,YES,DATA_AVAILABLE,NO,KEEP_EXISTING,Existing allowlist
DT2010V4,YES,YES,YES,PREPARED,NO,KEEP_EXISTING,Existing allowlist
DT2010V5,YES,YES,YES,PREPARED,NO,KEEP_EXISTING,Existing allowlist
DT2010VM12,YES,YES,YES,PREPARED,NO,KEEP_EXISTING,Existing allowlist
DT2010VM14,YES,YES,YES,PREPARED,NO,KEEP_EXISTING,Existing allowlist
DT2010VM15,YES,YES,YES,PREPARED,NO,KEEP_EXISTING,Existing allowlist
DT2010VM16,YES,YES,YES,PREPARED,NO,KEEP_EXISTING,Existing allowlist
DT2010VM17,YES,YES,YES,PREPARED,NO,KEEP_EXISTING,Existing allowlist
DT2010VM19,YES,YES,YES,DATA_AVAILABLE,NO,KEEP_EXISTING,Existing allowlist
DT2010VM2,YES,YES,YES,PREPARED,NO,KEEP_EXISTING,Existing allowlist
DT2010VM21,YES,YES,YES,DATA_AVAILABLE,NO,KEEP_EXISTING,Existing allowlist
DT2010VM4,YES,YES,YES,PREPARED,NO,KEEP_EXISTING,Existing allowlist
DT2010VM5,YES,YES,YES,PREPARED,NO,KEEP_EXISTING,Existing allowlist
DT2411V12,YES,YES,YES,PREPARED,NO,KEEP_EXISTING,Existing allowlist
DT2411V15,YES,YES,YES,PREPARED,NO,KEEP_EXISTING,Existing allowlist
DT2411V16,YES,YES,YES,PREPARED,NO,KEEP_EXISTING,Existing allowlist
DT2411V17,YES,YES,YES,PREPARED,NO,KEEP_EXISTING,Existing allowlist
DT2411V19,YES,YES,YES,PREPARED,NO,KEEP_EXISTING,Existing allowlist
DT2411V21,YES,YES,YES,DATA_AVAILABLE,NO,KEEP_EXISTING,Existing allowlist
DT2411V5,YES,YES,YES,PREPARED,NO,KEEP_EXISTING,Existing allowlist
DT2411V6,YES,YES,YES,PREPARED,NO,KEEP_EXISTING,Existing allowlist
DT2411VM12,YES,YES,YES,PREPARED,NO,KEEP_EXISTING,Existing allowlist
DT2411VM15,YES,YES,YES,PREPARED,NO,KEEP_EXISTING,Existing allowlist
DT2411VM16,YES,YES,YES,PREPARED,NO,KEEP_EXISTING,Existing allowlist
DT2411VM17,YES,YES,YES,PREPARED,NO,KEEP_EXISTING,Existing allowlist
DT2411VM19,YES,YES,YES,DATA_AVAILABLE,NO,KEEP_EXISTING,Existing allowlist
DT2411VM21,YES,YES,YES,DATA_AVAILABLE,NO,KEEP_EXISTING,Existing allowlist
DT2411VM5,YES,YES,YES,PREPARED,NO,KEEP_EXISTING,Existing allowlist
DT2411VM6,YES,YES,YES,PREPARED,NO,KEEP_EXISTING,Existing allowlist
DT3012V8,YES,YES,YES,PREPARED,NO,KEEP_EXISTING,Existing allowlist
DT3012VM8,YES,YES,YES,PREPARED,NO,KEEP_EXISTING,Existing allowlist
DT3020VM20,YES,YES,YES,DATA_AVAILABLE,NO,KEEP_EXISTING,Existing allowlist
DT3212V18,YES,YES,YES,PREPARED,NO,KEEP_EXISTING,Existing allowlist
DT3212V7,YES,YES,YES,PREPARED,NO,KEEP_EXISTING,Existing allowlist
DT3212VM18,YES,YES,YES,PREPARED,NO,KEEP_EXISTING,Existing allowlist
DT3212VM7,YES,YES,YES,PREPARED,NO,KEEP_EXISTING,Existing allowlist
EBX412,YES,YES,YES,DATA_AVAILABLE,NO,KEEP_EXISTING,Existing allowlist
EBX414,YES,YES,YES,DATA_AVAILABLE,NO,KEEP_EXISTING,Existing allowlist
EBX415,YES,YES,YES,DATA_AVAILABLE,NO,KEEP_EXISTING,Existing allowlist
EBX416,YES,YES,YES,DATA_AVAILABLE,NO,KEEP_EXISTING,Existing allowlist
EBX418,YES,YES,YES,DATA_AVAILABLE,NO,KEEP_EXISTING,Existing allowlist
ET1400A,YES,YES,YES,DATA_AVAILABLE,NO,KEEP_EXISTING,Existing allowlist
ET1400B,YES,YES,YES,DATA_AVAILABLE,NO,KEEP_EXISTING,Existing allowlist
ET1400C,YES,YES,YES,DATA_AVAILABLE,NO,KEEP_EXISTING,Existing allowlist
ET1400G,YES,YES,YES,DATA_AVAILABLE,NO,KEEP_EXISTING,Existing allowlist
ET1400I,YES,YES,YES,DATA_AVAILABLE,NO,KEEP_EXISTING,Existing allowlist
ET1600E,YES,YES,YES,DATA_AVAILABLE,NO,KEEP_EXISTING,Existing allowlist
ET1600F,YES,YES,YES,DATA_AVAILABLE,NO,KEEP_EXISTING,Existing allowlist
ET1600H,YES,YES,YES,DATA_AVAILABLE,NO,KEEP_EXISTING,Existing allowlist
ET1600I,YES,YES,YES,DATA_AVAILABLE,NO,KEEP_EXISTING,Existing allowlist
ET1600K,YES,YES,YES,DATA_AVAILABLE,NO,KEEP_EXISTING,Existing allowlist
ET1600M,YES,YES,YES,DATA_AVAILABLE,NO,KEEP_EXISTING,Existing allowlist
ET1600N,YES,YES,YES,DATA_AVAILABLE,NO,KEEP_EXISTING,Existing allowlist
ET1600V1,YES,YES,YES,DATA_AVAILABLE,NO,KEEP_EXISTING,Existing allowlist
ET1600VM1,YES,YES,YES,DATA_AVAILABLE,NO,KEEP_EXISTING,Existing allowlist
FY61-1,YES,YES,YES,DATA_AVAILABLE,NO,KEEP_EXISTING,Existing allowlist
G01,YES,YES,YES,PREPARED,NO,KEEP_EXISTING,Existing allowlist
G01B,YES,YES,YES,DATA_AVAILABLE,NO,KEEP_EXISTING,Existing allowlist
G02,YES,YES,YES,PREPARED,NO,KEEP_EXISTING,Existing allowlist
G03,YES,YES,YES,PREPARED,NO,KEEP_EXISTING,Existing allowlist
G0398,YES,YES,YES,DATA_AVAILABLE,NO,KEEP_EXISTING,Existing allowlist
G04,YES,YES,YES,PREPARED,NO,KEEP_EXISTING,Existing allowlist
G0498,YES,YES,YES,DATA_AVAILABLE,NO,KEEP_EXISTING,Existing allowlist
G04B,YES,YES,YES,PREPARED,NO,KEEP_EXISTING,Existing allowlist
G05,YES,YES,YES,PREPARED,NO,KEEP_EXISTING,Existing allowlist
G06,YES,YES,YES,PREPARED,NO,KEEP_EXISTING,Existing allowlist
G0698,YES,YES,YES,DATA_AVAILABLE,NO,KEEP_EXISTING,Existing allowlist
G07,YES,YES,YES,DATA_AVAILABLE,NO,KEEP_EXISTING,Existing allowlist
G08,YES,YES,YES,PREPARED,NO,KEEP_EXISTING,Existing allowlist
G0898,YES,YES,YES,DATA_AVAILABLE,NO,KEEP_EXISTING,Existing allowlist
G09,YES,YES,YES,PREPARED,NO,KEEP_EXISTING,Existing allowlist
G10,YES,YES,YES,PREPARED,NO,KEEP_EXISTING,Existing allowlist
G11,YES,YES,YES,DATA_AVAILABLE,NO,KEEP_EXISTING,Existing allowlist
G12,YES,YES,YES,DATA_AVAILABLE,NO,KEEP_EXISTING,Existing allowlist
G135,YES,YES,YES,DATA_AVAILABLE,NO,KEEP_EXISTING,Existing allowlist
G136,YES,YES,YES,DATA_AVAILABLE,NO,KEEP_EXISTING,Existing allowlist
G137,YES,YES,YES,DATA_AVAILABLE,NO,KEEP_EXISTING,Existing allowlist
G14,YES,YES,YES,DATA_AVAILABLE,NO,KEEP_EXISTING,Existing allowlist
G1499,YES,YES,YES,DATA_AVAILABLE,NO,KEEP_EXISTING,Existing allowlist
G15,YES,YES,YES,DATA_AVAILABLE,NO,KEEP_EXISTING,Existing allowlist
G16,YES,YES,YES,DATA_AVAILABLE,NO,KEEP_EXISTING,Existing allowlist
G1699,YES,YES,YES,DATA_AVAILABLE,NO,KEEP_EXISTING,Existing allowlist
G18,YES,YES,YES,DATA_AVAILABLE,NO,KEEP_EXISTING,Existing allowlist
G20,YES,YES,YES,DATA_AVAILABLE,NO,KEEP_EXISTING,Existing allowlist
G30,YES,YES,YES,DATA_AVAILABLE,NO,KEEP_EXISTING,Existing allowlist
G34,YES,YES,YES,DATA_AVAILABLE,NO,KEEP_EXISTING,Existing allowlist
G36,YES,YES,YES,DATA_AVAILABLE,NO,KEEP_EXISTING,Existing allowlist
G38,YES,YES,YES,DATA_AVAILABLE,NO,KEEP_EXISTING,Existing allowlist
G39,YES,YES,YES,DATA_AVAILABLE,NO,KEEP_EXISTING,Existing allowlist
G42,YES,YES,YES,DATA_AVAILABLE,NO,KEEP_EXISTING,Existing allowlist
G44,YES,YES,YES,DATA_AVAILABLE,NO,KEEP_EXISTING,Existing allowlist
G45I,YES,YES,YES,DATA_AVAILABLE,NO,KEEP_EXISTING,Existing allowlist
G50,YES,YES,YES,DATA_AVAILABLE,NO,KEEP_EXISTING,Existing allowlist
G51,YES,YES,YES,DATA_AVAILABLE,NO,KEEP_EXISTING,Existing allowlist
G56,YES,YES,YES,DATA_AVAILABLE,NO,KEEP_EXISTING,Existing allowlist
G59,YES,YES,YES,DATA_AVAILABLE,NO,KEEP_EXISTING,Existing allowlist
G61,YES,YES,YES,DATA_AVAILABLE,NO,KEEP_EXISTING,Existing allowlist
G63,YES,YES,YES,DATA_AVAILABLE,NO,KEEP_EXISTING,Existing allowlist
G64,YES,YES,YES,DATA_AVAILABLE,NO,KEEP_EXISTING,Existing allowlist
G68,YES,YES,YES,DATA_AVAILABLE,NO,KEEP_EXISTING,Existing allowlist
G892,YES,YES,YES,DATA_AVAILABLE,NO,KEEP_EXISTING,Existing allowlist
G893,YES,YES,YES,DATA_AVAILABLE,NO,KEEP_EXISTING,Existing allowlist
G894,YES,YES,YES,DATA_AVAILABLE,NO,KEEP_EXISTING,Existing allowlist
G895,YES,YES,YES,DATA_AVAILABLE,NO,KEEP_EXISTING,Existing allowlist
GA101,YES,YES,YES,DATA_AVAILABLE,NO,KEEP_EXISTING,Existing allowlist
GA102,YES,YES,YES,DATA_AVAILABLE,NO,KEEP_EXISTING,Existing allowlist
GA114,YES,YES,YES,DATA_AVAILABLE,NO,KEEP_EXISTING,Existing allowlist
GA124,YES,YES,YES,DATA_AVAILABLE,NO,KEEP_EXISTING,Existing allowlist
GA125,YES,YES,YES,DATA_AVAILABLE,NO,KEEP_EXISTING,Existing allowlist
GA141,YES,YES,YES,DATA_AVAILABLE,NO,KEEP_EXISTING,Existing allowlist
GA142,YES,YES,YES,DATA_AVAILABLE,NO,KEEP_EXISTING,Existing allowlist
GA143,YES,YES,YES,DATA_AVAILABLE,NO,KEEP_EXISTING,Existing allowlist
GA148,YES,YES,YES,DATA_AVAILABLE,NO,KEEP_EXISTING,Existing allowlist
GA201,YES,YES,YES,DATA_AVAILABLE,NO,KEEP_EXISTING,Existing allowlist
GA501,YES,YES,YES,DATA_AVAILABLE,NO,KEEP_EXISTING,Existing allowlist
GA503,YES,YES,YES,DATA_AVAILABLE,NO,KEEP_EXISTING,Existing allowlist
GA504,YES,YES,YES,DATA_AVAILABLE,NO,KEEP_EXISTING,Existing allowlist
GA505,YES,YES,YES,DATA_AVAILABLE,NO,KEEP_EXISTING,Existing allowlist
GA507,YES,YES,YES,DATA_AVAILABLE,NO,KEEP_EXISTING,Existing allowlist
GA508,YES,YES,YES,DATA_AVAILABLE,NO,KEEP_EXISTING,Existing allowlist
GA509,YES,YES,YES,DATA_AVAILABLE,NO,KEEP_EXISTING,Existing allowlist
GB303,YES,YES,YES,DATA_AVAILABLE,NO,KEEP_EXISTING,Existing allowlist
GBT103-3,YES,YES,YES,DATA_AVAILABLE,NO,KEEP_EXISTING,Existing allowlist
GBT103-3G,YES,YES,YES,DATA_AVAILABLE,NO,KEEP_EXISTING,Existing allowlist
GBT103-4,YES,YES,YES,DATA_AVAILABLE,NO,KEEP_EXISTING,Existing allowlist
GBT103-4G,YES,YES,YES,DATA_AVAILABLE,NO,KEEP_EXISTING,Existing allowlist
GBT103-5,YES,YES,YES,DATA_AVAILABLE,NO,KEEP_EXISTING,Existing allowlist
GBT103-5G,YES,YES,YES,DATA_AVAILABLE,NO,KEEP_EXISTING,Existing allowlist
GBT103-6,YES,YES,YES,DATA_AVAILABLE,NO,KEEP_EXISTING,Existing allowlist
GBT103-6G,YES,YES,YES,DATA_AVAILABLE,NO,KEEP_EXISTING,Existing allowlist
GBT103HP3,YES,YES,YES,DATA_AVAILABLE,NO,KEEP_EXISTING,Existing allowlist
GBT103HP3G,YES,YES,YES,DATA_AVAILABLE,NO,KEEP_EXISTING,Existing allowlist
GBT103HP4,YES,YES,YES,DATA_AVAILABLE,NO,KEEP_EXISTING,Existing allowlist
GBT103HP4G,YES,YES,YES,DATA_AVAILABLE,NO,KEEP_EXISTING,Existing allowlist
GBT103HP5,YES,YES,YES,DATA_AVAILABLE,NO,KEEP_EXISTING,Existing allowlist
GBT103HP5G,YES,YES,YES,DATA_AVAILABLE,NO,KEEP_EXISTING,Existing allowlist
GBT103HP6,YES,YES,YES,DATA_AVAILABLE,NO,KEEP_EXISTING,Existing allowlist
GBT103HP6G,YES,YES,YES,DATA_AVAILABLE,NO,KEEP_EXISTING,Existing allowlist
GBT105AG,YES,YES,YES,DATA_AVAILABLE,NO,KEEP_EXISTING,Existing allowlist
GBT105BG,YES,YES,YES,DATA_AVAILABLE,NO,KEEP_EXISTING,Existing allowlist
GBT105CG,YES,YES,YES,DATA_AVAILABLE,NO,KEEP_EXISTING,Existing allowlist
GC6,YES,YES,YES,DATA_AVAILABLE,NO,KEEP_EXISTING,Existing allowlist
GC7,YES,YES,YES,DATA_AVAILABLE,NO,KEEP_EXISTING,Existing allowlist
GC7I,YES,YES,YES,DATA_AVAILABLE,NO,KEEP_EXISTING,Existing allowlist
GCF201,YES,YES,YES,DATA_AVAILABLE,NO,KEEP_EXISTING,Existing allowlist
GCN101,YES,YES,YES,DATA_AVAILABLE,NO,KEEP_EXISTING,Existing allowlist
GCN102,YES,YES,YES,DATA_AVAILABLE,NO,KEEP_EXISTING,Existing allowlist
GCN102T,YES,YES,YES,DATA_AVAILABLE,NO,KEEP_EXISTING,Existing allowlist
GD01,YES,YES,YES,DATA_AVAILABLE,NO,KEEP_EXISTING,Existing allowlist
GD01AI,YES,YES,YES,DATA_AVAILABLE,NO,KEEP_EXISTING,Existing allowlist
GD01I,YES,YES,YES,DATA_AVAILABLE,NO,KEEP_EXISTING,Existing allowlist
GD02,YES,YES,YES,DATA_AVAILABLE,NO,KEEP_EXISTING,Existing allowlist
GD03,YES,YES,YES,DATA_AVAILABLE,NO,KEEP_EXISTING,Existing allowlist
GD04,YES,YES,YES,DATA_AVAILABLE,NO,KEEP_EXISTING,Existing allowlist
GD05A,YES,YES,YES,DATA_AVAILABLE,NO,KEEP_EXISTING,Existing allowlist
GD05B,YES,YES,YES,DATA_AVAILABLE,NO,KEEP_EXISTING,Existing allowlist
GD06,YES,YES,YES,DATA_AVAILABLE,NO,KEEP_EXISTING,Existing allowlist
GD21I,YES,YES,YES,DATA_AVAILABLE,NO,KEEP_EXISTING,Existing allowlist
GDQ01,YES,YES,YES,DATA_AVAILABLE,NO,KEEP_EXISTING,Existing allowlist
GDQ02,YES,YES,YES,DATA_AVAILABLE,NO,KEEP_EXISTING,Existing allowlist
GG01I,YES,YES,YES,DATA_AVAILABLE,NO,KEEP_EXISTING,Existing allowlist
GGV101,YES,YES,YES,DATA_AVAILABLE,NO,KEEP_EXISTING,Existing allowlist
GGV101G,YES,YES,YES,DATA_AVAILABLE,NO,KEEP_EXISTING,Existing allowlist
GGV103,YES,YES,YES,DATA_AVAILABLE,NO,KEEP_EXISTING,Existing allowlist
GGV103G,YES,YES,YES,DATA_AVAILABLE,NO,KEEP_EXISTING,Existing allowlist
GH01,YES,YES,YES,PREPARED,NO,KEEP_EXISTING,Existing allowlist
GH02,YES,YES,YES,PREPARED,NO,KEEP_EXISTING,Existing allowlist
GH05,YES,YES,YES,PREPARED,NO,KEEP_EXISTING,Existing allowlist
GH06,YES,YES,YES,PREPARED,NO,KEEP_EXISTING,Existing allowlist
GH09,YES,YES,YES,PREPARED,NO,KEEP_EXISTING,Existing allowlist
GH10,YES,YES,YES,PREPARED,NO,KEEP_EXISTING,Existing allowlist
GH12,YES,YES,YES,PREPARED,NO,KEEP_EXISTING,Existing allowlist
GH13,YES,YES,YES,PREPARED,NO,KEEP_EXISTING,Existing allowlist
GH15,YES,YES,YES,PREPARED,NO,KEEP_EXISTING,Existing allowlist
GH20,YES,YES,YES,PREPARED,NO,KEEP_EXISTING,Existing allowlist
GHS03-1,YES,YES,YES,DATA_AVAILABLE,NO,KEEP_EXISTING,Existing allowlist
GHS101A,YES,YES,YES,DATA_AVAILABLE,NO,KEEP_EXISTING,Existing allowlist
GHS101AG,YES,YES,YES,DATA_AVAILABLE,NO,KEEP_EXISTING,Existing allowlist
GHS101B,YES,YES,YES,DATA_AVAILABLE,NO,KEEP_EXISTING,Existing allowlist
GHS101BG,YES,YES,YES,DATA_AVAILABLE,NO,KEEP_EXISTING,Existing allowlist
GHS102A,YES,YES,YES,DATA_AVAILABLE,NO,KEEP_EXISTING,Existing allowlist
GHS102AG,YES,YES,YES,DATA_AVAILABLE,NO,KEEP_EXISTING,Existing allowlist
GHS102B,YES,YES,YES,DATA_AVAILABLE,NO,KEEP_EXISTING,Existing allowlist
GHS102BG,YES,YES,YES,DATA_AVAILABLE,NO,KEEP_EXISTING,Existing allowlist
GHS106-3,YES,YES,YES,DATA_AVAILABLE,NO,KEEP_EXISTING,Existing allowlist
GHS106-4,YES,YES,YES,DATA_AVAILABLE,NO,KEEP_EXISTING,Existing allowlist
GHS106-5,YES,YES,YES,DATA_AVAILABLE,NO,KEEP_EXISTING,Existing allowlist
GHS106-6,YES,YES,YES,DATA_AVAILABLE,NO,KEEP_EXISTING,Existing allowlist
GHS106HP7,YES,YES,YES,DATA_AVAILABLE,NO,KEEP_EXISTING,Existing allowlist
GHS107-3,YES,YES,YES,DATA_AVAILABLE,NO,KEEP_EXISTING,Existing allowlist
GHS107-3G,YES,YES,YES,DATA_AVAILABLE,NO,KEEP_EXISTING,Existing allowlist
GHS107-4,YES,YES,YES,DATA_AVAILABLE,NO,KEEP_EXISTING,Existing allowlist
GHS107-4G,YES,YES,YES,DATA_AVAILABLE,NO,KEEP_EXISTING,Existing allowlist
GHS107-5,YES,YES,YES,DATA_AVAILABLE,NO,KEEP_EXISTING,Existing allowlist
GHS107-5G,YES,YES,YES,DATA_AVAILABLE,NO,KEEP_EXISTING,Existing allowlist
GHS107-6,YES,YES,YES,DATA_AVAILABLE,NO,KEEP_EXISTING,Existing allowlist
GHS107-6G,YES,YES,YES,DATA_AVAILABLE,NO,KEEP_EXISTING,Existing allowlist
GHS107HP7,YES,YES,YES,DATA_AVAILABLE,NO,KEEP_EXISTING,Existing allowlist
GHS107HP7G,YES,YES,YES,DATA_AVAILABLE,NO,KEEP_EXISTING,Existing allowlist
GHS108-3,YES,YES,YES,DATA_AVAILABLE,NO,KEEP_EXISTING,Existing allowlist
GHS108-3G,YES,YES,YES,DATA_AVAILABLE,NO,KEEP_EXISTING,Existing allowlist
GHS108-4,YES,YES,YES,DATA_AVAILABLE,NO,KEEP_EXISTING,Existing allowlist
GHS108-4G,YES,YES,YES,DATA_AVAILABLE,NO,KEEP_EXISTING,Existing allowlist
GHS108-5,YES,YES,YES,DATA_AVAILABLE,NO,KEEP_EXISTING,Existing allowlist
GHS108-5G,YES,YES,YES,DATA_AVAILABLE,NO,KEEP_EXISTING,Existing allowlist
GHS108-6,YES,YES,YES,DATA_AVAILABLE,NO,KEEP_EXISTING,Existing allowlist
GHS108-6G,YES,YES,YES,DATA_AVAILABLE,NO,KEEP_EXISTING,Existing allowlist
GHS108HP7,YES,YES,YES,DATA_AVAILABLE,NO,KEEP_EXISTING,Existing allowlist
GHS108HP7G,YES,YES,YES,DATA_AVAILABLE,NO,KEEP_EXISTING,Existing allowlist
GHS109-3,YES,YES,YES,DATA_AVAILABLE,NO,KEEP_EXISTING,Existing allowlist
GHS109-3G,YES,YES,YES,DATA_AVAILABLE,NO,KEEP_EXISTING,Existing allowlist
GHS109-4,YES,YES,YES,DATA_AVAILABLE,NO,KEEP_EXISTING,Existing allowlist
GHS109-4G,YES,YES,YES,DATA_AVAILABLE,NO,KEEP_EXISTING,Existing allowlist
GHS109-5,YES,YES,YES,DATA_AVAILABLE,NO,KEEP_EXISTING,Existing allowlist
GHS109-5G,YES,YES,YES,DATA_AVAILABLE,NO,KEEP_EXISTING,Existing allowlist
GHS109-6,YES,YES,YES,DATA_AVAILABLE,NO,KEEP_EXISTING,Existing allowlist
GHS109-6G,YES,YES,YES,DATA_AVAILABLE,NO,KEEP_EXISTING,Existing allowlist
GHS109HP7,YES,YES,YES,DATA_AVAILABLE,NO,KEEP_EXISTING,Existing allowlist
GHS109HP7G,YES,YES,YES,DATA_AVAILABLE,NO,KEEP_EXISTING,Existing allowlist
GHS110-3,YES,YES,YES,DATA_AVAILABLE,NO,KEEP_EXISTING,Existing allowlist
GHS110-3G,YES,YES,YES,DATA_AVAILABLE,NO,KEEP_EXISTING,Existing allowlist
GHS110-4,YES,YES,YES,DATA_AVAILABLE,NO,KEEP_EXISTING,Existing allowlist
GHS110-4G,YES,YES,YES,DATA_AVAILABLE,NO,KEEP_EXISTING,Existing allowlist
GHS110-5,YES,YES,YES,DATA_AVAILABLE,NO,KEEP_EXISTING,Existing allowlist
GHS110-5G,YES,YES,YES,DATA_AVAILABLE,NO,KEEP_EXISTING,Existing allowlist
GHS110-6,YES,YES,YES,DATA_AVAILABLE,NO,KEEP_EXISTING,Existing allowlist
GHS110-6G,YES,YES,YES,DATA_AVAILABLE,NO,KEEP_EXISTING,Existing allowlist
GHS110HP7,YES,YES,YES,DATA_AVAILABLE,NO,KEEP_EXISTING,Existing allowlist
GHS110HP7G,YES,YES,YES,DATA_AVAILABLE,NO,KEEP_EXISTING,Existing allowlist
GHS112-4G,YES,YES,NO,DATA_AVAILABLE,NO,DATA_ONLY,Not selected
GHS112-5G,YES,YES,NO,DATA_AVAILABLE,NO,DATA_ONLY,Not selected
GHS112-6G,YES,YES,NO,DATA_AVAILABLE,NO,DATA_ONLY,Not selected
GHS112-7G,YES,YES,NO,DATA_AVAILABLE,NO,DATA_ONLY,Not selected
GHS115-4G,YES,YES,NO,DATA_AVAILABLE,NO,DATA_ONLY,Not selected
GHS115-5G,YES,YES,NO,DATA_AVAILABLE,NO,DATA_ONLY,Not selected
GHS115-6G,YES,YES,NO,DATA_AVAILABLE,NO,DATA_ONLY,Not selected
GHS115-7G,YES,YES,NO,DATA_AVAILABLE,NO,DATA_ONLY,Not selected
GHS116-4G,YES,YES,NO,DATA_AVAILABLE,NO,DATA_ONLY,Not selected
GHS116-5G,YES,YES,NO,DATA_AVAILABLE,NO,DATA_ONLY,Not selected
GHS116-6G,YES,YES,NO,DATA_AVAILABLE,NO,DATA_ONLY,Not selected
GHS116-7G,YES,YES,NO,DATA_AVAILABLE,NO,DATA_ONLY,Not selected
GHS20-1,YES,YES,NO,DATA_AVAILABLE,NO,DATA_ONLY,Not selected
GHS25,YES,YES,NO,PREPARED,NO,DATA_ONLY,Not selected
GHS25G,YES,YES,NO,PREPARED,NO,DATA_ONLY,Not selected
GHS43-4,YES,YES,NO,DATA_AVAILABLE,NO,DATA_ONLY,Not selected
GHS43-5,YES,YES,NO,DATA_AVAILABLE,NO,DATA_ONLY,Not selected
GHS43-6,YES,YES,NO,DATA_AVAILABLE,NO,DATA_ONLY,Not selected
GHS43-7,YES,YES,NO,DATA_AVAILABLE,NO,DATA_ONLY,Not selected
GHS50,YES,YES,NO,DATA_AVAILABLE,NO,DATA_ONLY,Not selected
GHS501-3,YES,YES,NO,DATA_AVAILABLE,NO,DATA_ONLY,Not selected
GHS501-4,YES,YES,NO,DATA_AVAILABLE,NO,DATA_ONLY,Not selected
GHS501-5,YES,YES,NO,DATA_AVAILABLE,NO,DATA_ONLY,Not selected
GHS51,YES,YES,NO,DATA_AVAILABLE,NO,DATA_ONLY,Not selected
GHS52,YES,YES,NO,DATA_AVAILABLE,NO,DATA_ONLY,Not selected
GHT01,YES,YES,NO,DATA_AVAILABLE,NO,DATA_ONLY,Not selected
GHT02,YES,YES,NO,DATA_AVAILABLE,NO,DATA_ONLY,Not selected
GHT04,YES,YES,NO,DATA_AVAILABLE,NO,DATA_ONLY,Not selected
GHT05,YES,YES,NO,DATA_AVAILABLE,NO,DATA_ONLY,Not selected
GHT10,YES,YES,NO,DATA_AVAILABLE,NO,DATA_ONLY,Not selected
GHT11,YES,YES,NO,DATA_AVAILABLE,NO,DATA_ONLY,Not selected
GIA_KE_SACH_2_KHOANG,YES,YES,NO,DATA_AVAILABLE,NO,DATA_ONLY,Not selected
GKS01,YES,YES,NO,DATA_AVAILABLE,NO,DATA_ONLY,Not selected
GKS02,YES,YES,NO,DATA_AVAILABLE,NO,DATA_ONLY,Not selected
GKS04,YES,YES,NO,DATA_AVAILABLE,NO,DATA_ONLY,Not selected
GKS05,YES,YES,NO,DATA_AVAILABLE,NO,DATA_ONLY,Not selected
GKS06,YES,YES,NO,DATA_AVAILABLE,NO,DATA_ONLY,Not selected
GKS07,YES,YES,NO,DATA_AVAILABLE,NO,DATA_ONLY,Not selected
GL101,YES,YES,NO,DATA_AVAILABLE,NO,DATA_ONLY,Not selected
GL101B,YES,YES,NO,DATA_AVAILABLE,NO,DATA_ONLY,Not selected
GL101K,YES,YES,NO,DATA_AVAILABLE,NO,DATA_ONLY,Not selected
GL104,YES,YES,NO,DATA_AVAILABLE,NO,DATA_ONLY,Not selected
GL109,YES,YES,NO,DATA_AVAILABLE,NO,DATA_ONLY,Not selected
GL110,YES,YES,NO,DATA_AVAILABLE,NO,DATA_ONLY,Not selected
GL112,YES,YES,NO,DATA_AVAILABLE,NO,DATA_ONLY,Not selected
GL113,YES,YES,NO,DATA_AVAILABLE,NO,DATA_ONLY,Not selected
GL113R,YES,YES,NO,DATA_AVAILABLE,NO,DATA_ONLY,Not selected
GL113RB,YES,YES,NO,DATA_AVAILABLE,NO,DATA_ONLY,Not selected
GL117,YES,YES,NO,DATA_AVAILABLE,NO,DATA_ONLY,Not selected
GL119,YES,YES,NO,DATA_AVAILABLE,NO,DATA_ONLY,Not selected
GL119R,YES,YES,NO,DATA_AVAILABLE,NO,DATA_ONLY,Not selected
GL120,YES,YES,NO,DATA_AVAILABLE,NO,DATA_ONLY,Not selected
GL201,YES,YES,NO,DATA_AVAILABLE,NO,DATA_ONLY,Not selected
GL203,YES,YES,NO,DATA_AVAILABLE,NO,DATA_ONLY,Not selected
GL206,YES,YES,NO,DATA_AVAILABLE,NO,DATA_ONLY,Not selected
GL207,YES,YES,NO,DATA_AVAILABLE,NO,DATA_ONLY,Not selected
GL208,YES,YES,NO,DATA_AVAILABLE,NO,DATA_ONLY,Not selected
GL212,YES,YES,NO,DATA_AVAILABLE,NO,DATA_ONLY,Not selected
GL214,YES,YES,NO,DATA_AVAILABLE,NO,DATA_ONLY,Not selected
GL216,YES,YES,NO,DATA_AVAILABLE,NO,DATA_ONLY,Not selected
GL217,YES,YES,NO,DATA_AVAILABLE,NO,DATA_ONLY,Not selected
GL218,YES,YES,NO,DATA_AVAILABLE,NO,DATA_ONLY,Not selected
GL219,YES,YES,NO,DATA_AVAILABLE,NO,DATA_ONLY,Not selected
GL220,YES,YES,NO,DATA_AVAILABLE,NO,DATA_ONLY,Not selected
GL221,YES,YES,NO,DATA_AVAILABLE,NO,DATA_ONLY,Not selected
GL304,YES,YES,NO,DATA_AVAILABLE,NO,DATA_ONLY,Not selected
GL307,YES,YES,NO,DATA_AVAILABLE,NO,DATA_ONLY,Not selected
GL309,YES,YES,NO,DATA_AVAILABLE,NO,DATA_ONLY,Not selected
GL316,YES,YES,NO,DATA_AVAILABLE,NO,DATA_ONLY,Not selected
GL317,YES,YES,NO,DATA_AVAILABLE,NO,DATA_ONLY,Not selected
GL320,YES,YES,NO,DATA_AVAILABLE,NO,DATA_ONLY,Not selected
GL321,YES,YES,NO,DATA_AVAILABLE,NO,DATA_ONLY,Not selected
GL322,YES,YES,NO,DATA_AVAILABLE,NO,DATA_ONLY,Not selected
GL323,YES,YES,NO,DATA_AVAILABLE,NO,DATA_ONLY,Not selected
GL324,YES,YES,NO,DATA_AVAILABLE,NO,DATA_ONLY,Not selected
GL326,YES,YES,NO,DATA_AVAILABLE,NO,DATA_ONLY,Not selected
GL328,YES,YES,NO,DATA_AVAILABLE,NO,DATA_ONLY,Not selected
GL329,YES,YES,NO,DATA_AVAILABLE,NO,DATA_ONLY,Not selected
GL331,YES,YES,NO,DATA_AVAILABLE,NO,DATA_ONLY,Not selected
GL332,YES,YES,NO,DATA_AVAILABLE,NO,DATA_ONLY,Not selected
GL333,YES,YES,NO,DATA_AVAILABLE,NO,DATA_ONLY,Not selected
GL334,YES,YES,NO,DATA_AVAILABLE,NO,DATA_ONLY,Not selected
GL335,YES,YES,NO,DATA_AVAILABLE,NO,DATA_ONLY,Not selected
GL336,YES,YES,NO,DATA_AVAILABLE,NO,DATA_ONLY,Not selected
GL338,YES,YES,NO,DATA_AVAILABLE,NO,DATA_ONLY,Not selected
GL343,YES,YES,NO,DATA_AVAILABLE,NO,DATA_ONLY,Not selected
GL345,YES,YES,NO,DATA_AVAILABLE,NO,DATA_ONLY,Not selected
GL401,YES,YES,NO,DATA_AVAILABLE,NO,DATA_ONLY,Not selected
GL402T,YES,YES,NO,DATA_AVAILABLE,NO,DATA_ONLY,Not selected
GL402TB,YES,YES,NO,DATA_AVAILABLE,NO,DATA_ONLY,Not selected
GL402X,YES,YES,NO,DATA_AVAILABLE,NO,DATA_ONLY,Not selected
GL402XB,YES,YES,NO,DATA_AVAILABLE,NO,DATA_ONLY,Not selected
GL403,YES,YES,NO,DATA_AVAILABLE,NO,DATA_ONLY,Not selected
GL404,YES,YES,NO,DATA_AVAILABLE,NO,DATA_ONLY,Not selected
GL404B,YES,YES,NO,DATA_AVAILABLE,NO,DATA_ONLY,Not selected
GL405,YES,YES,NO,DATA_AVAILABLE,NO,DATA_ONLY,Not selected
GL406,YES,YES,NO,DATA_AVAILABLE,NO,DATA_ONLY,Not selected
GL410,YES,YES,NO,DATA_AVAILABLE,NO,DATA_ONLY,Not selected
GL411,YES,YES,NO,DATA_AVAILABLE,NO,DATA_ONLY,Not selected
GL412,YES,YES,NO,DATA_AVAILABLE,NO,DATA_ONLY,Not selected
GL417,YES,YES,NO,DATA_AVAILABLE,NO,DATA_ONLY,Not selected
GL418,YES,YES,NO,DATA_AVAILABLE,NO,DATA_ONLY,Not selected
GL419,YES,YES,NO,DATA_AVAILABLE,NO,DATA_ONLY,Not selected
GL420,YES,YES,NO,DATA_AVAILABLE,NO,DATA_ONLY,Not selected
GL421,YES,YES,NO,DATA_AVAILABLE,NO,DATA_ONLY,Not selected
GL423,YES,YES,NO,DATA_AVAILABLE,NO,DATA_ONLY,Not selected
GL424,YES,YES,NO,DATA_AVAILABLE,NO,DATA_ONLY,Not selected
GL424B,YES,YES,NO,DATA_AVAILABLE,NO,DATA_ONLY,Not selected
GL425,YES,YES,NO,DATA_AVAILABLE,NO,DATA_ONLY,Not selected
GL426,YES,YES,NO,DATA_AVAILABLE,NO,DATA_ONLY,Not selected
GL427,YES,YES,NO,DATA_AVAILABLE,NO,DATA_ONLY,Not selected
GL429,YES,YES,NO,DATA_AVAILABLE,NO,DATA_ONLY,Not selected
GL430,YES,YES,NO,DATA_AVAILABLE,NO,DATA_ONLY,Not selected
GLE01,YES,YES,NO,DATA_AVAILABLE,NO,DATA_ONLY,Not selected
GLE02,YES,YES,NO,DATA_AVAILABLE,NO,DATA_ONLY,Not selected
GLE03,YES,YES,NO,DATA_AVAILABLE,NO,DATA_ONLY,Not selected
GLE04-1,YES,YES,NO,DATA_AVAILABLE,NO,DATA_ONLY,Not selected
GLE04-2,YES,YES,NO,DATA_AVAILABLE,NO,DATA_ONLY,Not selected
GLE04-3,YES,YES,NO,DATA_AVAILABLE,NO,DATA_ONLY,Not selected
GLE05-1,YES,YES,NO,DATA_AVAILABLE,NO,DATA_ONLY,Not selected
GLE05-2,YES,YES,NO,DATA_AVAILABLE,NO,DATA_ONLY,Not selected
GLE06,YES,YES,NO,DATA_AVAILABLE,NO,DATA_ONLY,Not selected
GLE07,YES,YES,NO,DATA_AVAILABLE,NO,DATA_ONLY,Not selected
GLE08,YES,YES,NO,DATA_AVAILABLE,NO,DATA_ONLY,Not selected
GMG101A-1,YES,YES,NO,DATA_AVAILABLE,NO,DATA_ONLY,Not selected
GMG101A-2,YES,YES,NO,PREPARED,NO,DATA_ONLY,Not selected
GMG101B-1,YES,YES,NO,PREPARED,NO,DATA_ONLY,Not selected
GMG101B-2,YES,YES,NO,PREPARED,NO,DATA_ONLY,Not selected
GMG102A-1,YES,YES,NO,DATA_AVAILABLE,NO,DATA_ONLY,Not selected
GMG102A-2,YES,YES,NO,PREPARED,NO,DATA_ONLY,Not selected
GMG102B-1,YES,YES,NO,PREPARED,NO,DATA_ONLY,Not selected
GMG102B-2,YES,YES,NO,PREPARED,NO,DATA_ONLY,Not selected
GMG104A-1,YES,YES,NO,DATA_AVAILABLE,NO,DATA_ONLY,Not selected
GMG104A-2,YES,YES,NO,PREPARED,NO,DATA_ONLY,Not selected
GMG104A-4,YES,YES,NO,PREPARED,NO,DATA_ONLY,Not selected
GMG104B-1,YES,YES,NO,DATA_AVAILABLE,NO,DATA_ONLY,Not selected
GMG104B-2,YES,YES,NO,PREPARED,NO,DATA_ONLY,Not selected
GMG104B-4,YES,YES,NO,PREPARED,NO,DATA_ONLY,Not selected
GMG106,YES,YES,NO,DATA_AVAILABLE,NO,DATA_ONLY,Not selected
GN103,YES,YES,NO,DATA_AVAILABLE,NO,DATA_ONLY,Not selected
GN203,YES,YES,NO,DATA_AVAILABLE,NO,DATA_ONLY,Not selected
GN301-16,YES,YES,NO,DATA_AVAILABLE,NO,DATA_ONLY,Not selected
GN301-18,YES,YES,NO,DATA_AVAILABLE,NO,DATA_ONLY,Not selected
GN302-16,YES,YES,NO,DATA_AVAILABLE,NO,DATA_ONLY,Not selected
GN302-18,YES,YES,NO,DATA_AVAILABLE,NO,DATA_ONLY,Not selected
GN303-16,YES,YES,NO,DATA_AVAILABLE,NO,DATA_ONLY,Not selected
GN303-18,YES,YES,NO,DATA_AVAILABLE,NO,DATA_ONLY,Not selected
GN304-16,YES,YES,NO,DATA_AVAILABLE,NO,DATA_ONLY,Not selected
GN304-18,YES,YES,NO,DATA_AVAILABLE,NO,DATA_ONLY,Not selected
GN305-16,YES,YES,NO,DATA_AVAILABLE,NO,DATA_ONLY,Not selected
GN305-18,YES,YES,NO,DATA_AVAILABLE,NO,DATA_ONLY,Not selected
GN307-16,YES,YES,NO,DATA_AVAILABLE,NO,DATA_ONLY,Not selected
GN307-18,YES,YES,NO,DATA_AVAILABLE,NO,DATA_ONLY,Not selected
GN308-18,YES,YES,NO,DATA_AVAILABLE,NO,DATA_ONLY,Not selected
GN401-16,YES,YES,NO,DATA_AVAILABLE,NO,DATA_ONLY,Not selected
GN401-18,YES,YES,NO,DATA_AVAILABLE,NO,DATA_ONLY,Not selected
GN401-20,YES,YES,NO,DATA_AVAILABLE,NO,DATA_ONLY,Not selected
GN402-16,YES,YES,NO,DATA_AVAILABLE,NO,DATA_ONLY,Not selected
GN402-18,YES,YES,NO,DATA_AVAILABLE,NO,DATA_ONLY,Not selected
GN402-20,YES,YES,NO,DATA_AVAILABLE,NO,DATA_ONLY,Not selected
GNE01,YES,YES,NO,DATA_AVAILABLE,NO,DATA_ONLY,Not selected
GNE01-15,YES,YES,NO,DATA_AVAILABLE,NO,DATA_ONLY,Not selected
GNE02-12,YES,YES,NO,DATA_AVAILABLE,NO,DATA_ONLY,Not selected
GNE02-15,YES,YES,NO,DATA_AVAILABLE,NO,DATA_ONLY,Not selected
GNE301-12,YES,YES,NO,DATA_AVAILABLE,NO,DATA_ONLY,Not selected
GP203,YES,YES,NO,DATA_AVAILABLE,NO,DATA_ONLY,Not selected
GP304,YES,YES,NO,DATA_AVAILABLE,NO,DATA_ONLY,Not selected
GPC02-2,YES,YES,NO,DATA_AVAILABLE,NO,DATA_ONLY,Not selected
GPC02-3,YES,YES,NO,DATA_AVAILABLE,NO,DATA_ONLY,Not selected
GPC02-4,YES,YES,NO,DATA_AVAILABLE,NO,DATA_ONLY,Not selected
GPC02-5,YES,YES,NO,DATA_AVAILABLE,NO,DATA_ONLY,Not selected
GPC03-2,YES,YES,NO,DATA_AVAILABLE,NO,DATA_ONLY,Not selected
GPC03-3,YES,YES,NO,DATA_AVAILABLE,NO,DATA_ONLY,Not selected
GPC03-4,YES,YES,NO,DATA_AVAILABLE,NO,DATA_ONLY,Not selected
GPC03-5,YES,YES,NO,DATA_AVAILABLE,NO,DATA_ONLY,Not selected
GPC04I-2,YES,YES,NO,DATA_AVAILABLE,NO,DATA_ONLY,Not selected
GPC04I-3,YES,YES,NO,DATA_AVAILABLE,NO,DATA_ONLY,Not selected
GPC04I-4,YES,YES,NO,DATA_AVAILABLE,NO,DATA_ONLY,Not selected
GPC04I-5,YES,YES,NO,DATA_AVAILABLE,NO,DATA_ONLY,Not selected
GPC05D,YES,YES,NO,DATA_AVAILABLE,NO,DATA_ONLY,Not selected
GPC05G,YES,YES,NO,DATA_AVAILABLE,NO,DATA_ONLY,Not selected
GPC05N,YES,YES,NO,DATA_AVAILABLE,NO,DATA_ONLY,Not selected
GPC06-2,YES,YES,NO,DATA_AVAILABLE,NO,DATA_ONLY,Not selected
GPC06-3,YES,YES,NO,DATA_AVAILABLE,NO,DATA_ONLY,Not selected
GPC06-4,YES,YES,NO,DATA_AVAILABLE,NO,DATA_ONLY,Not selected
GPC06-5,YES,YES,NO,DATA_AVAILABLE,NO,DATA_ONLY,Not selected
GPC07-2,YES,YES,NO,DATA_AVAILABLE,NO,DATA_ONLY,Not selected
GPC07-3,YES,YES,NO,DATA_AVAILABLE,NO,DATA_ONLY,Not selected
GPC07-4,YES,YES,NO,DATA_AVAILABLE,NO,DATA_ONLY,Not selected
GPC07-5,YES,YES,NO,DATA_AVAILABLE,NO,DATA_ONLY,Not selected
GPC08-2,YES,YES,NO,DATA_AVAILABLE,NO,DATA_ONLY,Not selected
GPC08-3,YES,YES,NO,PREPARED,NO,DATA_ONLY,Not selected
GPC08-4,YES,YES,NO,PREPARED,NO,DATA_ONLY,Not selected
GPC08-5,YES,YES,NO,PREPARED,NO,DATA_ONLY,Not selected
GPD01I,YES,YES,NO,DATA_AVAILABLE,NO,DATA_ONLY,Not selected
GS1A,YES,YES,NO,PREPARED,NO,ADD_RELEASE_01,Selected prepared group
GS1B,YES,YES,NO,PREPARED,NO,ADD_RELEASE_01,Selected prepared group
GS2K1,YES,YES,NO,PREPARED,NO,ADD_RELEASE_01,Selected prepared group
GS2K2,YES,YES,NO,PREPARED,NO,ADD_RELEASE_01,Selected prepared group
GS3,YES,YES,NO,PREPARED,NO,ADD_RELEASE_01,Selected prepared group
GS5K1,YES,YES,NO,PREPARED,NO,ADD_RELEASE_01,Selected prepared group
GS5K1B,YES,YES,NO,PREPARED,NO,ADD_RELEASE_01,Selected prepared group
GS5K2,YES,YES,NO,PREPARED,NO,ADD_RELEASE_01,Selected prepared group
GS5K2B,YES,YES,NO,PREPARED,NO,ADD_RELEASE_01,Selected prepared group
GS5K3,YES,YES,NO,PREPARED,NO,ADD_RELEASE_01,Selected prepared group
GS5K3B,YES,YES,NO,DATA_AVAILABLE,NO,DATA_ONLY,Not selected
GS5K4,YES,YES,NO,DATA_AVAILABLE,NO,DATA_ONLY,Not selected
GS5K4B,YES,YES,NO,DATA_AVAILABLE,NO,DATA_ONLY,Not selected
GS5K5,YES,YES,NO,DATA_AVAILABLE,NO,DATA_ONLY,Not selected
GS5K5B,YES,YES,NO,DATA_AVAILABLE,NO,DATA_ONLY,Not selected
GS6,YES,YES,NO,DATA_AVAILABLE,NO,DATA_ONLY,Not selected
GSS01I,YES,YES,NO,DATA_AVAILABLE,NO,DATA_ONLY,Not selected
GST01,YES,YES,NO,DATA_AVAILABLE,NO,DATA_ONLY,Not selected
GST02,YES,YES,NO,DATA_AVAILABLE,NO,DATA_ONLY,Not selected
GST03,YES,YES,NO,DATA_AVAILABLE,NO,DATA_ONLY,Not selected
GST04,YES,YES,NO,DATA_AVAILABLE,NO,DATA_ONLY,Not selected
GSV101,YES,YES,NO,DATA_AVAILABLE,NO,DATA_ONLY,Not selected
GSV101T,YES,YES,NO,DATA_AVAILABLE,NO,DATA_ONLY,Not selected
GSV104,YES,YES,NO,DATA_AVAILABLE,NO,DATA_ONLY,Not selected
GSV104T,YES,YES,NO,DATA_AVAILABLE,NO,DATA_ONLY,Not selected
GT40,YES,YES,NO,DATA_AVAILABLE,NO,DATA_ONLY,Not selected
GT40B,YES,YES,NO,DATA_AVAILABLE,NO,DATA_ONLY,Not selected
GT41,YES,YES,NO,DATA_AVAILABLE,NO,DATA_ONLY,Not selected
GTD02,YES,YES,NO,DATA_AVAILABLE,NO,DATA_ONLY,Not selected
GTG101,YES,YES,NO,DATA_AVAILABLE,NO,DATA_ONLY,Not selected
GTG201,YES,YES,NO,DATA_AVAILABLE,NO,DATA_ONLY,Not selected
GTG202,YES,YES,NO,DATA_AVAILABLE,NO,DATA_ONLY,Not selected
GTN101,YES,YES,NO,DATA_AVAILABLE,NO,DATA_ONLY,Not selected
GTN102,YES,YES,NO,DATA_AVAILABLE,NO,DATA_ONLY,Not selected
GTT15DL,YES,YES,NO,DATA_AVAILABLE,NO,DATA_ONLY,Not selected
GTT15NT,YES,YES,NO,DATA_AVAILABLE,NO,DATA_ONLY,Not selected
GTT20DL,YES,YES,NO,DATA_AVAILABLE,NO,DATA_ONLY,Not selected
GTT20NT,YES,YES,NO,DATA_AVAILABLE,NO,DATA_ONLY,Not selected
GTV101,YES,YES,NO,DATA_AVAILABLE,NO,DATA_ONLY,Not selected
GYT01,YES,YES,NO,DATA_AVAILABLE,NO,DATA_ONLY,Not selected
GYT02,YES,YES,NO,DATA_AVAILABLE,NO,DATA_ONLY,Not selected
GYT03,YES,YES,NO,DATA_AVAILABLE,NO,DATA_ONLY,Not selected
GYT04,YES,YES,NO,DATA_AVAILABLE,NO,DATA_ONLY,Not selected
GYT06,YES,YES,NO,DATA_AVAILABLE,NO,DATA_ONLY,Not selected
HGB60,YES,YES,NO,DATA_AVAILABLE,NO,DATA_ONLY,Not selected
HGB60B,YES,YES,NO,DATA_AVAILABLE,NO,DATA_ONLY,Not selected
HGB61,YES,YES,NO,DATA_AVAILABLE,NO,DATA_ONLY,Not selected
HGB63A,YES,YES,NO,DATA_AVAILABLE,NO,DATA_ONLY,Not selected
HGB63B,YES,YES,NO,DATA_AVAILABLE,NO,DATA_ONLY,Not selected
HGB64A,YES,YES,NO,DATA_AVAILABLE,NO,DATA_ONLY,Not selected
HGB64B,YES,YES,NO,DATA_AVAILABLE,NO,DATA_ONLY,Not selected
HGB65A,YES,YES,NO,DATA_AVAILABLE,NO,DATA_ONLY,Not selected
HGB65B,YES,YES,NO,DATA_AVAILABLE,NO,DATA_ONLY,Not selected
HGB66A,YES,YES,NO,DATA_AVAILABLE,NO,DATA_ONLY,Not selected
HGB66B,YES,YES,NO,DATA_AVAILABLE,NO,DATA_ONLY,Not selected
HGB67A,YES,YES,NO,DATA_AVAILABLE,NO,DATA_ONLY,Not selected
HGB67B,YES,YES,NO,DATA_AVAILABLE,NO,DATA_ONLY,Not selected
HGB68A,YES,YES,NO,DATA_AVAILABLE,NO,DATA_ONLY,Not selected
HGB68B,YES,YES,NO,DATA_AVAILABLE,NO,DATA_ONLY,Not selected
HGB69A,YES,YES,NO,DATA_AVAILABLE,NO,DATA_ONLY,Not selected
HGB69B,YES,YES,NO,DATA_AVAILABLE,NO,DATA_ONLY,Not selected
HGB70A,YES,YES,NO,DATA_AVAILABLE,NO,DATA_ONLY,Not selected
HGB70B,YES,YES,NO,DATA_AVAILABLE,NO,DATA_ONLY,Not selected
HGB71AN4,YES,YES,NO,DATA_AVAILABLE,NO,DATA_ONLY,Not selected
HGB71BN4,YES,YES,NO,DATA_AVAILABLE,NO,DATA_ONLY,Not selected
HGB72,YES,YES,NO,DATA_AVAILABLE,NO,DATA_ONLY,Not selected
HGB73,YES,YES,NO,DATA_AVAILABLE,NO,DATA_ONLY,Not selected
HGB74A,YES,YES,NO,DATA_AVAILABLE,NO,DATA_ONLY,Not selected
HGB74B,YES,YES,NO,DATA_AVAILABLE,NO,DATA_ONLY,Not selected
HGB75A,YES,YES,NO,DATA_AVAILABLE,NO,DATA_ONLY,Not selected
HGB75B,YES,YES,NO,DATA_AVAILABLE,NO,DATA_ONLY,Not selected
HGB76A,YES,YES,NO,DATA_AVAILABLE,NO,DATA_ONLY,Not selected
HGB76B,YES,YES,NO,DATA_AVAILABLE,NO,DATA_ONLY,Not selected
HGB79A,YES,YES,NO,DATA_AVAILABLE,NO,DATA_ONLY,Not selected
HGG60,YES,YES,NO,DATA_AVAILABLE,NO,DATA_ONLY,Not selected
HGG61,YES,YES,NO,DATA_AVAILABLE,NO,DATA_ONLY,Not selected
HGG62,YES,YES,NO,DATA_AVAILABLE,NO,DATA_ONLY,Not selected
HGG63,YES,YES,NO,DATA_AVAILABLE,NO,DATA_ONLY,Not selected
HGG64,YES,YES,NO,DATA_AVAILABLE,NO,DATA_ONLY,Not selected
HGG65,YES,YES,NO,DATA_AVAILABLE,NO,DATA_ONLY,Not selected
HGG66,YES,YES,NO,DATA_AVAILABLE,NO,DATA_ONLY,Not selected
HGG67,YES,YES,NO,DATA_AVAILABLE,NO,DATA_ONLY,Not selected
HGG68,YES,YES,NO,DATA_AVAILABLE,NO,DATA_ONLY,Not selected
HGG69,YES,YES,NO,DATA_AVAILABLE,NO,DATA_ONLY,Not selected
HGG70,YES,YES,NO,DATA_AVAILABLE,NO,DATA_ONLY,Not selected
HGG71,YES,YES,NO,DATA_AVAILABLE,NO,DATA_ONLY,Not selected
HGG72,YES,YES,NO,DATA_AVAILABLE,NO,DATA_ONLY,Not selected
HGG74,YES,YES,NO,DATA_AVAILABLE,NO,DATA_ONLY,Not selected
HGG75,YES,YES,NO,DATA_AVAILABLE,NO,DATA_ONLY,Not selected
HGG76,YES,YES,NO,DATA_AVAILABLE,NO,DATA_ONLY,Not selected
HGG79,YES,YES,NO,DATA_AVAILABLE,NO,DATA_ONLY,Not selected
HP100,YES,YES,NO,DATA_AVAILABLE,NO,DATA_ONLY,Not selected
HP100HL,YES,YES,NO,DATA_AVAILABLE,NO,DATA_ONLY,Not selected
HP120,YES,YES,NO,DATA_AVAILABLE,NO,DATA_ONLY,Not selected
HP120HL,YES,YES,NO,DATA_AVAILABLE,NO,DATA_ONLY,Not selected
HP120HL3C,YES,YES,NO,DATA_AVAILABLE,NO,DATA_ONLY,Not selected
HP120S,YES,YES,NO,DATA_AVAILABLE,NO,DATA_ONLY,Not selected
HP120SHL,YES,YES,NO,DATA_AVAILABLE,NO,DATA_ONLY,Not selected
HP1250D,YES,YES,NO,DATA_AVAILABLE,NO,DATA_ONLY,Not selected
HP1250L,YES,YES,NO,DATA_AVAILABLE,NO,DATA_ONLY,Not selected
HP140,YES,YES,NO,DATA_AVAILABLE,NO,DATA_ONLY,Not selected
HP140HL,YES,YES,NO,DATA_AVAILABLE,NO,DATA_ONLY,Not selected
HP140S,YES,YES,NO,DATA_AVAILABLE,NO,DATA_ONLY,Not selected
HP140SHL,YES,YES,NO,DATA_AVAILABLE,NO,DATA_ONLY,Not selected
HP1450D,YES,YES,NO,DATA_AVAILABLE,NO,DATA_ONLY,Not selected
HP1450L,YES,YES,NO,DATA_AVAILABLE,NO,DATA_ONLY,Not selected
HP1550D,YES,YES,NO,DATA_AVAILABLE,NO,DATA_ONLY,Not selected
HP1550L,YES,YES,NO,DATA_AVAILABLE,NO,DATA_ONLY,Not selected
HP160,YES,YES,NO,DATA_AVAILABLE,NO,DATA_ONLY,Not selected
HP160HL,YES,YES,NO,DATA_AVAILABLE,NO,DATA_ONLY,Not selected
HP1650D,YES,YES,NO,DATA_AVAILABLE,NO,DATA_ONLY,Not selected
HP1650L,YES,YES,NO,DATA_AVAILABLE,NO,DATA_ONLY,Not selected
HP180,YES,YES,NO,DATA_AVAILABLE,NO,DATA_ONLY,Not selected
HP180HL,YES,YES,NO,DATA_AVAILABLE,NO,DATA_ONLY,Not selected
HP180SHL,YES,YES,NO,DATA_AVAILABLE,NO,DATA_ONLY,Not selected
HP1850D,YES,YES,NO,DATA_AVAILABLE,NO,DATA_ONLY,Not selected
HP1850L,YES,YES,NO,DATA_AVAILABLE,NO,DATA_ONLY,Not selected
HP1960-3B,YES,YES,NO,DATA_AVAILABLE,NO,DATA_ONLY,Not selected
HP1960-3BK,YES,YES,NO,DATA_AVAILABLE,NO,DATA_ONLY,Not selected
HP1960-3G4D,YES,YES,NO,DATA_AVAILABLE,NO,DATA_ONLY,Not selected
HP1960KG,YES,YES,NO,DATA_AVAILABLE,NO,DATA_ONLY,Not selected
HP202S,YES,YES,NO,PREPARED,NO,DATA_ONLY,Not selected
HP204,YES,YES,NO,DATA_AVAILABLE,NO,DATA_ONLY,Not selected
HP204HL,YES,YES,NO,DATA_AVAILABLE,NO,DATA_ONLY,Not selected
HP204S,YES,YES,NO,DATA_AVAILABLE,NO,DATA_ONLY,Not selected
HP204SHL,YES,YES,NO,DATA_AVAILABLE,NO,DATA_ONLY,Not selected
HP2050D,YES,YES,NO,DATA_AVAILABLE,NO,DATA_ONLY,Not selected
HP2050L,YES,YES,NO,DATA_AVAILABLE,NO,DATA_ONLY,Not selected
HPBF01,YES,YES,NO,DATA_AVAILABLE,NO,DATA_ONLY,Not selected
HPC01,YES,YES,NO,DATA_AVAILABLE,NO,DATA_ONLY,Not selected
HPH4515,YES,YES,NO,DATA_AVAILABLE,NO,DATA_ONLY,Not selected
HPM1D1F,YES,YES,NO,DATA_AVAILABLE,NO,DATA_ONLY,Not selected
HPM3D,YES,YES,NO,DATA_AVAILABLE,NO,DATA_ONLY,Not selected
HR100SC7,YES,YES,NO,DATA_AVAILABLE,NO,DATA_ONLY,Not selected
HR100SC9,YES,YES,NO,DATA_AVAILABLE,NO,DATA_ONLY,Not selected
HR120,YES,YES,NO,DATA_AVAILABLE,NO,DATA_ONLY,Not selected
HR120C1,YES,YES,NO,DATA_AVAILABLE,NO,DATA_ONLY,Not selected
HR120C1Y1,YES,YES,NO,DATA_AVAILABLE,NO,DATA_ONLY,Not selected
HR120C2,YES,YES,NO,DATA_AVAILABLE,NO,DATA_ONLY,Not selected
HR120C2Y1,YES,YES,NO,DATA_AVAILABLE,NO,DATA_ONLY,Not selected
HR120C5,YES,YES,NO,DATA_AVAILABLE,NO,DATA_ONLY,Not selected
HR120C7,YES,YES,NO,DATA_AVAILABLE,NO,DATA_ONLY,Not selected
HR120C7Y1,YES,YES,NO,DATA_AVAILABLE,NO,DATA_ONLY,Not selected
HR120C8,YES,YES,NO,DATA_AVAILABLE,NO,DATA_ONLY,Not selected
HR120C8Y1,YES,YES,NO,DATA_AVAILABLE,NO,DATA_ONLY,Not selected
HR120C9,YES,YES,NO,DATA_AVAILABLE,NO,DATA_ONLY,Not selected
HR120HL,YES,YES,NO,DATA_AVAILABLE,NO,DATA_ONLY,Not selected
HR120HLC7Y1,YES,YES,NO,DATA_AVAILABLE,NO,DATA_ONLY,Not selected
HR120S,YES,YES,NO,DATA_AVAILABLE,NO,DATA_ONLY,Not selected
HR120SC1,YES,YES,NO,DATA_AVAILABLE,NO,DATA_ONLY,Not selected
HR120SC1Y1,YES,YES,NO,DATA_AVAILABLE,NO,DATA_ONLY,Not selected
HR120SC2,YES,YES,NO,DATA_AVAILABLE,NO,DATA_ONLY,Not selected
HR120SC2Y1,YES,YES,NO,DATA_AVAILABLE,NO,DATA_ONLY,Not selected
HR120SC5,YES,YES,NO,DATA_AVAILABLE,NO,DATA_ONLY,Not selected
HR120SC7,YES,YES,NO,DATA_AVAILABLE,NO,DATA_ONLY,Not selected
HR120SC7Y1,YES,YES,NO,DATA_AVAILABLE,NO,DATA_ONLY,Not selected
HR120SC8,YES,YES,NO,DATA_AVAILABLE,NO,DATA_ONLY,Not selected
HR120SC8Y1,YES,YES,NO,DATA_AVAILABLE,NO,DATA_ONLY,Not selected
HR120SC9,YES,YES,NO,DATA_AVAILABLE,NO,DATA_ONLY,Not selected
HR120SHL,YES,YES,NO,DATA_AVAILABLE,NO,DATA_ONLY,Not selected
HR120SHLC7Y1,YES,YES,NO,DATA_AVAILABLE,NO,DATA_ONLY,Not selected
HR140,YES,YES,NO,DATA_AVAILABLE,NO,DATA_ONLY,Not selected
HR140C1,YES,YES,NO,DATA_AVAILABLE,NO,DATA_ONLY,Not selected
HR140C1Y1,YES,YES,NO,DATA_AVAILABLE,NO,DATA_ONLY,Not selected
HR140C2,YES,YES,NO,DATA_AVAILABLE,NO,DATA_ONLY,Not selected
HR140C2Y1,YES,YES,NO,DATA_AVAILABLE,NO,DATA_ONLY,Not selected
HR140C5,YES,YES,NO,DATA_AVAILABLE,NO,DATA_ONLY,Not selected
HR140C7,YES,YES,NO,DATA_AVAILABLE,NO,DATA_ONLY,Not selected
HR140C7Y1,YES,YES,NO,DATA_AVAILABLE,NO,DATA_ONLY,Not selected
HR140C8,YES,YES,NO,DATA_AVAILABLE,NO,DATA_ONLY,Not selected
HR140C8Y1,YES,YES,NO,DATA_AVAILABLE,NO,DATA_ONLY,Not selected
HR140C9,YES,YES,NO,DATA_AVAILABLE,NO,DATA_ONLY,Not selected
HR140HL,YES,YES,NO,DATA_AVAILABLE,NO,DATA_ONLY,Not selected
HR140HLC1,YES,YES,NO,DATA_AVAILABLE,NO,DATA_ONLY,Not selected
HR140HLC1Y1,YES,YES,NO,DATA_AVAILABLE,NO,DATA_ONLY,Not selected
HR140HLC2,YES,YES,NO,DATA_AVAILABLE,NO,DATA_ONLY,Not selected
HR140HLC2Y1,YES,YES,NO,DATA_AVAILABLE,NO,DATA_ONLY,Not selected
HR140HLC5,YES,YES,NO,DATA_AVAILABLE,NO,DATA_ONLY,Not selected
HR140HLC7Y1,YES,YES,NO,DATA_AVAILABLE,NO,DATA_ONLY,Not selected
HR140HLC8,YES,YES,NO,DATA_AVAILABLE,NO,DATA_ONLY,Not selected
HR140HLC8Y1,YES,YES,NO,DATA_AVAILABLE,NO,DATA_ONLY,Not selected
HR140HM,YES,YES,NO,DATA_AVAILABLE,NO,DATA_ONLY,Not selected
HR140S,YES,YES,NO,DATA_AVAILABLE,NO,DATA_ONLY,Not selected
HR140SC5,YES,YES,NO,DATA_AVAILABLE,NO,DATA_ONLY,Not selected
HR140SC7,YES,YES,NO,DATA_AVAILABLE,NO,DATA_ONLY,Not selected
HR140SC7Y1,YES,YES,NO,DATA_AVAILABLE,NO,DATA_ONLY,Not selected
HR140SC9,YES,YES,NO,DATA_AVAILABLE,NO,DATA_ONLY,Not selected
HR140SHL,YES,YES,NO,DATA_AVAILABLE,NO,DATA_ONLY,Not selected
HR160,YES,YES,NO,DATA_AVAILABLE,NO,DATA_ONLY,Not selected
HR160C1,YES,YES,NO,DATA_AVAILABLE,NO,DATA_ONLY,Not selected
HR160C1Y1,YES,YES,NO,DATA_AVAILABLE,NO,DATA_ONLY,Not selected
HR160C2,YES,YES,NO,DATA_AVAILABLE,NO,DATA_ONLY,Not selected
HR160C2Y1,YES,YES,NO,DATA_AVAILABLE,NO,DATA_ONLY,Not selected
HR160C9,YES,YES,NO,DATA_AVAILABLE,NO,DATA_ONLY,Not selected
HR160SC9,YES,YES,NO,DATA_AVAILABLE,NO,DATA_ONLY,Not selected
HR1800-2B,YES,YES,NO,DATA_AVAILABLE,NO,DATA_ONLY,Not selected
HR1960-2B,YES,YES,NO,DATA_AVAILABLE,NO,DATA_ONLY,Not selected
HR1960-3B,YES,YES,NO,DATA_AVAILABLE,NO,DATA_ONLY,Not selected
HR1960-3K,YES,YES,NO,DATA_AVAILABLE,NO,DATA_ONLY,Not selected
HR1960-4B,YES,YES,NO,DATA_AVAILABLE,NO,DATA_ONLY,Not selected
HR860,YES,YES,NO,DATA_AVAILABLE,NO,DATA_ONLY,Not selected
HR950-3B,YES,YES,NO,DATA_AVAILABLE,NO,DATA_ONLY,Not selected
HRBF01,YES,YES,NO,DATA_AVAILABLE,NO,DATA_ONLY,Not selected
HRC01,YES,YES,NO,DATA_AVAILABLE,NO,DATA_ONLY,Not selected
HRC02,YES,YES,NO,DATA_AVAILABLE,NO,DATA_ONLY,Not selected
HRH1810,YES,YES,NO,DATA_AVAILABLE,NO,DATA_ONLY,Not selected
HRH1810C5,YES,YES,NO,DATA_AVAILABLE,NO,DATA_ONLY,Not selected
HRH1810C7,YES,YES,NO,DATA_AVAILABLE,NO,DATA_ONLY,Not selected
HRH1810C8,YES,YES,NO,DATA_AVAILABLE,NO,DATA_ONLY,Not selected
HRH1D1F,YES,YES,NO,PREPARED,NO,ADD_RELEASE_01,Selected prepared group
HRH2010,YES,YES,NO,DATA_AVAILABLE,NO,DATA_ONLY,Not selected
HRH2010C5,YES,YES,NO,DATA_AVAILABLE,NO,DATA_ONLY,Not selected
HRH2010C7,YES,YES,NO,DATA_AVAILABLE,NO,DATA_ONLY,Not selected
HRH2010C8,YES,YES,NO,DATA_AVAILABLE,NO,DATA_ONLY,Not selected
HRH2412,YES,YES,NO,DATA_AVAILABLE,NO,DATA_ONLY,Not selected
HRH2412C5,YES,YES,NO,DATA_AVAILABLE,NO,DATA_ONLY,Not selected
HRH2412C7,YES,YES,NO,DATA_AVAILABLE,NO,DATA_ONLY,Not selected
HRH2412C8,YES,YES,NO,DATA_AVAILABLE,NO,DATA_ONLY,Not selected
HRH3D,YES,YES,NO,PREPARED,NO,ADD_RELEASE_01,Selected prepared group
HRH4016H2,YES,YES,NO,DATA_AVAILABLE,NO,DATA_ONLY,Not selected
HRL1450C1,YES,YES,NO,DATA_AVAILABLE,NO,DATA_ONLY,Not selected
HRL1450C1Y1,YES,YES,NO,DATA_AVAILABLE,NO,DATA_ONLY,Not selected
HRM1D1F,YES,YES,NO,PREPARED,NO,ADD_RELEASE_01,Selected prepared group
HRM3D,YES,YES,NO,PREPARED,NO,ADD_RELEASE_01,Selected prepared group
HRMD01C14,YES,YES,NO,DATA_AVAILABLE,NO,DATA_ONLY,Not selected
HRMD02,YES,YES,NO,DATA_AVAILABLE,NO,DATA_ONLY,Not selected
HRMD02C14,YES,YES,NO,DATA_AVAILABLE,NO,DATA_ONLY,Not selected
HRMD03,YES,YES,NO,DATA_AVAILABLE,NO,DATA_ONLY,Not selected
HRMD04,YES,YES,NO,DATA_AVAILABLE,NO,DATA_ONLY,Not selected
HRMD05,YES,YES,NO,DATA_AVAILABLE,NO,DATA_ONLY,Not selected
HRMD06,YES,YES,NO,DATA_AVAILABLE,NO,DATA_ONLY,Not selected
HRMD07H1,YES,YES,NO,DATA_AVAILABLE,NO,DATA_ONLY,Not selected
HRMD07H2,YES,YES,NO,DATA_AVAILABLE,NO,DATA_ONLY,Not selected
HRMD09,YES,YES,NO,DATA_AVAILABLE,NO,DATA_ONLY,Not selected
HRMD11,YES,YES,NO,DATA_AVAILABLE,NO,DATA_ONLY,Not selected
HRMD12,YES,YES,NO,DATA_AVAILABLE,NO,DATA_ONLY,Not selected
HRP1600,YES,YES,NO,DATA_AVAILABLE,NO,DATA_ONLY,Not selected
HRP160C7Y1,YES,YES,NO,DATA_AVAILABLE,NO,DATA_ONLY,Not selected
HRP1800C5,YES,YES,NO,DATA_AVAILABLE,NO,DATA_ONLY,Not selected
HRP180C14,YES,YES,NO,DATA_AVAILABLE,NO,DATA_ONLY,Not selected
HRP1880C5,YES,YES,NO,DATA_AVAILABLE,NO,DATA_ONLY,Not selected
HRP1885Y1,YES,YES,NO,DATA_AVAILABLE,NO,DATA_ONLY,Not selected
HRP1890,YES,YES,NO,DATA_AVAILABLE,NO,DATA_ONLY,Not selected
HRP1890L1Y2,YES,YES,NO,DATA_AVAILABLE,NO,DATA_ONLY,Not selected
HRP1890L2Y1,YES,YES,NO,DATA_AVAILABLE,NO,DATA_ONLY,Not selected
HRTP01,YES,YES,NO,DATA_AVAILABLE,NO,DATA_ONLY,Not selected
HRTP01BX,YES,YES,NO,DATA_AVAILABLE,NO,DATA_ONLY,Not selected
HRTP02,YES,YES,NO,DATA_AVAILABLE,NO,DATA_ONLY,Not selected
HRTP02BX,YES,YES,NO,DATA_AVAILABLE,NO,DATA_ONLY,Not selected
HRTP04,YES,YES,NO,DATA_AVAILABLE,NO,DATA_ONLY,Not selected
HS1,YES,YES,NO,DATA_AVAILABLE,NO,DATA_ONLY,Not selected
HS1D,YES,YES,NO,DATA_AVAILABLE,NO,DATA_ONLY,Not selected
HS2,YES,YES,NO,DATA_AVAILABLE,NO,DATA_ONLY,Not selected
HS2D,YES,YES,NO,DATA_AVAILABLE,NO,DATA_ONLY,Not selected
HS3,YES,YES,NO,DATA_AVAILABLE,NO,DATA_ONLY,Not selected
HS5,YES,YES,NO,DATA_AVAILABLE,NO,DATA_ONLY,Not selected
HS5DT,YES,YES,NO,DATA_AVAILABLE,NO,DATA_ONLY,Not selected
HU12,YES,YES,NO,DATA_AVAILABLE,NO,DATA_ONLY,Not selected
HU12C2,YES,YES,NO,DATA_AVAILABLE,NO,DATA_ONLY,Not selected
HU12S,YES,YES,NO,DATA_AVAILABLE,NO,DATA_ONLY,Not selected
HU12SC2,YES,YES,NO,DATA_AVAILABLE,NO,DATA_ONLY,Not selected
HU14,YES,YES,NO,DATA_AVAILABLE,NO,DATA_ONLY,Not selected
HU14C2,YES,YES,NO,DATA_AVAILABLE,NO,DATA_ONLY,Not selected
HU15,YES,YES,NO,DATA_AVAILABLE,NO,DATA_ONLY,Not selected
HU15C2,YES,YES,NO,DATA_AVAILABLE,NO,DATA_ONLY,Not selected
HU16,YES,YES,NO,DATA_AVAILABLE,NO,DATA_ONLY,Not selected
HU1612C2L22,YES,YES,NO,DATA_AVAILABLE,NO,DATA_ONLY,Not selected
HU1612L22,YES,YES,NO,DATA_AVAILABLE,NO,DATA_ONLY,Not selected
HU16C2,YES,YES,NO,DATA_AVAILABLE,NO,DATA_ONLY,Not selected
HU18,YES,YES,NO,DATA_AVAILABLE,NO,DATA_ONLY,Not selected
HU18C2,YES,YES,NO,DATA_AVAILABLE,NO,DATA_ONLY,Not selected
J098A,YES,YES,NO,PREPARED,NO,DATA_ONLY,Not selected
JY080,YES,YES,NO,PREPARED,NO,DATA_ONLY,Not selected
JY081,YES,YES,NO,PREPARED,NO,DATA_ONLY,Not selected
KA100,YES,YES,NO,DATA_AVAILABLE,NO,DATA_ONLY,Not selected
KA100DM,YES,YES,NO,DATA_AVAILABLE,NO,DATA_ONLY,Not selected
KA181,YES,YES,NO,DATA_AVAILABLE,NO,DATA_ONLY,Not selected
KA181DM,YES,YES,NO,DATA_AVAILABLE,NO,DATA_ONLY,Not selected
KA22,YES,YES,NO,DATA_AVAILABLE,NO,DATA_ONLY,Not selected
KA22DM,YES,YES,NO,DATA_AVAILABLE,NO,DATA_ONLY,Not selected
KA320,YES,YES,NO,DATA_AVAILABLE,NO,DATA_ONLY,Not selected
KA320DM,YES,YES,NO,DATA_AVAILABLE,NO,DATA_ONLY,Not selected
KA40,YES,YES,NO,DATA_AVAILABLE,NO,DATA_ONLY,Not selected
KA40DM,YES,YES,NO,DATA_AVAILABLE,NO,DATA_ONLY,Not selected
KA40DT,YES,YES,NO,DATA_AVAILABLE,NO,DATA_ONLY,Not selected
KA54,YES,YES,NO,DATA_AVAILABLE,NO,DATA_ONLY,Not selected
KA54DM,YES,YES,NO,DATA_AVAILABLE,NO,DATA_ONLY,Not selected
KA54DT,YES,YES,NO,DATA_AVAILABLE,NO,DATA_ONLY,Not selected
KA72,YES,YES,NO,DATA_AVAILABLE,NO,DATA_ONLY,Not selected
KA72DM,YES,YES,NO,DATA_AVAILABLE,NO,DATA_ONLY,Not selected
KA72DT,YES,YES,NO,DATA_AVAILABLE,NO,DATA_ONLY,Not selected
KB20A,YES,YES,NO,DATA_AVAILABLE,NO,DATA_ONLY,Not selected
KB20B,YES,YES,NO,DATA_AVAILABLE,NO,DATA_ONLY,Not selected
KB32,YES,YES,NO,DATA_AVAILABLE,NO,DATA_ONLY,Not selected
KBE01,YES,YES,NO,DATA_AVAILABLE,NO,DATA_ONLY,Not selected
KBT02,YES,YES,NO,DATA_AVAILABLE,NO,DATA_ONLY,Not selected
KDH33,YES,YES,NO,DATA_AVAILABLE,NO,DATA_ONLY,Not selected
KDH33KC,YES,YES,NO,DATA_AVAILABLE,NO,DATA_ONLY,Not selected
KDH36,YES,YES,NO,DATA_AVAILABLE,NO,DATA_ONLY,Not selected
KDH36KC,YES,YES,NO,DATA_AVAILABLE,NO,DATA_ONLY,Not selected
KDH53,YES,YES,NO,DATA_AVAILABLE,NO,DATA_ONLY,Not selected
KDH53KC,YES,YES,NO,DATA_AVAILABLE,NO,DATA_ONLY,Not selected
KDH90,YES,YES,NO,DATA_AVAILABLE,NO,DATA_ONLY,Not selected
KDH90KC,YES,YES,NO,DATA_AVAILABLE,NO,DATA_ONLY,Not selected
KE_GIA_SACH_3_KHOANG,YES,YES,NO,DATA_AVAILABLE,NO,DATA_ONLY,Not selected
KG0898,YES,YES,NO,DATA_AVAILABLE,NO,DATA_ONLY,Not selected
KG1499,YES,YES,NO,DATA_AVAILABLE,NO,DATA_ONLY,Not selected
KG1699,YES,YES,NO,DATA_AVAILABLE,NO,DATA_ONLY,Not selected
KG18,YES,YES,NO,DATA_AVAILABLE,NO,DATA_ONLY,Not selected
KG61V,YES,YES,NO,DATA_AVAILABLE,NO,DATA_ONLY,Not selected
KG62V,YES,YES,NO,DATA_AVAILABLE,NO,DATA_ONLY,Not selected
KG66,YES,YES,NO,DATA_AVAILABLE,NO,DATA_ONLY,Not selected
KGC7,YES,YES,NO,DATA_AVAILABLE,NO,DATA_ONLY,Not selected
KGC7I,YES,YES,NO,DATA_AVAILABLE,NO,DATA_ONLY,Not selected
KKS01,YES,YES,NO,DATA_AVAILABLE,NO,DATA_ONLY,Not selected
KKS03,YES,YES,NO,DATA_AVAILABLE,NO,DATA_ONLY,Not selected
KKS04DT03,YES,YES,NO,DATA_AVAILABLE,NO,DATA_ONLY,Not selected
KKS04DT16,YES,YES,NO,DATA_AVAILABLE,NO,DATA_ONLY,Not selected
KKS05,YES,YES,NO,DATA_AVAILABLE,NO,DATA_ONLY,Not selected
KS110K1C1,YES,YES,NO,DATA_AVAILABLE,NO,DATA_ONLY,Not selected
KS110K1C1P,YES,YES,NO,DATA_AVAILABLE,NO,DATA_ONLY,Not selected
KS110K1DT,YES,YES,NO,DATA_AVAILABLE,NO,DATA_ONLY,Not selected
KS110K2C1,YES,YES,NO,DATA_AVAILABLE,NO,DATA_ONLY,Not selected
KS135K1C1,YES,YES,NO,DATA_AVAILABLE,NO,DATA_ONLY,Not selected
KS135K1DT,YES,YES,NO,DATA_AVAILABLE,NO,DATA_ONLY,Not selected
KS135K2C1,YES,YES,NO,DATA_AVAILABLE,NO,DATA_ONLY,Not selected
KS168K1C1,YES,YES,NO,DATA_AVAILABLE,NO,DATA_ONLY,Not selected
KS168K1DT,YES,YES,NO,DATA_AVAILABLE,NO,DATA_ONLY,Not selected
KS168K2C1,YES,YES,NO,DATA_AVAILABLE,NO,DATA_ONLY,Not selected
KS190K1DT,YES,YES,NO,DATA_AVAILABLE,NO,DATA_ONLY,Not selected
KS190K2C1,YES,YES,NO,DATA_AVAILABLE,NO,DATA_ONLY,Not selected
KS250K1DT,YES,YES,NO,DATA_AVAILABLE,NO,DATA_ONLY,Not selected
KS250K2C1,YES,YES,NO,DATA_AVAILABLE,NO,DATA_ONLY,Not selected
KS320K2C1,YES,YES,NO,DATA_AVAILABLE,NO,DATA_ONLY,Not selected
KS35D,YES,YES,NO,DATA_AVAILABLE,NO,DATA_ONLY,Not selected
KS35N,YES,YES,NO,DATA_AVAILABLE,NO,DATA_ONLY,Not selected
KS35NDT,YES,YES,NO,DATA_AVAILABLE,NO,DATA_ONLY,Not selected
KS400K2C1,YES,YES,NO,DATA_AVAILABLE,NO,DATA_ONLY,Not selected
KS500K2C1,YES,YES,NO,DATA_AVAILABLE,NO,DATA_ONLY,Not selected
KS50D,YES,YES,NO,DATA_AVAILABLE,NO,DATA_ONLY,Not selected
KS50N,YES,YES,NO,DATA_AVAILABLE,NO,DATA_ONLY,Not selected
KS50NDT,YES,YES,NO,DATA_AVAILABLE,NO,DATA_ONLY,Not selected
KS50T2,YES,YES,NO,DATA_AVAILABLE,NO,DATA_ONLY,Not selected
KS50T4,YES,YES,NO,DATA_AVAILABLE,NO,DATA_ONLY,Not selected
KS90K1C1,YES,YES,NO,DATA_AVAILABLE,NO,DATA_ONLY,Not selected
KS90K1C1P,YES,YES,NO,DATA_AVAILABLE,NO,DATA_ONLY,Not selected
KS90K1DT,YES,YES,NO,DATA_AVAILABLE,NO,DATA_ONLY,Not selected
KT36,YES,YES,NO,DATA_AVAILABLE,NO,DATA_ONLY,Not selected
KT66,YES,YES,NO,DATA_AVAILABLE,NO,DATA_ONLY,Not selected
KT88,YES,YES,NO,DATA_AVAILABLE,NO,DATA_ONLY,Not selected
KTV10,YES,YES,NO,DATA_AVAILABLE,NO,DATA_ONLY,Not selected
KTV11,YES,YES,NO,DATA_AVAILABLE,NO,DATA_ONLY,Not selected
KTV118,YES,YES,NO,DATA_AVAILABLE,NO,DATA_ONLY,Not selected
KTV14,YES,YES,NO,DATA_AVAILABLE,NO,DATA_ONLY,Not selected
KTV17,YES,YES,NO,DATA_AVAILABLE,NO,DATA_ONLY,Not selected
KTV18,YES,YES,NO,DATA_AVAILABLE,NO,DATA_ONLY,Not selected
KTV19-16,YES,YES,NO,DATA_AVAILABLE,NO,DATA_ONLY,Not selected
KTV19-20,YES,YES,NO,DATA_AVAILABLE,NO,DATA_ONLY,Not selected
KTV202-2,YES,YES,NO,DATA_AVAILABLE,NO,DATA_ONLY,Not selected
KTV203,YES,YES,NO,DATA_AVAILABLE,NO,DATA_ONLY,Not selected
KTV24N4,YES,YES,NO,DATA_AVAILABLE,NO,DATA_ONLY,Not selected
KTV301,YES,YES,NO,DATA_AVAILABLE,NO,DATA_ONLY,Not selected
KTV501N7,YES,YES,NO,DATA_AVAILABLE,NO,DATA_ONLY,Not selected
KTV502,YES,YES,NO,DATA_AVAILABLE,NO,DATA_ONLY,Not selected
KTV503,YES,YES,NO,DATA_AVAILABLE,NO,DATA_ONLY,Not selected
KTV505,YES,YES,NO,DATA_AVAILABLE,NO,DATA_ONLY,Not selected
KTV508,YES,YES,NO,DATA_AVAILABLE,NO,DATA_ONLY,Not selected
KTV509,YES,YES,NO,DATA_AVAILABLE,NO,DATA_ONLY,Not selected
KTV511,YES,YES,NO,DATA_AVAILABLE,NO,DATA_ONLY,Not selected
KTV78A,YES,YES,NO,DATA_AVAILABLE,NO,DATA_ONLY,Not selected
KTV78B,YES,YES,NO,DATA_AVAILABLE,NO,DATA_ONLY,Not selected
KTV79A,YES,YES,NO,DATA_AVAILABLE,NO,DATA_ONLY,Not selected
KTV79B,YES,YES,NO,DATA_AVAILABLE,NO,DATA_ONLY,Not selected
KTV90-1,YES,YES,NO,DATA_AVAILABLE,NO,DATA_ONLY,Not selected
KTV91,YES,YES,NO,DATA_AVAILABLE,NO,DATA_ONLY,Not selected
KTV98,YES,YES,NO,DATA_AVAILABLE,NO,DATA_ONLY,Not selected
LC12,YES,YES,NO,DATA_AVAILABLE,NO,DATA_ONLY,Not selected
LC14,YES,YES,NO,DATA_AVAILABLE,NO,DATA_ONLY,Not selected
LC15,YES,YES,NO,DATA_AVAILABLE,NO,DATA_ONLY,Not selected
LC16,YES,YES,NO,DATA_AVAILABLE,NO,DATA_ONLY,Not selected
LE120C12,YES,YES,NO,DATA_AVAILABLE,NO,DATA_ONLY,Not selected
LE120SC12,YES,YES,NO,DATA_AVAILABLE,NO,DATA_ONLY,Not selected
LE1260,YES,YES,NO,PREPARED,NO,DATA_ONLY,Not selected
LE1260D,YES,YES,NO,DATA_AVAILABLE,NO,DATA_ONLY,Not selected
LE1260SD,YES,YES,NO,PREPARED,NO,DATA_ONLY,Not selected
LE140C12,YES,YES,NO,DATA_AVAILABLE,NO,DATA_ONLY,Not selected
LE140HLC12,YES,YES,NO,DATA_AVAILABLE,NO,DATA_ONLY,Not selected
LE160C12,YES,YES,NO,DATA_AVAILABLE,NO,DATA_ONLY,Not selected
LE160HLC12,YES,YES,NO,DATA_AVAILABLE,NO,DATA_ONLY,Not selected
LE1960,YES,YES,NO,DATA_AVAILABLE,NO,DATA_ONLY,Not selected
LE1960-3B,YES,YES,NO,DATA_AVAILABLE,NO,DATA_ONLY,Not selected
LE1960-3BK,YES,YES,NO,DATA_AVAILABLE,NO,DATA_ONLY,Not selected
LE1960-3G4D,YES,YES,NO,DATA_AVAILABLE,NO,DATA_ONLY,Not selected
LE1960KG,YES,YES,NO,DATA_AVAILABLE,NO,DATA_ONLY,Not selected
LE880,YES,YES,NO,PREPARED,NO,DATA_ONLY,Not selected
LE880D,YES,YES,NO,PREPARED,NO,DATA_ONLY,Not selected
LE880SD,YES,YES,NO,PREPARED,NO,DATA_ONLY,Not selected
LEBF01,YES,YES,NO,DATA_AVAILABLE,NO,DATA_ONLY,Not selected
LEC01,YES,YES,NO,DATA_AVAILABLE,NO,DATA_ONLY,Not selected
LEH1810C12,YES,YES,NO,DATA_AVAILABLE,NO,DATA_ONLY,Not selected
LEH2010C12,YES,YES,NO,DATA_AVAILABLE,NO,DATA_ONLY,Not selected
LEH2412C12,YES,YES,NO,DATA_AVAILABLE,NO,DATA_ONLY,Not selected
LEM1D1F,YES,YES,NO,DATA_AVAILABLE,NO,DATA_ONLY,Not selected
LEM3D,YES,YES,NO,DATA_AVAILABLE,NO,DATA_ONLY,Not selected
LEMD01-2C12,YES,YES,NO,DATA_AVAILABLE,NO,DATA_ONLY,Not selected
LEMD01-4C12,YES,YES,NO,DATA_AVAILABLE,NO,DATA_ONLY,Not selected
LEP180C12,YES,YES,NO,DATA_AVAILABLE,NO,DATA_ONLY,Not selected
LEP240C12,YES,YES,NO,DATA_AVAILABLE,NO,DATA_ONLY,Not selected
LG118K1C1,YES,YES,NO,DATA_AVAILABLE,NO,DATA_ONLY,Not selected
LG118K1DT,YES,YES,NO,DATA_AVAILABLE,NO,DATA_ONLY,Not selected
LG158K1C1,YES,YES,NO,DATA_AVAILABLE,NO,DATA_ONLY,Not selected
LG158K1DT,YES,YES,NO,DATA_AVAILABLE,NO,DATA_ONLY,Not selected
LG188K1C1,YES,YES,NO,DATA_AVAILABLE,NO,DATA_ONLY,Not selected
LG188K1DT,YES,YES,NO,DATA_AVAILABLE,NO,DATA_ONLY,Not selected
LG208K1C1,YES,YES,NO,DATA_AVAILABLE,NO,DATA_ONLY,Not selected
LG208K1DT,YES,YES,NO,DATA_AVAILABLE,NO,DATA_ONLY,Not selected
LG98K1C1,YES,YES,NO,DATA_AVAILABLE,NO,DATA_ONLY,Not selected
LG98K1DT,YES,YES,NO,DATA_AVAILABLE,NO,DATA_ONLY,Not selected
LINH_KIEN_DIEN_48_NGAN,YES,YES,NO,DATA_AVAILABLE,NO,DATA_ONLY,Not selected
LINH_KIEN_DIEN_75_NGAN,YES,YES,NO,DATA_AVAILABLE,NO,DATA_ONLY,Not selected
LK-10N,YES,YES,NO,DATA_AVAILABLE,NO,DATA_ONLY,Not selected
LK-20Đ,YES,YES,NO,PREPARED,NO,ADD_RELEASE_01,Selected prepared group
LK-50KC,YES,YES,NO,DATA_AVAILABLE,NO,DATA_ONLY,Not selected
LK01,YES,YES,NO,DATA_AVAILABLE,NO,DATA_ONLY,Not selected
LK02,YES,YES,NO,DATA_AVAILABLE,NO,DATA_ONLY,Not selected
LK03,YES,YES,NO,DATA_AVAILABLE,NO,DATA_ONLY,Not selected
LK04,YES,YES,NO,DATA_AVAILABLE,NO,DATA_ONLY,Not selected
LK05,YES,YES,NO,DATA_AVAILABLE,NO,DATA_ONLY,Not selected
LK06-1C,YES,YES,NO,DATA_AVAILABLE,NO,DATA_ONLY,Not selected
LK06-2C,YES,YES,NO,DATA_AVAILABLE,NO,DATA_ONLY,Not selected
LK06-3C,YES,YES,NO,DATA_AVAILABLE,NO,DATA_ONLY,Not selected
LK08,YES,YES,NO,DATA_AVAILABLE,NO,DATA_ONLY,Not selected
LK08Đ,YES,YES,NO,DATA_AVAILABLE,NO,DATA_ONLY,Not selected
LK09,YES,YES,NO,DATA_AVAILABLE,NO,DATA_ONLY,Not selected
LK100,YES,YES,NO,DATA_AVAILABLE,NO,DATA_ONLY,Not selected
LK12-2C,YES,YES,NO,DATA_AVAILABLE,NO,DATA_ONLY,Not selected
LK12-3C,YES,YES,NO,DATA_AVAILABLE,NO,DATA_ONLY,Not selected
LK15,YES,YES,NO,DATA_AVAILABLE,NO,DATA_ONLY,Not selected
LK16,YES,YES,NO,DATA_AVAILABLE,NO,DATA_ONLY,Not selected
LK18,YES,YES,NO,DATA_AVAILABLE,NO,DATA_ONLY,Not selected
LK20,YES,YES,NO,DATA_AVAILABLE,NO,DATA_ONLY,Not selected
LK24,YES,YES,NO,DATA_AVAILABLE,NO,DATA_ONLY,Not selected
LK25,YES,YES,NO,DATA_AVAILABLE,NO,DATA_ONLY,Not selected
LK25MK,YES,YES,NO,DATA_AVAILABLE,NO,DATA_ONLY,Not selected
LK30,YES,YES,NO,DATA_AVAILABLE,NO,DATA_ONLY,Not selected
LK36,YES,YES,NO,DATA_AVAILABLE,NO,DATA_ONLY,Not selected
LK40ĐBT,YES,YES,NO,DATA_AVAILABLE,NO,DATA_ONLY,Not selected
LK48-KD,YES,YES,NO,PREPARED,NO,ADD_RELEASE_01,Selected prepared group
LK72N,YES,YES,NO,DATA_AVAILABLE,NO,DATA_ONLY,Not selected
LK90,YES,YES,NO,DATA_AVAILABLE,NO,DATA_ONLY,Not selected
LN,YES,YES,NO,PREPARED,NO,DATA_ONLY,Not selected
LOCKER_10_NGAN_2_KHOANG,YES,YES,NO,DATA_AVAILABLE,NO,DATA_ONLY,Not selected
LOCKER_12_NGAN_2_KHOANG,YES,YES,NO,DATA_AVAILABLE,NO,DATA_ONLY,Not selected
LOCKER_12_NGAN_3_KHOANG,YES,YES,NO,DATA_AVAILABLE,NO,DATA_ONLY,Not selected
LOCKER_15_NGAN_3_KHOANG,YES,YES,NO,DATA_AVAILABLE,NO,DATA_ONLY,Not selected
LOCKER_1_CUA_1_KHOANG_CO_THANH_T,YES,YES,NO,DATA_AVAILABLE,NO,DATA_ONLY,Not selected
LOCKER_25_NGAN_5_KHOANG,YES,YES,NO,DATA_AVAILABLE,NO,DATA_ONLY,Not selected
LOCKER_30_NGAN_5_KHOANG,YES,YES,NO,DATA_AVAILABLE,NO,DATA_ONLY,Not selected
LOCKER_36_NGAN_6_KHOANG,YES,YES,NO,DATA_AVAILABLE,NO,DATA_ONLY,Not selected
LOCKER_8_NGAN_2_KHOANG,YES,YES,NO,DATA_AVAILABLE,NO,DATA_ONLY,Not selected
LOCKER_9_NGAN_3_KHOANG,YES,YES,NO,DATA_AVAILABLE,NO,DATA_ONLY,Not selected
LOCKER_CANH_KINH_MICA,YES,YES,NO,DATA_AVAILABLE,NO,DATA_ONLY,Not selected
LOCKER_CO_LO_THOANG_KHI,YES,YES,NO,DATA_AVAILABLE,NO,DATA_ONLY,Not selected
LS21,YES,YES,NO,DATA_AVAILABLE,NO,DATA_ONLY,Not selected
LT01,YES,YES,NO,DATA_AVAILABLE,NO,DATA_ONLY,Not selected
LT02,YES,YES,NO,DATA_AVAILABLE,NO,DATA_ONLY,Not selected
LT03,YES,YES,NO,DATA_AVAILABLE,NO,DATA_ONLY,Not selected
LT04,YES,YES,NO,DATA_AVAILABLE,NO,DATA_ONLY,Not selected
LTS01,YES,YES,NO,DATA_AVAILABLE,NO,DATA_ONLY,Not selected
LTS02,YES,YES,NO,DATA_AVAILABLE,NO,DATA_ONLY,Not selected
LTS03,YES,YES,NO,DATA_AVAILABLE,NO,DATA_ONLY,Not selected
LTS04,YES,YES,NO,DATA_AVAILABLE,NO,DATA_ONLY,Not selected
LUX120C10,YES,YES,NO,DATA_AVAILABLE,NO,DATA_ONLY,Not selected
LUX120HLC10,YES,YES,NO,DATA_AVAILABLE,NO,DATA_ONLY,Not selected
LUX120HLYC10,YES,YES,NO,DATA_AVAILABLE,NO,DATA_ONLY,Not selected
LUX120SC10,YES,YES,NO,DATA_AVAILABLE,NO,DATA_ONLY,Not selected
LUX120SHLC10,YES,YES,NO,DATA_AVAILABLE,NO,DATA_ONLY,Not selected
LUX120SHLYC10,YES,YES,NO,DATA_AVAILABLE,NO,DATA_ONLY,Not selected
LUX120SYC10,YES,YES,NO,DATA_AVAILABLE,NO,DATA_ONLY,Not selected
LUX120YC10,YES,YES,NO,DATA_AVAILABLE,NO,DATA_ONLY,Not selected
LUX140C10,YES,YES,NO,DATA_AVAILABLE,NO,DATA_ONLY,Not selected
LUX140HLC10,YES,YES,NO,DATA_AVAILABLE,NO,DATA_ONLY,Not selected
LUX140HLYC10,YES,YES,NO,DATA_AVAILABLE,NO,DATA_ONLY,Not selected
LUX140SC10,YES,YES,NO,DATA_AVAILABLE,NO,DATA_ONLY,Not selected
LUX140YC10,YES,YES,NO,DATA_AVAILABLE,NO,DATA_ONLY,Not selected
LUX160C10,YES,YES,NO,DATA_AVAILABLE,NO,DATA_ONLY,Not selected
LUX160HLC10,YES,YES,NO,DATA_AVAILABLE,NO,DATA_ONLY,Not selected
LUX160HLYC10,YES,YES,NO,DATA_AVAILABLE,NO,DATA_ONLY,Not selected
LUX160YC10,YES,YES,NO,DATA_AVAILABLE,NO,DATA_ONLY,Not selected
LUX1612YC10,YES,YES,NO,DATA_AVAILABLE,NO,DATA_ONLY,Not selected
LUX1960-2B1,YES,YES,NO,PREPARED,NO,DATA_ONLY,Not selected
LUX1960-2B2,YES,YES,NO,PREPARED,NO,DATA_ONLY,Not selected
LUX1960-2B3,YES,YES,NO,PREPARED,NO,DATA_ONLY,Not selected
LUX1960-3B1,YES,YES,NO,PREPARED,NO,DATA_ONLY,Not selected
LUX1960-3B2,YES,YES,NO,PREPARED,NO,DATA_ONLY,Not selected
LUX850-2T2,YES,YES,NO,PREPARED,NO,DATA_ONLY,Not selected
LUX850-3T2,YES,YES,NO,PREPARED,NO,DATA_ONLY,Not selected
LUXB1818V3,YES,YES,NO,DATA_AVAILABLE,NO,DATA_ONLY,Not selected
LUXB1890V8,YES,YES,NO,DATA_AVAILABLE,NO,DATA_ONLY,Not selected
LUXB2010V8,YES,YES,NO,DATA_AVAILABLE,NO,DATA_ONLY,Not selected
LUXB2018S3,YES,YES,NO,DATA_AVAILABLE,NO,DATA_ONLY,Not selected
LUXB2018V2,YES,YES,NO,DATA_AVAILABLE,NO,DATA_ONLY,Not selected
LUXB2018V3,YES,YES,NO,DATA_AVAILABLE,NO,DATA_ONLY,Not selected
LUXB2218S1,YES,YES,NO,DATA_AVAILABLE,NO,DATA_ONLY,Not selected
LUXB2218S2,YES,YES,NO,DATA_AVAILABLE,NO,DATA_ONLY,Not selected
LUXB2218S3,YES,YES,NO,DATA_AVAILABLE,NO,DATA_ONLY,Not selected
LUXB2410V8,YES,YES,NO,DATA_AVAILABLE,NO,DATA_ONLY,Not selected
LUXB2418S1,YES,YES,NO,DATA_AVAILABLE,NO,DATA_ONLY,Not selected
LUXB2418S2,YES,YES,NO,DATA_AVAILABLE,NO,DATA_ONLY,Not selected
LUXB2418S3,YES,YES,NO,DATA_AVAILABLE,NO,DATA_ONLY,Not selected
LUXB2418V2,YES,YES,NO,DATA_AVAILABLE,NO,DATA_ONLY,Not selected
LUXB2418V3,YES,YES,NO,DATA_AVAILABLE,NO,DATA_ONLY,Not selected
LUXB2418V5,YES,YES,NO,DATA_AVAILABLE,NO,DATA_ONLY,Not selected
LUXB2620V4,YES,YES,NO,DATA_AVAILABLE,NO,DATA_ONLY,Not selected
LUXB2620V7,YES,YES,NO,DATA_AVAILABLE,NO,DATA_ONLY,Not selected
LUXB2720V1,YES,YES,NO,DATA_AVAILABLE,NO,DATA_ONLY,Not selected
LUXB2820V6,YES,YES,NO,DATA_AVAILABLE,NO,DATA_ONLY,Not selected
LUXB3020V2,YES,YES,NO,DATA_AVAILABLE,NO,DATA_ONLY,Not selected
LUXBF01,YES,YES,NO,DATA_AVAILABLE,NO,DATA_ONLY,Not selected
LUXC01,YES,YES,NO,DATA_AVAILABLE,NO,DATA_ONLY,Not selected
LUXH1810C10,YES,YES,NO,DATA_AVAILABLE,NO,DATA_ONLY,Not selected
LUXH2010C10,YES,YES,NO,DATA_AVAILABLE,NO,DATA_ONLY,Not selected
LUXH2412C10,YES,YES,NO,DATA_AVAILABLE,NO,DATA_ONLY,Not selected
LUXH2412S3,YES,YES,NO,DATA_AVAILABLE,NO,DATA_ONLY,Not selected
LUXH2412V4,YES,YES,NO,DATA_AVAILABLE,NO,DATA_ONLY,Not selected
LUXH3012C10,YES,YES,NO,DATA_AVAILABLE,NO,DATA_ONLY,Not selected
LUXH3612C10,YES,YES,NO,DATA_AVAILABLE,NO,DATA_ONLY,Not selected
LUXH4515,YES,YES,NO,DATA_AVAILABLE,NO,DATA_ONLY,Not selected
LUXL14C10,YES,YES,NO,DATA_AVAILABLE,NO,DATA_ONLY,Not selected
LUXL14HLC10,YES,YES,NO,DATA_AVAILABLE,NO,DATA_ONLY,Not selected
LUXL16C10,YES,YES,NO,DATA_AVAILABLE,NO,DATA_ONLY,Not selected
LUXL16HLC10,YES,YES,NO,DATA_AVAILABLE,NO,DATA_ONLY,Not selected
LUXM3D,YES,YES,NO,PREPARED,NO,ADD_RELEASE_01,Selected prepared group
LUXMD01C10,YES,YES,NO,DATA_AVAILABLE,NO,DATA_ONLY,Not selected
LUXMD01YC10,YES,YES,NO,DATA_AVAILABLE,NO,DATA_ONLY,Not selected
LUXMD02C10,YES,YES,NO,DATA_AVAILABLE,NO,DATA_ONLY,Not selected
LUXMD02YC10,YES,YES,NO,DATA_AVAILABLE,NO,DATA_ONLY,Not selected
LUXMD03C10,YES,YES,NO,DATA_AVAILABLE,NO,DATA_ONLY,Not selected
LUXMD04C10,YES,YES,NO,DATA_AVAILABLE,NO,DATA_ONLY,Not selected
LUXMD05C10,YES,YES,NO,DATA_AVAILABLE,NO,DATA_ONLY,Not selected
LUXMD05C10KY,YES,YES,NO,DATA_AVAILABLE,NO,DATA_ONLY,Not selected
LUXMD05YC10,YES,YES,NO,DATA_AVAILABLE,NO,DATA_ONLY,Not selected
LUXMD05YC10KY,YES,YES,NO,DATA_AVAILABLE,NO,DATA_ONLY,Not selected
LUXP160C10,YES,YES,NO,DATA_AVAILABLE,NO,DATA_ONLY,Not selected
LUXP180C10,YES,YES,NO,DATA_AVAILABLE,NO,DATA_ONLY,Not selected
LUXP1880C10,YES,YES,NO,DATA_AVAILABLE,NO,DATA_ONLY,Not selected
LUXP1880YC10,YES,YES,NO,DATA_AVAILABLE,NO,DATA_ONLY,Not selected
LUXP240C10,YES,YES,NO,DATA_AVAILABLE,NO,DATA_ONLY,Not selected
LUXT2020V3,YES,YES,NO,DATA_AVAILABLE,NO,DATA_ONLY,Not selected
LUXT2420S1,YES,YES,NO,DATA_AVAILABLE,NO,DATA_ONLY,Not selected
LUXT2420S2,YES,YES,NO,DATA_AVAILABLE,NO,DATA_ONLY,Not selected
LUXT2420V2,YES,YES,NO,DATA_AVAILABLE,NO,DATA_ONLY,Not selected
LUXT2420V3,YES,YES,NO,DATA_AVAILABLE,NO,DATA_ONLY,Not selected
LUXT2420V4,YES,YES,NO,DATA_AVAILABLE,NO,DATA_ONLY,Not selected
LUXT2420V5,YES,YES,NO,DATA_AVAILABLE,NO,DATA_ONLY,Not selected
LUXT2420V6,YES,YES,NO,DATA_AVAILABLE,NO,DATA_ONLY,Not selected
LUXT2420V7,YES,YES,NO,DATA_AVAILABLE,NO,DATA_ONLY,Not selected
LUXT2420V8,YES,YES,NO,DATA_AVAILABLE,NO,DATA_ONLY,Not selected
LUXT2820V1,YES,YES,NO,DATA_AVAILABLE,NO,DATA_ONLY,Not selected
LUXT3020V2,YES,YES,NO,DATA_AVAILABLE,NO,DATA_ONLY,Not selected
LUXTP02BX,YES,YES,NO,DATA_AVAILABLE,NO,DATA_ONLY,Not selected
M1D1F,YES,YES,NO,PREPARED,NO,ADD_RELEASE_01,Selected prepared group
M1D1O,YES,YES,NO,PREPARED,NO,ADD_RELEASE_01,Selected prepared group
M3D,YES,YES,NO,PREPARED,NO,ADD_RELEASE_01,Selected prepared group
M3DV1,YES,YES,NO,PREPARED,NO,DATA_ONLY,Not selected
M3DV2,YES,YES,NO,PREPARED,NO,DATA_ONLY,Not selected
M3DV7,YES,YES,NO,PREPARED,NO,DATA_ONLY,Not selected
M3DVM1,YES,YES,NO,PREPARED,NO,ADD_RELEASE_01,Selected prepared group
M3DVM2,YES,YES,NO,PREPARED,NO,ADD_RELEASE_01,Selected prepared group
MA02,YES,YES,NO,DATA_AVAILABLE,NO,DATA_ONLY,Not selected
MA02TAYM,YES,YES,NO,DATA_AVAILABLE,NO,DATA_ONLY,Not selected
MAM_NON_15_NGAN,YES,YES,NO,DATA_AVAILABLE,NO,DATA_ONLY,Not selected
MAM_NON_20A,YES,YES,NO,DATA_AVAILABLE,NO,DATA_ONLY,Not selected
MC,YES,YES,NO,PREPARED,NO,DATA_ONLY,Not selected
MC01,YES,YES,NO,DATA_AVAILABLE,NO,DATA_ONLY,Not selected
MC02,YES,YES,NO,DATA_AVAILABLE,NO,DATA_ONLY,Not selected
MC04,YES,YES,NO,DATA_AVAILABLE,NO,DATA_ONLY,Not selected
MC05,YES,YES,NO,DATA_AVAILABLE,NO,DATA_ONLY,Not selected
MC22,YES,YES,NO,DATA_AVAILABLE,NO,DATA_ONLY,Not selected
MCF1,YES,YES,NO,DATA_AVAILABLE,NO,DATA_ONLY,Not selected
MCF2,YES,YES,NO,DATA_AVAILABLE,NO,DATA_ONLY,Not selected
MCF3K2,YES,YES,NO,DATA_AVAILABLE,NO,DATA_ONLY,Not selected
MCF3K3,YES,YES,NO,DATA_AVAILABLE,NO,DATA_ONLY,Not selected
MCN712,YES,YES,NO,DATA_AVAILABLE,NO,DATA_ONLY,Not selected
MCN814,YES,YES,NO,DATA_AVAILABLE,NO,DATA_ONLY,Not selected
MD,YES,YES,NO,PREPARED,NO,DATA_ONLY,Not selected
MDD,YES,YES,NO,PREPARED,NO,DATA_ONLY,Not selected
ML720,YES,YES,NO,DATA_AVAILABLE,NO,DATA_ONLY,Not selected
MNNTP984-3K,YES,YES,NO,DATA_AVAILABLE,NO,DATA_ONLY,Not selected
NK55,YES,YES,NO,DATA_AVAILABLE,NO,DATA_ONLY,Not selected
NT120,YES,YES,NO,DATA_AVAILABLE,NO,DATA_ONLY,Not selected
NT120C3,YES,YES,NO,DATA_AVAILABLE,NO,DATA_ONLY,Not selected
NT120C3HL,YES,YES,NO,DATA_AVAILABLE,NO,DATA_ONLY,Not selected
NT120S,YES,YES,NO,DATA_AVAILABLE,NO,DATA_ONLY,Not selected
NT1260DN,YES,YES,NO,DATA_AVAILABLE,NO,DATA_ONLY,Not selected
NT1260N,YES,YES,NO,DATA_AVAILABLE,NO,DATA_ONLY,Not selected
NT1260SDN,YES,YES,NO,DATA_AVAILABLE,NO,DATA_ONLY,Not selected
NT140,YES,YES,NO,DATA_AVAILABLE,NO,DATA_ONLY,Not selected
NT140C3,YES,YES,NO,DATA_AVAILABLE,NO,DATA_ONLY,Not selected
NT140C3HL,YES,YES,NO,DATA_AVAILABLE,NO,DATA_ONLY,Not selected
NT140S,YES,YES,NO,DATA_AVAILABLE,NO,DATA_ONLY,Not selected
NT160,YES,YES,NO,DATA_AVAILABLE,NO,DATA_ONLY,Not selected
NT180,YES,YES,NO,DATA_AVAILABLE,NO,DATA_ONLY,Not selected
NT1960-3BN,YES,YES,NO,DATA_AVAILABLE,NO,DATA_ONLY,Not selected
NT1960-4BN,YES,YES,NO,DATA_AVAILABLE,NO,DATA_ONLY,Not selected
NT1960DN,YES,YES,NO,DATA_AVAILABLE,NO,DATA_ONLY,Not selected
NT1960GN,YES,YES,NO,DATA_AVAILABLE,NO,DATA_ONLY,Not selected
NT1960KGN,YES,YES,NO,DATA_AVAILABLE,NO,DATA_ONLY,Not selected
NT880DN,YES,YES,NO,DATA_AVAILABLE,NO,DATA_ONLY,Not selected
NT880N,YES,YES,NO,DATA_AVAILABLE,NO,DATA_ONLY,Not selected
NT880SDN,YES,YES,NO,DATA_AVAILABLE,NO,DATA_ONLY,Not selected
NTB01,YES,YES,NO,DATA_AVAILABLE,NO,DATA_ONLY,Not selected
NTB02,YES,YES,NO,DATA_AVAILABLE,NO,DATA_ONLY,Not selected
NTBF01,YES,YES,NO,DATA_AVAILABLE,NO,DATA_ONLY,Not selected
NTBP01,YES,YES,NO,DATA_AVAILABLE,NO,DATA_ONLY,Not selected
NTBP02,YES,YES,NO,DATA_AVAILABLE,NO,DATA_ONLY,Not selected
NTC01,YES,YES,NO,DATA_AVAILABLE,NO,DATA_ONLY,Not selected
NTG45,YES,YES,NO,DATA_AVAILABLE,NO,DATA_ONLY,Not selected
NTH1000,YES,YES,NO,DATA_AVAILABLE,NO,DATA_ONLY,Not selected
NTH2010,YES,YES,NO,DATA_AVAILABLE,NO,DATA_ONLY,Not selected
NTH4315,YES,YES,NO,DATA_AVAILABLE,NO,DATA_ONLY,Not selected
NTL14,YES,YES,NO,DATA_AVAILABLE,NO,DATA_ONLY,Not selected
NTL16,YES,YES,NO,DATA_AVAILABLE,NO,DATA_ONLY,Not selected
NTM120,YES,YES,NO,PREPARED,NO,DATA_ONLY,Not selected
NTM120S,YES,YES,NO,PREPARED,NO,DATA_ONLY,Not selected
NTM1D1F,YES,YES,NO,DATA_AVAILABLE,NO,DATA_ONLY,Not selected
NTM3D,YES,YES,NO,DATA_AVAILABLE,NO,DATA_ONLY,Not selected
NTP-01,YES,YES,NO,DATA_AVAILABLE,NO,DATA_ONLY,Not selected
NTP-HS1,YES,YES,NO,DATA_AVAILABLE,NO,DATA_ONLY,Not selected
NTP07,YES,YES,NO,DATA_AVAILABLE,NO,DATA_ONLY,Not selected
NTP08G,YES,YES,NO,DATA_AVAILABLE,NO,DATA_ONLY,Not selected
NTP09K10,YES,YES,NO,DATA_AVAILABLE,NO,DATA_ONLY,Not selected
NTP09K2,YES,YES,NO,DATA_AVAILABLE,NO,DATA_ONLY,Not selected
NTP09K2SA,YES,YES,NO,DATA_AVAILABLE,NO,DATA_ONLY,Not selected
NTP09K3,YES,YES,NO,DATA_AVAILABLE,NO,DATA_ONLY,Not selected
NTP09K3B,YES,YES,NO,DATA_AVAILABLE,NO,DATA_ONLY,Not selected
NTP09K3G,YES,YES,NO,DATA_AVAILABLE,NO,DATA_ONLY,Not selected
NTP09K3L,YES,YES,NO,DATA_AVAILABLE,NO,DATA_ONLY,Not selected
NTP09K4,YES,YES,NO,DATA_AVAILABLE,NO,DATA_ONLY,Not selected
NTP09K5CK,YES,YES,NO,DATA_AVAILABLE,NO,DATA_ONLY,Not selected
NTP09K6,YES,YES,NO,DATA_AVAILABLE,NO,DATA_ONLY,Not selected
NTP09K7CK,YES,YES,NO,DATA_AVAILABLE,NO,DATA_ONLY,Not selected
NTP09K7CKG,YES,YES,NO,DATA_AVAILABLE,NO,DATA_ONLY,Not selected
NTP09K8,YES,YES,NO,DATA_AVAILABLE,NO,DATA_ONLY,Not selected
NTP118S,YES,YES,NO,DATA_AVAILABLE,NO,DATA_ONLY,Not selected
NTP15F,YES,YES,NO,DATA_AVAILABLE,NO,DATA_ONLY,Not selected
NTP1800,YES,YES,NO,DATA_AVAILABLE,NO,DATA_ONLY,Not selected
NTP1800C,YES,YES,NO,DATA_AVAILABLE,NO,DATA_ONLY,Not selected
NTP1880,YES,YES,NO,DATA_AVAILABLE,NO,DATA_ONLY,Not selected
NTP1890T1,YES,YES,NO,DATA_AVAILABLE,NO,DATA_ONLY,Not selected
NTP1890T3,YES,YES,NO,DATA_AVAILABLE,NO,DATA_ONLY,Not selected
NTP2050,YES,YES,NO,DATA_AVAILABLE,NO,DATA_ONLY,Not selected
NTP3BKS,YES,YES,NO,DATA_AVAILABLE,NO,DATA_ONLY,Not selected
NTP3F,YES,YES,NO,DATA_AVAILABLE,NO,DATA_ONLY,Not selected
NTP4F,YES,YES,NO,DATA_AVAILABLE,NO,DATA_ONLY,Not selected
NTP981-3K,YES,YES,NO,DATA_AVAILABLE,NO,DATA_ONLY,Not selected
NTP982,YES,YES,NO,DATA_AVAILABLE,NO,DATA_ONLY,Not selected
NTP982-2K,YES,YES,NO,DATA_AVAILABLE,NO,DATA_ONLY,Not selected
NTP983,YES,YES,NO,DATA_AVAILABLE,NO,DATA_ONLY,Not selected
NTP983-2K,YES,YES,NO,DATA_AVAILABLE,NO,DATA_ONLY,Not selected
NTP984,YES,YES,NO,DATA_AVAILABLE,NO,DATA_ONLY,Not selected
NTP984-4K,YES,YES,NO,DATA_AVAILABLE,NO,DATA_ONLY,Not selected
NTP985,YES,YES,NO,DATA_AVAILABLE,NO,DATA_ONLY,Not selected
NTP985-4K,YES,YES,NO,DATA_AVAILABLE,NO,DATA_ONLY,Not selected
NTP985-8K,YES,YES,NO,DATA_AVAILABLE,NO,DATA_ONLY,Not selected
NTP986,YES,YES,NO,DATA_AVAILABLE,NO,DATA_ONLY,Not selected
NTP986-3K,YES,YES,NO,DATA_AVAILABLE,NO,DATA_ONLY,Not selected
NTP986-4K,YES,YES,NO,DATA_AVAILABLE,NO,DATA_ONLY,Not selected
NTP987-3K,YES,YES,NO,DATA_AVAILABLE,NO,DATA_ONLY,Not selected
NTP987-5K,YES,YES,NO,DATA_AVAILABLE,NO,DATA_ONLY,Not selected
NTP987-6K,YES,YES,NO,DATA_AVAILABLE,NO,DATA_ONLY,Not selected
NTP987-8K,YES,YES,NO,DATA_AVAILABLE,NO,DATA_ONLY,Not selected
NTP988-3K,YES,YES,NO,DATA_AVAILABLE,NO,DATA_ONLY,Not selected
NTPS09CK,YES,YES,NO,DATA_AVAILABLE,NO,DATA_ONLY,Not selected
NTPYT-01,YES,YES,NO,DATA_AVAILABLE,NO,DATA_ONLY,Not selected
NTTP1800C,YES,YES,NO,DATA_AVAILABLE,NO,DATA_ONLY,Not selected
O06,YES,YES,NO,DATA_AVAILABLE,NO,DATA_ONLY,Not selected
O81,YES,YES,NO,DATA_AVAILABLE,NO,DATA_ONLY,Not selected
OD1200A,YES,YES,NO,DATA_AVAILABLE,NO,DATA_ONLY,Not selected
OD1200C,YES,YES,NO,DATA_AVAILABLE,NO,DATA_ONLY,Not selected
OD1200D,YES,YES,NO,DATA_AVAILABLE,NO,DATA_ONLY,Not selected
OD1200E,YES,YES,NO,DATA_AVAILABLE,NO,DATA_ONLY,Not selected
OD1200F,YES,YES,NO,DATA_AVAILABLE,NO,DATA_ONLY,Not selected
OD1200G,YES,YES,NO,DATA_AVAILABLE,NO,DATA_ONLY,Not selected
PC01,YES,YES,NO,DATA_AVAILABLE,NO,DATA_ONLY,Not selected
PC14,YES,YES,NO,DATA_AVAILABLE,NO,DATA_ONLY,Not selected
PC1S,YES,YES,NO,DATA_AVAILABLE,NO,DATA_ONLY,Not selected
PC202N,YES,YES,NO,DATA_AVAILABLE,NO,DATA_ONLY,Not selected
PC202T1,YES,YES,NO,DATA_AVAILABLE,NO,DATA_ONLY,Not selected
PC202T9,YES,YES,NO,DATA_AVAILABLE,NO,DATA_ONLY,Not selected
PC202Y3,YES,YES,NO,DATA_AVAILABLE,NO,DATA_ONLY,Not selected
PC203N,YES,YES,NO,PREPARED,NO,DATA_ONLY,Not selected
PC203T1,YES,YES,NO,DATA_AVAILABLE,NO,DATA_ONLY,Not selected
PC203T9,YES,YES,NO,PREPARED,NO,DATA_ONLY,Not selected
PC203Y3,YES,YES,NO,PREPARED,NO,DATA_ONLY,Not selected
PC204N,YES,YES,NO,PREPARED,NO,DATA_ONLY,Not selected
PC204T1,YES,YES,NO,DATA_AVAILABLE,NO,DATA_ONLY,Not selected
PC204T9,YES,YES,NO,PREPARED,NO,DATA_ONLY,Not selected
PC204Y3,YES,YES,NO,PREPARED,NO,DATA_ONLY,Not selected
PC205T1,YES,YES,NO,DATA_AVAILABLE,NO,DATA_ONLY,Not selected
PC205T9,YES,YES,NO,PREPARED,NO,DATA_ONLY,Not selected
PC205Y3,YES,YES,NO,PREPARED,NO,DATA_ONLY,Not selected
PC2S,YES,YES,NO,DATA_AVAILABLE,NO,DATA_ONLY,Not selected
PC51,YES,YES,NO,DATA_AVAILABLE,NO,DATA_ONLY,Not selected
PC52,YES,YES,NO,DATA_AVAILABLE,NO,DATA_ONLY,Not selected
PHONG_CHAY_CHUA_CHAY_AM_TUONG,YES,YES,NO,DATA_AVAILABLE,NO,DATA_ONLY,Not selected
PI116K1C1,YES,YES,NO,DATA_AVAILABLE,NO,DATA_ONLY,Not selected
PI116K1DT,YES,YES,NO,DATA_AVAILABLE,NO,DATA_ONLY,Not selected
PI116KDT88,YES,YES,NO,DATA_AVAILABLE,NO,DATA_ONLY,Not selected
PI56,YES,YES,NO,DATA_AVAILABLE,NO,DATA_ONLY,Not selected
PI56KDT77K,YES,YES,NO,DATA_AVAILABLE,NO,DATA_ONLY,Not selected
PI86K1C1,YES,YES,NO,DATA_AVAILABLE,NO,DATA_ONLY,Not selected
PI86K1DT,YES,YES,NO,DATA_AVAILABLE,NO,DATA_ONLY,Not selected
PI86KDT88,YES,YES,NO,DATA_AVAILABLE,NO,DATA_ONLY,Not selected
PS01-2,YES,YES,NO,DATA_AVAILABLE,NO,DATA_ONLY,Not selected
PS01-3,YES,YES,NO,DATA_AVAILABLE,NO,DATA_ONLY,Not selected
PS01-4,YES,YES,NO,DATA_AVAILABLE,NO,DATA_ONLY,Not selected
PS01-5,YES,YES,NO,DATA_AVAILABLE,NO,DATA_ONLY,Not selected
QA4S,YES,YES,NO,DATA_AVAILABLE,NO,DATA_ONLY,Not selected
SB01,YES,YES,NO,DATA_AVAILABLE,NO,DATA_ONLY,Not selected
SB03,YES,YES,NO,DATA_AVAILABLE,NO,DATA_ONLY,Not selected
SB04,YES,YES,NO,DATA_AVAILABLE,NO,DATA_ONLY,Not selected
SB06,YES,YES,NO,DATA_AVAILABLE,NO,DATA_ONLY,Not selected
SB07,YES,YES,NO,DATA_AVAILABLE,NO,DATA_ONLY,Not selected
SB14,YES,YES,NO,DATA_AVAILABLE,NO,DATA_ONLY,Not selected
SB15,YES,YES,NO,DATA_AVAILABLE,NO,DATA_ONLY,Not selected
SB29,YES,YES,NO,DATA_AVAILABLE,NO,DATA_ONLY,Not selected
SB30,YES,YES,NO,DATA_AVAILABLE,NO,DATA_ONLY,Not selected
SB31,YES,YES,NO,DATA_AVAILABLE,NO,DATA_ONLY,Not selected
SB32,YES,YES,NO,DATA_AVAILABLE,NO,DATA_ONLY,Not selected
SB36,YES,YES,NO,DATA_AVAILABLE,NO,DATA_ONLY,Not selected
SB37,YES,YES,NO,DATA_AVAILABLE,NO,DATA_ONLY,Not selected
SB510,YES,YES,NO,DATA_AVAILABLE,NO,DATA_ONLY,Not selected
SB510K,YES,YES,NO,DATA_AVAILABLE,NO,DATA_ONLY,Not selected
SB61,YES,YES,NO,DATA_AVAILABLE,NO,DATA_ONLY,Not selected
SB62,YES,YES,NO,DATA_AVAILABLE,NO,DATA_ONLY,Not selected
SB63,YES,YES,NO,DATA_AVAILABLE,NO,DATA_ONLY,Not selected
SC02T,YES,YES,NO,DATA_AVAILABLE,NO,DATA_ONLY,Not selected
SC03K,YES,YES,NO,DATA_AVAILABLE,NO,DATA_ONLY,Not selected
SC06T,YES,YES,NO,DATA_AVAILABLE,NO,DATA_ONLY,Not selected
SC06Y,YES,YES,NO,DATA_AVAILABLE,NO,DATA_ONLY,Not selected
SC07T,YES,YES,NO,DATA_AVAILABLE,NO,DATA_ONLY,Not selected
SC08,YES,YES,NO,PREPARED,NO,DATA_ONLY,Not selected
SC09,YES,YES,NO,PREPARED,NO,DATA_ONLY,Not selected
SC10,YES,YES,NO,PREPARED,NO,DATA_ONLY,Not selected
SD01,YES,YES,NO,DATA_AVAILABLE,NO,DATA_ONLY,Not selected
SD08,YES,YES,NO,DATA_AVAILABLE,NO,DATA_ONLY,Not selected
SD15,YES,YES,NO,DATA_AVAILABLE,NO,DATA_ONLY,Not selected
SD15L,YES,YES,NO,DATA_AVAILABLE,NO,DATA_ONLY,Not selected
SF01,YES,YES,NO,PREPARED,NO,DATA_ONLY,Not selected
SF01-1,YES,YES,NO,PREPARED,NO,DATA_ONLY,Not selected
SF01-3,YES,YES,NO,PREPARED,NO,DATA_ONLY,Not selected
SF02,YES,YES,NO,PREPARED,NO,DATA_ONLY,Not selected
SF02-1,YES,YES,NO,PREPARED,NO,DATA_ONLY,Not selected
SF02-3,YES,YES,NO,PREPARED,NO,DATA_ONLY,Not selected
SF03,YES,YES,NO,PREPARED,NO,DATA_ONLY,Not selected
SF03-1,YES,YES,NO,PREPARED,NO,DATA_ONLY,Not selected
SF03-3,YES,YES,NO,PREPARED,NO,DATA_ONLY,Not selected
SF05,YES,YES,NO,PREPARED,NO,DATA_ONLY,Not selected
SF05-1,YES,YES,NO,PREPARED,NO,ADD_RELEASE_01,Selected prepared group
SF05-3,YES,YES,NO,PREPARED,NO,ADD_RELEASE_01,Selected prepared group
SF101A,YES,YES,NO,DATA_AVAILABLE,NO,DATA_ONLY,Not selected
SF101A-4,YES,YES,NO,PREPARED,NO,DATA_ONLY,Not selected
SF102,YES,YES,NO,DATA_AVAILABLE,NO,DATA_ONLY,Not selected
SF107A,YES,YES,NO,DATA_AVAILABLE,NO,DATA_ONLY,Not selected
SF107A-4,YES,YES,NO,PREPARED,NO,DATA_ONLY,Not selected
SF108A,YES,YES,NO,DATA_AVAILABLE,NO,DATA_ONLY,Not selected
SF11,YES,YES,NO,PREPARED,NO,ADD_RELEASE_01,Selected prepared group
SF11-1,YES,YES,NO,PREPARED,NO,ADD_RELEASE_01,Selected prepared group
SF11-3,YES,YES,NO,PREPARED,NO,ADD_RELEASE_01,Selected prepared group
SF110,YES,YES,NO,DATA_AVAILABLE,NO,DATA_ONLY,Not selected
SF113A,YES,YES,NO,DATA_AVAILABLE,NO,DATA_ONLY,Not selected
SF115A,YES,YES,NO,DATA_AVAILABLE,NO,DATA_ONLY,Not selected
SF12,YES,YES,NO,PREPARED,NO,ADD_RELEASE_01,Selected prepared group
SF12-1,YES,YES,NO,PREPARED,NO,ADD_RELEASE_01,Selected prepared group
SF12-3,YES,YES,NO,PREPARED,NO,ADD_RELEASE_01,Selected prepared group
SF125A,YES,YES,NO,DATA_AVAILABLE,NO,DATA_ONLY,Not selected
SF125A-4,YES,YES,NO,DATA_AVAILABLE,NO,DATA_ONLY,Not selected
SF130A,YES,YES,NO,DATA_AVAILABLE,NO,DATA_ONLY,Not selected
SF131A-3,YES,YES,NO,DATA_AVAILABLE,NO,DATA_ONLY,Not selected
SF131A-4,YES,YES,NO,DATA_AVAILABLE,NO,DATA_ONLY,Not selected
SF132A-3,YES,YES,NO,DATA_AVAILABLE,NO,DATA_ONLY,Not selected
SF132A-4,YES,YES,NO,DATA_AVAILABLE,NO,DATA_ONLY,Not selected
SF137,YES,YES,NO,DATA_AVAILABLE,NO,DATA_ONLY,Not selected
SF138,YES,YES,NO,DATA_AVAILABLE,NO,DATA_ONLY,Not selected
SF139,YES,YES,NO,DATA_AVAILABLE,NO,DATA_ONLY,Not selected
SF202,YES,YES,NO,DATA_AVAILABLE,NO,DATA_ONLY,Not selected
SF203-1,YES,YES,NO,DATA_AVAILABLE,NO,DATA_ONLY,Not selected
SF203-2,YES,YES,NO,DATA_AVAILABLE,NO,DATA_ONLY,Not selected
SF203-3,YES,YES,NO,DATA_AVAILABLE,NO,DATA_ONLY,Not selected
SF21,YES,YES,NO,PREPARED,NO,ADD_RELEASE_01,Selected prepared group
SF21-1,YES,YES,NO,PREPARED,NO,ADD_RELEASE_01,Selected prepared group
SF21-3,YES,YES,NO,PREPARED,NO,ADD_RELEASE_01,Selected prepared group
SF23,YES,YES,NO,PREPARED,NO,ADD_RELEASE_01,Selected prepared group
SF23-1,YES,YES,NO,PREPARED,NO,ADD_RELEASE_01,Selected prepared group
SF23-3,YES,YES,NO,PREPARED,NO,ADD_RELEASE_01,Selected prepared group
SF306A-1,YES,YES,NO,DATA_AVAILABLE,NO,DATA_ONLY,Not selected
SF306A-2,YES,YES,NO,PREPARED,NO,DATA_ONLY,Not selected
SF306A-3,YES,YES,NO,PREPARED,NO,DATA_ONLY,Not selected
SF31,YES,YES,NO,PREPARED,NO,ADD_RELEASE_01,Selected prepared group
SF31-1,YES,YES,NO,PREPARED,NO,ADD_RELEASE_01,Selected prepared group
SF31-3,YES,YES,NO,PREPARED,NO,ADD_RELEASE_01,Selected prepared group
SF311A-3,YES,YES,NO,DATA_AVAILABLE,NO,DATA_ONLY,Not selected
SF312-1,YES,YES,NO,DATA_AVAILABLE,NO,DATA_ONLY,Not selected
SF312-2,YES,YES,NO,PREPARED,NO,DATA_ONLY,Not selected
SF312-3,YES,YES,NO,PREPARED,NO,DATA_ONLY,Not selected
SF313-1,YES,YES,NO,DATA_AVAILABLE,NO,DATA_ONLY,Not selected
SF313-2,YES,YES,NO,PREPARED,NO,DATA_ONLY,Not selected
SF313-3,YES,YES,NO,PREPARED,NO,DATA_ONLY,Not selected
SF317-3,YES,YES,NO,DATA_AVAILABLE,NO,DATA_ONLY,Not selected
SF318-3,YES,YES,NO,DATA_AVAILABLE,NO,DATA_ONLY,Not selected
SF319-3,YES,YES,NO,DATA_AVAILABLE,NO,DATA_ONLY,Not selected
SF32,YES,YES,NO,PREPARED,NO,ADD_RELEASE_01,Selected prepared group
SF32-1,YES,YES,NO,PREPARED,NO,ADD_RELEASE_01,Selected prepared group
SF32-3,YES,YES,NO,PREPARED,NO,ADD_RELEASE_01,Selected prepared group
SF320-1,YES,YES,NO,DATA_AVAILABLE,NO,DATA_ONLY,Not selected
SF320-3,YES,YES,NO,DATA_AVAILABLE,NO,DATA_ONLY,Not selected
SF322-1,YES,YES,NO,DATA_AVAILABLE,NO,DATA_ONLY,Not selected
SF33,YES,YES,NO,PREPARED,NO,DATA_ONLY,Not selected
SF33-1,YES,YES,NO,PREPARED,NO,DATA_ONLY,Not selected
SF33-3,YES,YES,NO,PREPARED,NO,DATA_ONLY,Not selected
SF34,YES,YES,NO,PREPARED,NO,DATA_ONLY,Not selected
SF34-1,YES,YES,NO,PREPARED,NO,DATA_ONLY,Not selected
SF34-3,YES,YES,NO,PREPARED,NO,DATA_ONLY,Not selected
SF35,YES,YES,NO,PREPARED,NO,DATA_ONLY,Not selected
SF35-1,YES,YES,NO,PREPARED,NO,DATA_ONLY,Not selected
SF35-3,YES,YES,NO,PREPARED,NO,DATA_ONLY,Not selected
SF36,YES,YES,NO,PREPARED,NO,DATA_ONLY,Not selected
SF36-1,YES,YES,NO,DATA_AVAILABLE,NO,DATA_ONLY,Not selected
SF36-3,YES,YES,NO,DATA_AVAILABLE,NO,DATA_ONLY,Not selected
SF37,YES,YES,NO,DATA_AVAILABLE,NO,DATA_ONLY,Not selected
SF37-1,YES,YES,NO,DATA_AVAILABLE,NO,DATA_ONLY,Not selected
SF37-3,YES,YES,NO,DATA_AVAILABLE,NO,DATA_ONLY,Not selected
SF38,YES,YES,NO,DATA_AVAILABLE,NO,DATA_ONLY,Not selected
SF38-1,YES,YES,NO,DATA_AVAILABLE,NO,DATA_ONLY,Not selected
SF38-3,YES,YES,NO,DATA_AVAILABLE,NO,DATA_ONLY,Not selected
SF39,YES,YES,NO,DATA_AVAILABLE,NO,DATA_ONLY,Not selected
SF39-1,YES,YES,NO,DATA_AVAILABLE,NO,DATA_ONLY,Not selected
SF39-3,YES,YES,NO,DATA_AVAILABLE,NO,DATA_ONLY,Not selected
SF401-3,YES,YES,NO,DATA_AVAILABLE,NO,DATA_ONLY,Not selected
SF401-4,YES,YES,NO,DATA_AVAILABLE,NO,DATA_ONLY,Not selected
SF402-3,YES,YES,NO,DATA_AVAILABLE,NO,DATA_ONLY,Not selected
SF402-4,YES,YES,NO,DATA_AVAILABLE,NO,DATA_ONLY,Not selected
SF403-3,YES,YES,NO,DATA_AVAILABLE,NO,DATA_ONLY,Not selected
SF404-3,YES,YES,NO,DATA_AVAILABLE,NO,DATA_ONLY,Not selected
SF404-4,YES,YES,NO,DATA_AVAILABLE,NO,DATA_ONLY,Not selected
SF405-3,YES,YES,NO,DATA_AVAILABLE,NO,DATA_ONLY,Not selected
SF46,YES,YES,NO,DATA_AVAILABLE,NO,DATA_ONLY,Not selected
SF47-3,YES,YES,NO,DATA_AVAILABLE,NO,DATA_ONLY,Not selected
SF47-4,YES,YES,NO,DATA_AVAILABLE,NO,DATA_ONLY,Not selected
SF48-3,YES,YES,NO,DATA_AVAILABLE,NO,DATA_ONLY,Not selected
SF48A-1,YES,YES,NO,DATA_AVAILABLE,NO,DATA_ONLY,Not selected
SF49-3,YES,YES,NO,DATA_AVAILABLE,NO,DATA_ONLY,Not selected
SF49-4,YES,YES,NO,DATA_AVAILABLE,NO,DATA_ONLY,Not selected
SF501,YES,YES,NO,DATA_AVAILABLE,NO,DATA_ONLY,Not selected
SF502,YES,YES,NO,DATA_AVAILABLE,NO,DATA_ONLY,Not selected
SF504-3,YES,YES,NO,DATA_AVAILABLE,NO,DATA_ONLY,Not selected
SF505-3,YES,YES,NO,DATA_AVAILABLE,NO,DATA_ONLY,Not selected
SF505-4,YES,YES,NO,DATA_AVAILABLE,NO,DATA_ONLY,Not selected
SF507-1,YES,YES,NO,PREPARED,NO,DATA_ONLY,Not selected
SF507-3,YES,YES,NO,PREPARED,NO,DATA_ONLY,Not selected
SF508-1,YES,YES,NO,DATA_AVAILABLE,NO,DATA_ONLY,Not selected
SF508-2,YES,YES,NO,PREPARED,NO,DATA_ONLY,Not selected
SF508-3,YES,YES,NO,PREPARED,NO,DATA_ONLY,Not selected
SF509,YES,YES,NO,DATA_AVAILABLE,NO,DATA_ONLY,Not selected
SF511-1,YES,YES,NO,DATA_AVAILABLE,NO,DATA_ONLY,Not selected
SF511-2,YES,YES,NO,PREPARED,NO,DATA_ONLY,Not selected
SF511-3,YES,YES,NO,PREPARED,NO,DATA_ONLY,Not selected
SF513-3,YES,YES,NO,DATA_AVAILABLE,NO,DATA_ONLY,Not selected
SF513-4,YES,YES,NO,DATA_AVAILABLE,NO,DATA_ONLY,Not selected
SF516-3,YES,YES,NO,DATA_AVAILABLE,NO,DATA_ONLY,Not selected
SF601-3,YES,YES,NO,DATA_AVAILABLE,NO,DATA_ONLY,Not selected
SF601-4,YES,YES,NO,DATA_AVAILABLE,NO,DATA_ONLY,Not selected
SF602-3,YES,YES,NO,DATA_AVAILABLE,NO,DATA_ONLY,Not selected
SF602-4,YES,YES,NO,DATA_AVAILABLE,NO,DATA_ONLY,Not selected
SF61,YES,YES,NO,DATA_AVAILABLE,NO,DATA_ONLY,Not selected
SF61-4,YES,YES,NO,PREPARED,NO,DATA_ONLY,Not selected
SF62,YES,YES,NO,DATA_AVAILABLE,NO,DATA_ONLY,Not selected
SF62-4,YES,YES,NO,PREPARED,NO,DATA_ONLY,Not selected
SF63,YES,YES,NO,DATA_AVAILABLE,NO,DATA_ONLY,Not selected
SF63-4,YES,YES,NO,PREPARED,NO,DATA_ONLY,Not selected
SF66A-3,YES,YES,NO,DATA_AVAILABLE,NO,DATA_ONLY,Not selected
SF66A-4,YES,YES,NO,PREPARED,NO,DATA_ONLY,Not selected
SF67,YES,YES,NO,DATA_AVAILABLE,NO,DATA_ONLY,Not selected
SF67-4,YES,YES,NO,PREPARED,NO,DATA_ONLY,Not selected
SF69-3,YES,YES,NO,DATA_AVAILABLE,NO,DATA_ONLY,Not selected
SF69-4,YES,YES,NO,PREPARED,NO,DATA_ONLY,Not selected
SF70,YES,YES,NO,DATA_AVAILABLE,NO,DATA_ONLY,Not selected
SF701,YES,YES,NO,DATA_AVAILABLE,NO,DATA_ONLY,Not selected
SF701-1,YES,YES,NO,DATA_AVAILABLE,NO,DATA_ONLY,Not selected
SF701-3,YES,YES,NO,DATA_AVAILABLE,NO,DATA_ONLY,Not selected
SF702,YES,YES,NO,DATA_AVAILABLE,NO,DATA_ONLY,Not selected
SF702-1,YES,YES,NO,DATA_AVAILABLE,NO,DATA_ONLY,Not selected
SF702-3,YES,YES,NO,DATA_AVAILABLE,NO,DATA_ONLY,Not selected
SF703,YES,YES,NO,DATA_AVAILABLE,NO,DATA_ONLY,Not selected
SF703-1,YES,YES,NO,DATA_AVAILABLE,NO,DATA_ONLY,Not selected
SF703-3,YES,YES,NO,DATA_AVAILABLE,NO,DATA_ONLY,Not selected
SF704,YES,YES,NO,DATA_AVAILABLE,NO,DATA_ONLY,Not selected
SF704-1,YES,YES,NO,DATA_AVAILABLE,NO,DATA_ONLY,Not selected
SF704-3,YES,YES,NO,DATA_AVAILABLE,NO,DATA_ONLY,Not selected
SF705,YES,YES,NO,DATA_AVAILABLE,NO,DATA_ONLY,Not selected
SF705-1,YES,YES,NO,DATA_AVAILABLE,NO,DATA_ONLY,Not selected
SF705-3,YES,YES,NO,DATA_AVAILABLE,NO,DATA_ONLY,Not selected
SF706,YES,YES,NO,DATA_AVAILABLE,NO,DATA_ONLY,Not selected
SF706-1,YES,YES,NO,DATA_AVAILABLE,NO,DATA_ONLY,Not selected
SF706-3,YES,YES,NO,DATA_AVAILABLE,NO,DATA_ONLY,Not selected
SF71,YES,YES,NO,DATA_AVAILABLE,NO,DATA_ONLY,Not selected
SF712-1,YES,YES,NO,DATA_AVAILABLE,NO,DATA_ONLY,Not selected
SF712-3,YES,YES,NO,DATA_AVAILABLE,NO,DATA_ONLY,Not selected
SF80,YES,YES,NO,DATA_AVAILABLE,NO,DATA_ONLY,Not selected
SF80-1,YES,YES,NO,DATA_AVAILABLE,NO,DATA_ONLY,Not selected
SF80-3,YES,YES,NO,DATA_AVAILABLE,NO,DATA_ONLY,Not selected
SF81-1,YES,YES,NO,DATA_AVAILABLE,NO,DATA_ONLY,Not selected
SF81-2,YES,YES,NO,DATA_AVAILABLE,NO,DATA_ONLY,Not selected
SF81-3,YES,YES,NO,DATA_AVAILABLE,NO,DATA_ONLY,Not selected
SFD01,YES,YES,NO,DATA_AVAILABLE,NO,DATA_ONLY,Not selected
SFD02,YES,YES,NO,DATA_AVAILABLE,NO,DATA_ONLY,Not selected
SFD03,YES,YES,NO,DATA_AVAILABLE,NO,DATA_ONLY,Not selected
SFD46,YES,YES,NO,DATA_AVAILABLE,NO,DATA_ONLY,Not selected
SFD507,YES,YES,NO,DATA_AVAILABLE,NO,DATA_ONLY,Not selected
SG1020,YES,YES,NO,DATA_AVAILABLE,NO,DATA_ONLY,Not selected
SG1020B,YES,YES,NO,DATA_AVAILABLE,NO,DATA_ONLY,Not selected
SG130,YES,YES,NO,DATA_AVAILABLE,NO,DATA_ONLY,Not selected
SG130K,YES,YES,NO,DATA_AVAILABLE,NO,DATA_ONLY,Not selected
SG1425,YES,YES,NO,DATA_AVAILABLE,NO,DATA_ONLY,Not selected
SG216,YES,YES,NO,DATA_AVAILABLE,NO,DATA_ONLY,Not selected
SG225,YES,YES,NO,DATA_AVAILABLE,NO,DATA_ONLY,Not selected
SG350,YES,YES,NO,DATA_AVAILABLE,NO,DATA_ONLY,Not selected
SG350B,YES,YES,NO,DATA_AVAILABLE,NO,DATA_ONLY,Not selected
SG502,YES,YES,NO,DATA_AVAILABLE,NO,DATA_ONLY,Not selected
SG528,YES,YES,NO,DATA_AVAILABLE,NO,DATA_ONLY,Not selected
SG529,YES,YES,NO,DATA_AVAILABLE,NO,DATA_ONLY,Not selected
SG532,YES,YES,NO,DATA_AVAILABLE,NO,DATA_ONLY,Not selected
SG550,YES,YES,NO,DATA_AVAILABLE,NO,DATA_ONLY,Not selected
SG550K,YES,YES,NO,DATA_AVAILABLE,NO,DATA_ONLY,Not selected
SG555,YES,YES,NO,DATA_AVAILABLE,NO,DATA_ONLY,Not selected
SG555K,YES,YES,NO,DATA_AVAILABLE,NO,DATA_ONLY,Not selected
SG601,YES,YES,NO,DATA_AVAILABLE,NO,DATA_ONLY,Not selected
SG602,YES,YES,NO,DATA_AVAILABLE,NO,DATA_ONLY,Not selected
SG603,YES,YES,NO,DATA_AVAILABLE,NO,DATA_ONLY,Not selected
SG606,YES,YES,NO,DATA_AVAILABLE,NO,DATA_ONLY,Not selected
SG607,YES,YES,NO,DATA_AVAILABLE,NO,DATA_ONLY,Not selected
SG608,YES,YES,NO,DATA_AVAILABLE,NO,DATA_ONLY,Not selected
SG669,YES,YES,NO,DATA_AVAILABLE,NO,DATA_ONLY,Not selected
SG669B,YES,YES,NO,DATA_AVAILABLE,NO,DATA_ONLY,Not selected
SG702,YES,YES,NO,DATA_AVAILABLE,NO,DATA_ONLY,Not selected
SG702B,YES,YES,NO,DATA_AVAILABLE,NO,DATA_ONLY,Not selected
SG704,YES,YES,NO,DATA_AVAILABLE,NO,DATA_ONLY,Not selected
SG704B,YES,YES,NO,DATA_AVAILABLE,NO,DATA_ONLY,Not selected
SG710,YES,YES,NO,DATA_AVAILABLE,NO,DATA_ONLY,Not selected
SG711,YES,YES,NO,DATA_AVAILABLE,NO,DATA_ONLY,Not selected
SG712,YES,YES,NO,DATA_AVAILABLE,NO,DATA_ONLY,Not selected
SG718,YES,YES,NO,DATA_AVAILABLE,NO,DATA_ONLY,Not selected
SG721,YES,YES,NO,DATA_AVAILABLE,NO,DATA_ONLY,Not selected
SG811,YES,YES,NO,DATA_AVAILABLE,NO,DATA_ONLY,Not selected
SG901,YES,YES,NO,DATA_AVAILABLE,NO,DATA_ONLY,Not selected
SG903,YES,YES,NO,DATA_AVAILABLE,NO,DATA_ONLY,Not selected
SG904,YES,YES,NO,DATA_AVAILABLE,NO,DATA_ONLY,Not selected
SG905,YES,YES,NO,DATA_AVAILABLE,NO,DATA_ONLY,Not selected
SG908,YES,YES,NO,DATA_AVAILABLE,NO,DATA_ONLY,Not selected
SG909,YES,YES,NO,DATA_AVAILABLE,NO,DATA_ONLY,Not selected
SG910,YES,YES,NO,DATA_AVAILABLE,NO,DATA_ONLY,Not selected
SG912,YES,YES,NO,DATA_AVAILABLE,NO,DATA_ONLY,Not selected
SG915,YES,YES,NO,DATA_AVAILABLE,NO,DATA_ONLY,Not selected
SG921,YES,YES,NO,DATA_AVAILABLE,NO,DATA_ONLY,Not selected
SG922,YES,YES,NO,DATA_AVAILABLE,NO,DATA_ONLY,Not selected
SG924,YES,YES,NO,DATA_AVAILABLE,NO,DATA_ONLY,Not selected
SG925,YES,YES,NO,DATA_AVAILABLE,NO,DATA_ONLY,Not selected
SG926,YES,YES,NO,DATA_AVAILABLE,NO,DATA_ONLY,Not selected
SG927,YES,YES,NO,DATA_AVAILABLE,NO,DATA_ONLY,Not selected
SG928,YES,YES,NO,DATA_AVAILABLE,NO,DATA_ONLY,Not selected
SG929,YES,YES,NO,DATA_AVAILABLE,NO,DATA_ONLY,Not selected
SG930,YES,YES,NO,DATA_AVAILABLE,NO,DATA_ONLY,Not selected
SG931,YES,YES,NO,DATA_AVAILABLE,NO,DATA_ONLY,Not selected
SG932,YES,YES,NO,DATA_AVAILABLE,NO,DATA_ONLY,Not selected
SG933,YES,YES,NO,DATA_AVAILABLE,NO,DATA_ONLY,Not selected
SG938,YES,YES,NO,DATA_AVAILABLE,NO,DATA_ONLY,Not selected
SG939,YES,YES,NO,DATA_AVAILABLE,NO,DATA_ONLY,Not selected
SG9700,YES,YES,NO,DATA_AVAILABLE,NO,DATA_ONLY,Not selected
SL216S,YES,YES,NO,DATA_AVAILABLE,NO,DATA_ONLY,Not selected
SL225S,YES,YES,NO,DATA_AVAILABLE,NO,DATA_ONLY,Not selected
SL601S,YES,YES,NO,DATA_AVAILABLE,NO,DATA_ONLY,Not selected
SL603M,YES,YES,NO,DATA_AVAILABLE,NO,DATA_ONLY,Not selected
SL606,YES,YES,NO,DATA_AVAILABLE,NO,DATA_ONLY,Not selected
SL607,YES,YES,NO,DATA_AVAILABLE,NO,DATA_ONLY,Not selected
SL710S,YES,YES,NO,DATA_AVAILABLE,NO,DATA_ONLY,Not selected
SL711S,YES,YES,NO,DATA_AVAILABLE,NO,DATA_ONLY,Not selected
SL712S,YES,YES,NO,DATA_AVAILABLE,NO,DATA_ONLY,Not selected
SL718M,YES,YES,NO,DATA_AVAILABLE,NO,DATA_ONLY,Not selected
SL719M,YES,YES,NO,DATA_AVAILABLE,NO,DATA_ONLY,Not selected
SL721M,YES,YES,NO,DATA_AVAILABLE,NO,DATA_ONLY,Not selected
SL811M,YES,YES,NO,DATA_AVAILABLE,NO,DATA_ONLY,Not selected
SL901,YES,YES,NO,DATA_AVAILABLE,NO,DATA_ONLY,Not selected
SL903,YES,YES,NO,DATA_AVAILABLE,NO,DATA_ONLY,Not selected
SL904,YES,YES,NO,DATA_AVAILABLE,NO,DATA_ONLY,Not selected
SL905,YES,YES,NO,DATA_AVAILABLE,NO,DATA_ONLY,Not selected
SL906,YES,YES,NO,DATA_AVAILABLE,NO,DATA_ONLY,Not selected
SL908,YES,YES,NO,DATA_AVAILABLE,NO,DATA_ONLY,Not selected
SL926,YES,YES,NO,DATA_AVAILABLE,NO,DATA_ONLY,Not selected
SL933,YES,YES,NO,DATA_AVAILABLE,NO,DATA_ONLY,Not selected
SL9700M,YES,YES,NO,DATA_AVAILABLE,NO,DATA_ONLY,Not selected
ST120C16,YES,YES,NO,DATA_AVAILABLE,NO,DATA_ONLY,Not selected
ST120HLC16,YES,YES,NO,DATA_AVAILABLE,NO,DATA_ONLY,Not selected
ST120SC16,YES,YES,NO,DATA_AVAILABLE,NO,DATA_ONLY,Not selected
ST120SHLC16,YES,YES,NO,DATA_AVAILABLE,NO,DATA_ONLY,Not selected
ST140C16,YES,YES,NO,DATA_AVAILABLE,NO,DATA_ONLY,Not selected
ST140HLC16,YES,YES,NO,DATA_AVAILABLE,NO,DATA_ONLY,Not selected
ST140SC16,YES,YES,NO,DATA_AVAILABLE,NO,DATA_ONLY,Not selected
ST140SHLC16,YES,YES,NO,DATA_AVAILABLE,NO,DATA_ONLY,Not selected
ST160C16,YES,YES,NO,DATA_AVAILABLE,NO,DATA_ONLY,Not selected
ST2420,YES,YES,NO,DATA_AVAILABLE,NO,DATA_ONLY,Not selected
STH1810C16,YES,YES,NO,DATA_AVAILABLE,NO,DATA_ONLY,Not selected
STH2010C16,YES,YES,NO,DATA_AVAILABLE,NO,DATA_ONLY,Not selected
STH2412C16,YES,YES,NO,DATA_AVAILABLE,NO,DATA_ONLY,Not selected
STMD01-4C16,YES,YES,NO,DATA_AVAILABLE,NO,DATA_ONLY,Not selected
STMD02-4C16,YES,YES,NO,DATA_AVAILABLE,NO,DATA_ONLY,Not selected
STMD03-2C16,YES,YES,NO,DATA_AVAILABLE,NO,DATA_ONLY,Not selected
STMD04-2C16,YES,YES,NO,DATA_AVAILABLE,NO,DATA_ONLY,Not selected
STP180C16,YES,YES,NO,DATA_AVAILABLE,NO,DATA_ONLY,Not selected
STP1880C16,YES,YES,NO,DATA_AVAILABLE,NO,DATA_ONLY,Not selected
T3B,YES,YES,NO,DATA_AVAILABLE,NO,DATA_ONLY,Not selected
T4B,YES,YES,NO,DATA_AVAILABLE,NO,DATA_ONLY,Not selected
T5B,YES,YES,NO,DATA_AVAILABLE,NO,DATA_ONLY,Not selected
T6B,YES,YES,NO,DATA_AVAILABLE,NO,DATA_ONLY,Not selected
TA102,YES,YES,NO,DATA_AVAILABLE,NO,DATA_ONLY,Not selected
TA103,YES,YES,NO,DATA_AVAILABLE,NO,DATA_ONLY,Not selected
TA202,YES,YES,NO,DATA_AVAILABLE,NO,DATA_ONLY,Not selected
TA203,YES,YES,NO,DATA_AVAILABLE,NO,DATA_ONLY,Not selected
TA2B,YES,YES,NO,DATA_AVAILABLE,NO,DATA_ONLY,Not selected
TA2B2N,YES,YES,NO,DATA_AVAILABLE,NO,DATA_ONLY,Not selected
TA301,YES,YES,NO,DATA_AVAILABLE,NO,DATA_ONLY,Not selected
TA302,YES,YES,NO,DATA_AVAILABLE,NO,DATA_ONLY,Not selected
TA304,YES,YES,NO,DATA_AVAILABLE,NO,DATA_ONLY,Not selected
TA305,YES,YES,NO,DATA_AVAILABLE,NO,DATA_ONLY,Not selected
TA307,YES,YES,NO,DATA_AVAILABLE,NO,DATA_ONLY,Not selected
TA308,YES,YES,NO,DATA_AVAILABLE,NO,DATA_ONLY,Not selected
TA3B2N,YES,YES,NO,DATA_AVAILABLE,NO,DATA_ONLY,Not selected
TA3B3N,YES,YES,NO,DATA_AVAILABLE,NO,DATA_ONLY,Not selected
TA401,YES,YES,NO,DATA_AVAILABLE,NO,DATA_ONLY,Not selected
TA402,YES,YES,NO,DATA_AVAILABLE,NO,DATA_ONLY,Not selected
TAE01,YES,YES,NO,DATA_AVAILABLE,NO,DATA_ONLY,Not selected
TAE02,YES,YES,NO,DATA_AVAILABLE,NO,DATA_ONLY,Not selected
TAE301,YES,YES,NO,DATA_AVAILABLE,NO,DATA_ONLY,Not selected
TAP102,YES,YES,NO,DATA_AVAILABLE,NO,DATA_ONLY,Not selected
TAP103,YES,YES,NO,DATA_AVAILABLE,NO,DATA_ONLY,Not selected
TAP202,YES,YES,NO,DATA_AVAILABLE,NO,DATA_ONLY,Not selected
TAP203,YES,YES,NO,DATA_AVAILABLE,NO,DATA_ONLY,Not selected
TAP301,YES,YES,NO,DATA_AVAILABLE,NO,DATA_ONLY,Not selected
TAP302,YES,YES,NO,DATA_AVAILABLE,NO,DATA_ONLY,Not selected
TAP303,YES,YES,NO,DATA_AVAILABLE,NO,DATA_ONLY,Not selected
TAP304,YES,YES,NO,DATA_AVAILABLE,NO,DATA_ONLY,Not selected
TAP305,YES,YES,NO,DATA_AVAILABLE,NO,DATA_ONLY,Not selected
TAP307,YES,YES,NO,DATA_AVAILABLE,NO,DATA_ONLY,Not selected
TAP308,YES,YES,NO,DATA_AVAILABLE,NO,DATA_ONLY,Not selected
TAP401,YES,YES,NO,DATA_AVAILABLE,NO,DATA_ONLY,Not selected
TAP402,YES,YES,NO,DATA_AVAILABLE,NO,DATA_ONLY,Not selected
TAPE01,YES,YES,NO,DATA_AVAILABLE,NO,DATA_ONLY,Not selected
TAPE02,YES,YES,NO,DATA_AVAILABLE,NO,DATA_ONLY,Not selected
TAPE301,YES,YES,NO,DATA_AVAILABLE,NO,DATA_ONLY,Not selected
TB03,YES,YES,NO,DATA_AVAILABLE,NO,DATA_ONLY,Not selected
TB03V,YES,YES,NO,DATA_AVAILABLE,NO,DATA_ONLY,Not selected
TB06,YES,YES,NO,DATA_AVAILABLE,NO,DATA_ONLY,Not selected
TB06V,YES,YES,NO,DATA_AVAILABLE,NO,DATA_ONLY,Not selected
TB09,YES,YES,NO,DATA_AVAILABLE,NO,DATA_ONLY,Not selected
TB10,YES,YES,NO,DATA_AVAILABLE,NO,DATA_ONLY,Not selected
TB21V,YES,YES,NO,DATA_AVAILABLE,NO,DATA_ONLY,Not selected
TC01B,YES,YES,NO,DATA_AVAILABLE,NO,DATA_ONLY,Not selected
TC02B,YES,YES,NO,DATA_AVAILABLE,NO,DATA_ONLY,Not selected
TC03B,YES,YES,NO,DATA_AVAILABLE,NO,DATA_ONLY,Not selected
TC04B,YES,YES,NO,DATA_AVAILABLE,NO,DATA_ONLY,Not selected
TC05,YES,YES,NO,DATA_AVAILABLE,NO,DATA_ONLY,Not selected
TC06B,YES,YES,NO,DATA_AVAILABLE,NO,DATA_ONLY,Not selected
TC07B,YES,YES,NO,DATA_AVAILABLE,NO,DATA_ONLY,Not selected
TC09,YES,YES,NO,DATA_AVAILABLE,NO,DATA_ONLY,Not selected
TC10,YES,YES,NO,DATA_AVAILABLE,NO,DATA_ONLY,Not selected
TC11,YES,YES,NO,DATA_AVAILABLE,NO,DATA_ONLY,Not selected
TC306B,YES,YES,NO,DATA_AVAILABLE,NO,DATA_ONLY,Not selected
TC310B,YES,YES,NO,DATA_AVAILABLE,NO,DATA_ONLY,Not selected
TC314,YES,YES,NO,DATA_AVAILABLE,NO,DATA_ONLY,Not selected
TC314B,YES,YES,NO,DATA_AVAILABLE,NO,DATA_ONLY,Not selected
TC336,YES,YES,NO,DATA_AVAILABLE,NO,DATA_ONLY,Not selected
TE04,YES,YES,NO,DATA_AVAILABLE,NO,DATA_ONLY,Not selected
TE05,YES,YES,NO,DATA_AVAILABLE,NO,DATA_ONLY,Not selected
TE06,YES,YES,NO,DATA_AVAILABLE,NO,DATA_ONLY,Not selected
TE07,YES,YES,NO,DATA_AVAILABLE,NO,DATA_ONLY,Not selected
TE08,YES,YES,NO,DATA_AVAILABLE,NO,DATA_ONLY,Not selected
TG01,YES,YES,NO,DATA_AVAILABLE,NO,DATA_ONLY,Not selected
TG02,YES,YES,NO,DATA_AVAILABLE,NO,DATA_ONLY,Not selected
TG03,YES,YES,NO,DATA_AVAILABLE,NO,DATA_ONLY,Not selected
TG04,YES,YES,NO,DATA_AVAILABLE,NO,DATA_ONLY,Not selected
TG05,YES,YES,NO,DATA_AVAILABLE,NO,DATA_ONLY,Not selected
TG06-2,YES,YES,NO,DATA_AVAILABLE,NO,DATA_ONLY,Not selected
TG06-3,YES,YES,NO,DATA_AVAILABLE,NO,DATA_ONLY,Not selected
TG07,YES,YES,NO,DATA_AVAILABLE,NO,DATA_ONLY,Not selected
TG301,YES,YES,NO,DATA_AVAILABLE,NO,DATA_ONLY,Not selected
TG302,YES,YES,NO,DATA_AVAILABLE,NO,DATA_ONLY,Not selected
TG304,YES,YES,NO,DATA_AVAILABLE,NO,DATA_ONLY,Not selected
TG305,YES,YES,NO,DATA_AVAILABLE,NO,DATA_ONLY,Not selected
TG306,YES,YES,NO,DATA_AVAILABLE,NO,DATA_ONLY,Not selected
TG307,YES,YES,NO,DATA_AVAILABLE,NO,DATA_ONLY,Not selected
TGA01,YES,YES,NO,DATA_AVAILABLE,NO,DATA_ONLY,Not selected
TGA01N,YES,YES,NO,DATA_AVAILABLE,NO,DATA_ONLY,Not selected
TGA01V,YES,YES,NO,DATA_AVAILABLE,NO,DATA_ONLY,Not selected
TGA02,YES,YES,NO,DATA_AVAILABLE,NO,DATA_ONLY,Not selected
TGA02V,YES,YES,NO,DATA_AVAILABLE,NO,DATA_ONLY,Not selected
TGA21,YES,YES,NO,DATA_AVAILABLE,NO,DATA_ONLY,Not selected
TGA21V,YES,YES,NO,DATA_AVAILABLE,NO,DATA_ONLY,Not selected
TGA24N,YES,YES,NO,DATA_AVAILABLE,NO,DATA_ONLY,Not selected
TGS103,YES,YES,NO,DATA_AVAILABLE,NO,DATA_ONLY,Not selected
TGS104,YES,YES,NO,DATA_AVAILABLE,NO,DATA_ONLY,Not selected
TGS105,YES,YES,NO,DATA_AVAILABLE,NO,DATA_ONLY,Not selected
TH12,YES,YES,NO,DATA_AVAILABLE,NO,DATA_ONLY,Not selected
TK100,YES,YES,NO,DATA_AVAILABLE,NO,DATA_ONLY,Not selected
TK200,YES,YES,NO,DATA_AVAILABLE,NO,DATA_ONLY,Not selected
TK60,YES,YES,NO,DATA_AVAILABLE,NO,DATA_ONLY,Not selected
TMG984-3K,YES,YES,NO,DATA_AVAILABLE,NO,DATA_ONLY,Not selected
TMG984-4K,YES,YES,NO,DATA_AVAILABLE,NO,DATA_ONLY,Not selected
TMG984-5K,YES,YES,NO,DATA_AVAILABLE,NO,DATA_ONLY,Not selected
TMG984-6K,YES,YES,NO,DATA_AVAILABLE,NO,DATA_ONLY,Not selected
TP01,YES,YES,NO,DATA_AVAILABLE,NO,DATA_ONLY,Not selected
TP02,YES,YES,NO,DATA_AVAILABLE,NO,DATA_ONLY,Not selected
TP04,YES,YES,NO,DATA_AVAILABLE,NO,DATA_ONLY,Not selected
TP05,YES,YES,NO,DATA_AVAILABLE,NO,DATA_ONLY,Not selected
TP06H1,YES,YES,NO,DATA_AVAILABLE,NO,DATA_ONLY,Not selected
TP06H2,YES,YES,NO,DATA_AVAILABLE,NO,DATA_ONLY,Not selected
TPV1,YES,YES,NO,DATA_AVAILABLE,NO,DATA_ONLY,Not selected
TPV2,YES,YES,NO,PREPARED,NO,DATA_ONLY,Not selected
TPV3,YES,YES,NO,DATA_AVAILABLE,NO,DATA_ONLY,Not selected
TPV6,YES,YES,NO,PREPARED,NO,DATA_ONLY,Not selected
TPV7,YES,YES,NO,PREPARED,NO,DATA_ONLY,Not selected
TPVM1,YES,YES,NO,DATA_AVAILABLE,NO,DATA_ONLY,Not selected
TPVM2,YES,YES,NO,DATA_AVAILABLE,NO,DATA_ONLY,Not selected
TPVM3,YES,YES,NO,DATA_AVAILABLE,NO,DATA_ONLY,Not selected
TQ01,YES,YES,NO,DATA_AVAILABLE,NO,DATA_ONLY,Not selected
TQ05,YES,YES,NO,DATA_AVAILABLE,NO,DATA_ONLY,Not selected
TQ07,YES,YES,NO,DATA_AVAILABLE,NO,DATA_ONLY,Not selected
TQ08,YES,YES,NO,DATA_AVAILABLE,NO,DATA_ONLY,Not selected
TQ09,YES,YES,NO,DATA_AVAILABLE,NO,DATA_ONLY,Not selected
TQ11,YES,YES,NO,DATA_AVAILABLE,NO,DATA_ONLY,Not selected
TQ12,YES,YES,NO,DATA_AVAILABLE,NO,DATA_ONLY,Not selected
TQ15,YES,YES,NO,DATA_AVAILABLE,NO,DATA_ONLY,Not selected
TQ16,YES,YES,NO,DATA_AVAILABLE,NO,DATA_ONLY,Not selected
TQ17,YES,YES,NO,DATA_AVAILABLE,NO,DATA_ONLY,Not selected
TQ19,YES,YES,NO,DATA_AVAILABLE,NO,DATA_ONLY,Not selected
TQ20,YES,YES,NO,DATA_AVAILABLE,NO,DATA_ONLY,Not selected
TQ21,YES,YES,NO,DATA_AVAILABLE,NO,DATA_ONLY,Not selected
TQ22,YES,YES,NO,DATA_AVAILABLE,NO,DATA_ONLY,Not selected
TQ23,YES,YES,NO,DATA_AVAILABLE,NO,DATA_ONLY,Not selected
TQ24,YES,YES,NO,DATA_AVAILABLE,NO,DATA_ONLY,Not selected
TQ26,YES,YES,NO,DATA_AVAILABLE,NO,DATA_ONLY,Not selected
TQ27,YES,YES,NO,DATA_AVAILABLE,NO,DATA_ONLY,Not selected
TQ30,YES,YES,NO,DATA_AVAILABLE,NO,DATA_ONLY,Not selected
TQ33,YES,YES,NO,DATA_AVAILABLE,NO,DATA_ONLY,Not selected
TQ34,YES,YES,NO,DATA_AVAILABLE,NO,DATA_ONLY,Not selected
TQ36,YES,YES,NO,DATA_AVAILABLE,NO,DATA_ONLY,Not selected
TQ38,YES,YES,NO,DATA_AVAILABLE,NO,DATA_ONLY,Not selected
TQ39,YES,YES,NO,DATA_AVAILABLE,NO,DATA_ONLY,Not selected
TS-08,YES,YES,NO,PREPARED,NO,ADD_RELEASE_01,Selected prepared group
TS-K3QA,YES,YES,NO,PREPARED,NO,ADD_RELEASE_01,Selected prepared group
TS-LKTK,YES,YES,NO,PREPARED,NO,ADD_RELEASE_01,Selected prepared group
TS-PCCC,YES,YES,NO,PREPARED,NO,ADD_RELEASE_01,Selected prepared group
TS-VS01,YES,YES,NO,DATA_AVAILABLE,NO,DATA_ONLY,Not selected
TS2S,YES,YES,NO,DATA_AVAILABLE,NO,DATA_ONLY,Not selected
TSMN-02CM,YES,YES,NO,PREPARED,NO,ADD_RELEASE_01,Selected prepared group
TSMN-02CMT,YES,YES,NO,PREPARED,NO,DATA_ONLY,Not selected
TSMN-08,YES,YES,NO,PREPARED,NO,DATA_ONLY,Not selected
TSMN-08CM,YES,YES,NO,PREPARED,NO,ADD_RELEASE_01,Selected prepared group
TSMN-08K,YES,YES,NO,PREPARED,NO,DATA_ONLY,Not selected
TSMN-09,YES,YES,NO,PREPARED,NO,DATA_ONLY,Not selected
TSMN-09K,YES,YES,NO,PREPARED,NO,DATA_ONLY,Not selected
TSMN-10,YES,YES,NO,DATA_AVAILABLE,NO,DATA_ONLY,Not selected
TSMN-12,YES,YES,NO,DATA_AVAILABLE,NO,DATA_ONLY,Not selected
TSMN-12K,YES,YES,NO,DATA_AVAILABLE,NO,DATA_ONLY,Not selected
TSMN-15,YES,YES,NO,DATA_AVAILABLE,NO,DATA_ONLY,Not selected
TSMN-15K,YES,YES,NO,DATA_AVAILABLE,NO,DATA_ONLY,Not selected
TSMN-16K,YES,YES,NO,DATA_AVAILABLE,NO,DATA_ONLY,Not selected
TSMN-16N,YES,YES,NO,DATA_AVAILABLE,NO,DATA_ONLY,Not selected
TSMN-18,YES,YES,NO,DATA_AVAILABLE,NO,DATA_ONLY,Not selected
TSMN-18K,YES,YES,NO,DATA_AVAILABLE,NO,DATA_ONLY,Not selected
TSMN-20,YES,YES,NO,DATA_AVAILABLE,NO,DATA_ONLY,Not selected
TSMN-20K,YES,YES,NO,DATA_AVAILABLE,NO,DATA_ONLY,Not selected
TSMN-21,YES,YES,NO,DATA_AVAILABLE,NO,DATA_ONLY,Not selected
TSMN-24,YES,YES,NO,DATA_AVAILABLE,NO,DATA_ONLY,Not selected
TSMN-25,YES,YES,NO,DATA_AVAILABLE,NO,DATA_ONLY,Not selected
TSMN-28,YES,YES,NO,DATA_AVAILABLE,NO,DATA_ONLY,Not selected
TSMN-28K,YES,YES,NO,DATA_AVAILABLE,NO,DATA_ONLY,Not selected
TSMN-30,YES,YES,NO,DATA_AVAILABLE,NO,DATA_ONLY,Not selected
TSMN-6CCC,YES,YES,NO,PREPARED,NO,ADD_RELEASE_01,Selected prepared group
TSMN-CM02,YES,YES,NO,DATA_AVAILABLE,NO,DATA_ONLY,Not selected
TSMN-CM03,YES,YES,NO,DATA_AVAILABLE,NO,DATA_ONLY,Not selected
TSMN-CM04,YES,YES,NO,DATA_AVAILABLE,NO,DATA_ONLY,Not selected
TSQA-01C,YES,YES,NO,PREPARED,NO,ADD_RELEASE_01,Selected prepared group
TSQA-02C,YES,YES,NO,PREPARED,NO,ADD_RELEASE_01,Selected prepared group
TSQA-03B,YES,YES,NO,PREPARED,NO,ADD_RELEASE_01,Selected prepared group
TSQA-03C,YES,YES,NO,PREPARED,NO,ADD_RELEASE_01,Selected prepared group
TSQA-04C,YES,YES,NO,PREPARED,NO,DATA_ONLY,Not selected
TSQA-05C,YES,YES,NO,PREPARED,NO,DATA_ONLY,Not selected
TSQA-06,YES,YES,NO,PREPARED,NO,DATA_ONLY,Not selected
TSQA-08,YES,YES,NO,PREPARED,NO,DATA_ONLY,Not selected
TSQA-10,YES,YES,NO,PREPARED,NO,DATA_ONLY,Not selected
TSQA-2B,YES,YES,NO,PREPARED,NO,ADD_RELEASE_01,Selected prepared group
TSQA-3B1K,YES,YES,NO,PREPARED,NO,ADD_RELEASE_01,Selected prepared group
TSVP-2CL,YES,YES,NO,PREPARED,NO,ADD_RELEASE_01,Selected prepared group
TSVP-3BK,YES,YES,NO,DATA_AVAILABLE,NO,DATA_ONLY,Not selected
TSVP-3KS,YES,YES,NO,DATA_AVAILABLE,NO,DATA_ONLY,Not selected
TSVP-K2CK,YES,YES,NO,DATA_AVAILABLE,NO,DATA_ONLY,Not selected
TSVP-K2CS,YES,YES,NO,DATA_AVAILABLE,NO,DATA_ONLY,Not selected
TSVP-K2KT,YES,YES,NO,DATA_AVAILABLE,NO,DATA_ONLY,Not selected
TSVP-K2ST,YES,YES,NO,DATA_AVAILABLE,NO,DATA_ONLY,Not selected
TSVP-K2V,YES,YES,NO,PREPARED,NO,ADD_RELEASE_01,Selected prepared group
TSVP-K3,YES,YES,NO,PREPARED,NO,ADD_RELEASE_01,Selected prepared group
TSVP-K4,YES,YES,NO,DATA_AVAILABLE,NO,DATA_ONLY,Not selected
TSVP-K5,YES,YES,NO,DATA_AVAILABLE,NO,DATA_ONLY,Not selected
TSVP-K5QA,YES,YES,NO,DATA_AVAILABLE,NO,DATA_ONLY,Not selected
TSVP-K6,YES,YES,NO,DATA_AVAILABLE,NO,DATA_ONLY,Not selected
TSVP-K8,YES,YES,NO,DATA_AVAILABLE,NO,DATA_ONLY,Not selected
TU06,YES,YES,NO,PREPARED,NO,ADD_RELEASE_01,Selected prepared group
TU06AD,YES,YES,NO,PREPARED,NO,DATA_ONLY,Not selected
TU06BD,YES,YES,NO,PREPARED,NO,DATA_ONLY,Not selected
TU06F,YES,YES,NO,DATA_AVAILABLE,NO,DATA_ONLY,Not selected
TU07,YES,YES,NO,PREPARED,NO,ADD_RELEASE_01,Selected prepared group
TU08,YES,YES,NO,PREPARED,NO,ADD_RELEASE_01,Selected prepared group
TU08H,YES,YES,NO,PREPARED,NO,ADD_RELEASE_01,Selected prepared group
TU09,YES,YES,NO,PREPARED,NO,ADD_RELEASE_01,Selected prepared group
TU09CK,YES,YES,NO,PREPARED,NO,ADD_RELEASE_01,Selected prepared group
TU09D,YES,YES,NO,PREPARED,NO,DATA_ONLY,Not selected
TU09E,YES,YES,NO,DATA_AVAILABLE,NO,DATA_ONLY,Not selected
TU09ET,YES,YES,NO,DATA_AVAILABLE,NO,DATA_ONLY,Not selected
TU09F,YES,YES,NO,DATA_AVAILABLE,NO,DATA_ONLY,Not selected
TU09K10CK,YES,YES,NO,DATA_AVAILABLE,NO,DATA_ONLY,Not selected
TU09K2,YES,YES,NO,PREPARED,NO,ADD_RELEASE_01,Selected prepared group
TU09K2B,YES,YES,NO,DATA_AVAILABLE,NO,DATA_ONLY,Not selected
TU09K2C,YES,YES,NO,DATA_AVAILABLE,NO,DATA_ONLY,Not selected
TU09K2CK,YES,YES,NO,PREPARED,NO,DATA_ONLY,Not selected
TU09K2D,YES,YES,NO,PREPARED,NO,DATA_ONLY,Not selected
TU09K2E,YES,YES,NO,DATA_AVAILABLE,NO,DATA_ONLY,Not selected
TU09K2N,YES,YES,NO,PREPARED,NO,ADD_RELEASE_01,Selected prepared group
TU09K2NP,YES,YES,NO,DATA_AVAILABLE,NO,DATA_ONLY,Not selected
TU09K2P,YES,YES,NO,DATA_AVAILABLE,NO,DATA_ONLY,Not selected
TU09K2SA,YES,YES,NO,PREPARED,NO,DATA_ONLY,Not selected
TU09K3BCK,YES,YES,NO,PREPARED,NO,ADD_RELEASE_01,Selected prepared group
TU09K3CK,YES,YES,NO,PREPARED,NO,ADD_RELEASE_01,Selected prepared group
TU09K3D,YES,YES,NO,PREPARED,NO,DATA_ONLY,Not selected
TU09K3E,YES,YES,NO,PREPARED,NO,ADD_RELEASE_01,Selected prepared group
TU09K3GCK,YES,YES,NO,PREPARED,NO,ADD_RELEASE_01,Selected prepared group
TU09K3GD,YES,YES,NO,PREPARED,NO,DATA_ONLY,Not selected
TU09K3GM,YES,YES,NO,DATA_AVAILABLE,NO,DATA_ONLY,Not selected
TU09K3LCK,YES,YES,NO,PREPARED,NO,ADD_RELEASE_01,Selected prepared group
TU09K3PCK,YES,YES,NO,DATA_AVAILABLE,NO,DATA_ONLY,Not selected
TU09K4,YES,YES,NO,PREPARED,NO,DATA_ONLY,Not selected
TU09K4B,YES,YES,NO,DATA_AVAILABLE,NO,DATA_ONLY,Not selected
TU09K4C,YES,YES,NO,DATA_AVAILABLE,NO,DATA_ONLY,Not selected
TU09K4D,YES,YES,NO,PREPARED,NO,DATA_ONLY,Not selected
TU09K4N,YES,YES,NO,PREPARED,NO,DATA_ONLY,Not selected
TU09K4NP,YES,YES,NO,DATA_AVAILABLE,NO,DATA_ONLY,Not selected
TU09K4P,YES,YES,NO,DATA_AVAILABLE,NO,DATA_ONLY,Not selected
TU09K5CK,YES,YES,NO,PREPARED,NO,DATA_ONLY,Not selected
TU09K5D,YES,YES,NO,PREPARED,NO,DATA_ONLY,Not selected
TU09K5GM,YES,YES,NO,DATA_AVAILABLE,NO,DATA_ONLY,Not selected
TU09K5PCK,YES,YES,NO,DATA_AVAILABLE,NO,DATA_ONLY,Not selected
TU09K6,YES,YES,NO,PREPARED,NO,DATA_ONLY,Not selected
TU09K6B,YES,YES,NO,DATA_AVAILABLE,NO,DATA_ONLY,Not selected
TU09K6C,YES,YES,NO,DATA_AVAILABLE,NO,DATA_ONLY,Not selected
TU09K6D,YES,YES,NO,PREPARED,NO,DATA_ONLY,Not selected
TU09K6N,YES,YES,NO,PREPARED,NO,DATA_ONLY,Not selected
TU09K6NP,YES,YES,NO,DATA_AVAILABLE,NO,DATA_ONLY,Not selected
TU09K6P,YES,YES,NO,DATA_AVAILABLE,NO,DATA_ONLY,Not selected
TU09K7CK,YES,YES,NO,PREPARED,NO,DATA_ONLY,Not selected
TU09K7D,YES,YES,NO,PREPARED,NO,DATA_ONLY,Not selected
TU09K7GCK,YES,YES,NO,PREPARED,NO,DATA_ONLY,Not selected
TU09K7GM,YES,YES,NO,DATA_AVAILABLE,NO,DATA_ONLY,Not selected
TU09K7PCK,YES,YES,NO,DATA_AVAILABLE,NO,DATA_ONLY,Not selected
TU09K8CK,YES,YES,NO,PREPARED,NO,DATA_ONLY,Not selected
TU09K9CK,YES,YES,NO,DATA_AVAILABLE,NO,DATA_ONLY,Not selected
TU10F,YES,YES,NO,DATA_AVAILABLE,NO,DATA_ONLY,Not selected
TU118-12D,YES,YES,NO,DATA_AVAILABLE,NO,DATA_ONLY,Not selected
TU118-21D,YES,YES,NO,DATA_AVAILABLE,NO,DATA_ONLY,Not selected
TU118-4D,YES,YES,NO,DATA_AVAILABLE,NO,DATA_ONLY,Not selected
TU118-7D,YES,YES,NO,DATA_AVAILABLE,NO,DATA_ONLY,Not selected
TU118GCK,YES,YES,NO,DATA_AVAILABLE,NO,DATA_ONLY,Not selected
TU118GD,YES,YES,NO,PREPARED,NO,ADD_RELEASE_01,Selected prepared group
TU118S,YES,YES,NO,DATA_AVAILABLE,NO,DATA_ONLY,Not selected
TU118SD,YES,YES,NO,PREPARED,NO,ADD_RELEASE_01,Selected prepared group
TU12AD,YES,YES,NO,PREPARED,NO,ADD_RELEASE_01,Selected prepared group
TU12D,YES,YES,NO,PREPARED,NO,ADD_RELEASE_01,Selected prepared group
TU12NKD,YES,YES,NO,PREPARED,NO,ADD_RELEASE_01,Selected prepared group
TU15B1C2,YES,YES,NO,DATA_AVAILABLE,NO,DATA_ONLY,Not selected
TU15B1C2UV,YES,YES,NO,DATA_AVAILABLE,NO,DATA_ONLY,Not selected
TU15B2C3,YES,YES,NO,DATA_AVAILABLE,NO,DATA_ONLY,Not selected
TU15B2C3UV,YES,YES,NO,DATA_AVAILABLE,NO,DATA_ONLY,Not selected
TU15B3C4,YES,YES,NO,PREPARED,NO,ADD_RELEASE_01,Selected prepared group
TU15B3C4NK3,YES,YES,NO,DATA_AVAILABLE,NO,DATA_ONLY,Not selected
TU15F,YES,YES,NO,DATA_AVAILABLE,NO,DATA_ONLY,Not selected
TU16,YES,YES,NO,DATA_AVAILABLE,NO,DATA_ONLY,Not selected
TU17B1C2,YES,YES,NO,DATA_AVAILABLE,NO,DATA_ONLY,Not selected
TU17B2C3,YES,YES,NO,DATA_AVAILABLE,NO,DATA_ONLY,Not selected
TU18B2C3,YES,YES,NO,DATA_AVAILABLE,NO,DATA_ONLY,Not selected
TU18B3C4,YES,YES,NO,PREPARED,NO,ADD_RELEASE_01,Selected prepared group
TU19B2C2,YES,YES,NO,PREPARED,NO,ADD_RELEASE_01,Selected prepared group
TU19B2C2UV,YES,YES,NO,DATA_AVAILABLE,NO,DATA_ONLY,Not selected
TU19B3C3,YES,YES,NO,PREPARED,NO,ADD_RELEASE_01,Selected prepared group
TU20B2C3,YES,YES,NO,DATA_AVAILABLE,NO,DATA_ONLY,Not selected
TU20B3C4,YES,YES,NO,PREPARED,NO,ADD_RELEASE_01,Selected prepared group
TU2F,YES,YES,NO,DATA_AVAILABLE,NO,DATA_ONLY,Not selected
TU3F,YES,YES,NO,DATA_AVAILABLE,NO,DATA_ONLY,Not selected
TU3FD,YES,YES,NO,PREPARED,NO,DATA_ONLY,Not selected
TU4F,YES,YES,NO,DATA_AVAILABLE,NO,DATA_ONLY,Not selected
TU7F,YES,YES,NO,DATA_AVAILABLE,NO,DATA_ONLY,Not selected
TU88-4D,YES,YES,NO,DATA_AVAILABLE,NO,DATA_ONLY,Not selected
TU88-7D,YES,YES,NO,DATA_AVAILABLE,NO,DATA_ONLY,Not selected
TU88GCK,YES,YES,NO,DATA_AVAILABLE,NO,DATA_ONLY,Not selected
TU88GD,YES,YES,NO,PREPARED,NO,ADD_RELEASE_01,Selected prepared group
TU88S,YES,YES,NO,DATA_AVAILABLE,NO,DATA_ONLY,Not selected
TU88SD,YES,YES,NO,PREPARED,NO,ADD_RELEASE_01,Selected prepared group
TU981,YES,YES,NO,DATA_AVAILABLE,NO,DATA_ONLY,Not selected
TU981-2K,YES,YES,NO,DATA_AVAILABLE,NO,DATA_ONLY,Not selected
TU981-3K,YES,YES,NO,DATA_AVAILABLE,NO,DATA_ONLY,Not selected
TU981-3KD,YES,YES,NO,PREPARED,NO,DATA_ONLY,Not selected
TU982,YES,YES,NO,PREPARED,NO,DATA_ONLY,Not selected
TU982-2K,YES,YES,NO,PREPARED,NO,DATA_ONLY,Not selected
TU982-3K,YES,YES,NO,PREPARED,NO,DATA_ONLY,Not selected
TU982-3KD,YES,YES,NO,PREPARED,NO,DATA_ONLY,Not selected
TU983,YES,YES,NO,PREPARED,NO,DATA_ONLY,Not selected
TU983-2K,YES,YES,NO,PREPARED,NO,DATA_ONLY,Not selected
TU983-3K,YES,YES,NO,PREPARED,NO,DATA_ONLY,Not selected
TU983-3KP,YES,YES,NO,PREPARED,NO,ADD_RELEASE_01,Selected prepared group
TU983-3KS,YES,YES,NO,DATA_AVAILABLE,NO,DATA_ONLY,Not selected
TU984,YES,YES,NO,PREPARED,NO,DATA_ONLY,Not selected
TU984-2L,YES,YES,NO,PREPARED,NO,ADD_RELEASE_01,Selected prepared group
TU984-3K,YES,YES,NO,PREPARED,NO,ADD_RELEASE_01,Selected prepared group
TU984-3KP,YES,YES,NO,PREPARED,NO,ADD_RELEASE_01,Selected prepared group
TU984-3KS,YES,YES,NO,DATA_AVAILABLE,NO,DATA_ONLY,Not selected
TU984-4KS,YES,YES,NO,DATA_AVAILABLE,NO,DATA_ONLY,Not selected
TU985-3K,YES,YES,NO,PREPARED,NO,ADD_RELEASE_01,Selected prepared group
TU985-4K,YES,YES,NO,PREPARED,NO,ADD_RELEASE_01,Selected prepared group
TU985-4KP,YES,YES,NO,PREPARED,NO,ADD_RELEASE_01,Selected prepared group
TU986,YES,YES,NO,PREPARED,NO,ADD_RELEASE_01,Selected prepared group
TU986-3K,YES,YES,NO,PREPARED,NO,ADD_RELEASE_01,Selected prepared group
TU986-3KP,YES,YES,NO,PREPARED,NO,ADD_RELEASE_01,Selected prepared group
TU986-4K,YES,YES,NO,PREPARED,NO,ADD_RELEASE_01,Selected prepared group
TU986-4KP,YES,YES,NO,PREPARED,NO,ADD_RELEASE_01,Selected prepared group
TU986-5K,YES,YES,NO,PREPARED,NO,ADD_RELEASE_01,Selected prepared group
TU986P,YES,YES,NO,PREPARED,NO,ADD_RELEASE_01,Selected prepared group
TU991,YES,YES,NO,DATA_AVAILABLE,NO,DATA_ONLY,Not selected
TU991-2K,YES,YES,NO,DATA_AVAILABLE,NO,DATA_ONLY,Not selected
TU991-3K,YES,YES,NO,DATA_AVAILABLE,NO,DATA_ONLY,Not selected
TU992,YES,YES,NO,DATA_AVAILABLE,NO,DATA_ONLY,Not selected
TU992-2K,YES,YES,NO,DATA_AVAILABLE,NO,DATA_ONLY,Not selected
TU992-3K,YES,YES,NO,DATA_AVAILABLE,NO,DATA_ONLY,Not selected
TU994,YES,YES,NO,DATA_AVAILABLE,NO,DATA_ONLY,Not selected
TU994-2K,YES,YES,NO,DATA_AVAILABLE,NO,DATA_ONLY,Not selected
TU994-3K,YES,YES,NO,DATA_AVAILABLE,NO,DATA_ONLY,Not selected
TU996,YES,YES,NO,DATA_AVAILABLE,NO,DATA_ONLY,Not selected
TU996-2K,YES,YES,NO,DATA_AVAILABLE,NO,DATA_ONLY,Not selected
TU996-3K,YES,YES,NO,DATA_AVAILABLE,NO,DATA_ONLY,Not selected
TUTP01D,YES,YES,NO,PREPARED,NO,ADD_RELEASE_01,Selected prepared group
TVS-01C,YES,YES,NO,PREPARED,NO,ADD_RELEASE_01,Selected prepared group
TVS-02,YES,YES,NO,DATA_AVAILABLE,NO,DATA_ONLY,Not selected
TVS-1M,YES,YES,NO,DATA_AVAILABLE,NO,DATA_ONLY,Not selected
TYT01,YES,YES,NO,DATA_AVAILABLE,NO,DATA_ONLY,Not selected
TYT01I430,YES,YES,NO,DATA_AVAILABLE,NO,DATA_ONLY,Not selected
TYT01K,YES,YES,NO,DATA_AVAILABLE,NO,DATA_ONLY,Not selected
TYT02,YES,YES,NO,DATA_AVAILABLE,NO,DATA_ONLY,Not selected
TYT02I430,YES,YES,NO,DATA_AVAILABLE,NO,DATA_ONLY,Not selected
TĐBN,YES,YES,NO,PREPARED,NO,ADD_RELEASE_01,Selected prepared group
UN120CS3,YES,YES,NO,DATA_AVAILABLE,NO,DATA_ONLY,Not selected
UN120HLCS3,YES,YES,NO,DATA_AVAILABLE,NO,DATA_ONLY,Not selected
UN120SCS3,YES,YES,NO,DATA_AVAILABLE,NO,DATA_ONLY,Not selected
UN120SHLCS3,YES,YES,NO,DATA_AVAILABLE,NO,DATA_ONLY,Not selected
UN140CS3,YES,YES,NO,DATA_AVAILABLE,NO,DATA_ONLY,Not selected
UN140HLCS3,YES,YES,NO,DATA_AVAILABLE,NO,DATA_ONLY,Not selected
UN160CS3,YES,YES,NO,DATA_AVAILABLE,NO,DATA_ONLY,Not selected
UN160HLCS3,YES,YES,NO,DATA_AVAILABLE,NO,DATA_ONLY,Not selected
UN1612CS3,YES,YES,NO,DATA_AVAILABLE,NO,DATA_ONLY,Not selected
UNCPU01,YES,YES,NO,DATA_AVAILABLE,NO,DATA_ONLY,Not selected
UNCPU02,YES,YES,NO,DATA_AVAILABLE,NO,DATA_ONLY,Not selected
UNH3012CS3,YES,YES,NO,DATA_AVAILABLE,NO,DATA_ONLY,Not selected
UNHT01,YES,YES,NO,DATA_AVAILABLE,NO,DATA_ONLY,Not selected
UNMD02CS3,YES,YES,NO,DATA_AVAILABLE,NO,DATA_ONLY,Not selected
UNMD03CS3,YES,YES,NO,DATA_AVAILABLE,NO,DATA_ONLY,Not selected
UNMD04CS3,YES,YES,NO,DATA_AVAILABLE,NO,DATA_ONLY,Not selected
UNMD05CS3,YES,YES,NO,DATA_AVAILABLE,NO,DATA_ONLY,Not selected
UNMD05CS3KY,YES,YES,NO,DATA_AVAILABLE,NO,DATA_ONLY,Not selected
UNP1880CS3,YES,YES,NO,DATA_AVAILABLE,NO,DATA_ONLY,Not selected
UNTP01,YES,YES,NO,DATA_AVAILABLE,NO,DATA_ONLY,Not selected
VN01,YES,YES,NO,DATA_AVAILABLE,NO,DATA_ONLY,Not selected
VN03,YES,YES,NO,DATA_AVAILABLE,NO,DATA_ONLY,Not selected
VN04,YES,YES,NO,DATA_AVAILABLE,NO,DATA_ONLY,Not selected
VN05,YES,YES,NO,DATA_AVAILABLE,NO,DATA_ONLY,Not selected
VT1,YES,YES,NO,DATA_AVAILABLE,NO,DATA_ONLY,Not selected
VT1K,YES,YES,NO,DATA_AVAILABLE,NO,DATA_ONLY,Not selected
VT2,YES,YES,NO,DATA_AVAILABLE,NO,DATA_ONLY,Not selected
VT3,YES,YES,NO,DATA_AVAILABLE,NO,DATA_ONLY,Not selected
VT3B,YES,YES,NO,DATA_AVAILABLE,NO,DATA_ONLY,Not selected
VT5,YES,YES,NO,DATA_AVAILABLE,NO,DATA_ONLY,Not selected
VT532,YES,YES,NO,DATA_AVAILABLE,NO,DATA_ONLY,Not selected
VT532B,YES,YES,NO,DATA_AVAILABLE,NO,DATA_ONLY,Not selected
VT532BX,YES,YES,NO,DATA_AVAILABLE,NO,DATA_ONLY,Not selected
VT6,YES,YES,NO,DATA_AVAILABLE,NO,DATA_ONLY,Not selected
VT6B,YES,YES,NO,DATA_AVAILABLE,NO,DATA_ONLY,Not selected
W070,YES,YES,NO,PREPARED,NO,DATA_ONLY,Not selected
W090,YES,YES,NO,PREPARED,NO,DATA_ONLY,Not selected
W118,YES,YES,NO,PREPARED,NO,DATA_ONLY,Not selected
XD,YES,YES,NO,PREPARED,NO,DATA_ONLY,Not selected
XD03,YES,YES,NO,DATA_AVAILABLE,NO,DATA_ONLY,Not selected
XDC01,YES,YES,NO,DATA_AVAILABLE,NO,DATA_ONLY,Not selected
XE01,YES,YES,NO,DATA_AVAILABLE,NO,DATA_ONLY,Not selected
XE3T01I,YES,YES,NO,DATA_AVAILABLE,NO,DATA_ONLY,Not selected
XED01,YES,YES,NO,DATA_AVAILABLE,NO,DATA_ONLY,Not selected
XL,YES,YES,NO,PREPARED,NO,DATA_ONLY,Not selected
XS01,YES,YES,NO,DATA_AVAILABLE,NO,DATA_ONLY,Not selected

